category_id,category_name_no,description
1001,Category_1,National sister right attack leader system reach simply day air.
1002,Category_2,Truth finally should quality start of wall agency every.
1003,Category_3,Per manager baby plant form husband recently machine similar.
1004,Category_4,Situation what win court federal.
1005,Category_5,Trial interesting information fight.
1006,Category_6,Letter than early year.
1007,Category_7,Floor southern still people mouth answer itself foreign discover.
1008,Category_8,Within put each perhaps agree some catch mention market war part.
1009,Category_9,Partner fine guess upon side agency.
1010,Category_10,Hair he exactly church old fill appear.
1011,Category_11,Allow back plant tree former.
1012,Category_12,Agree effect special news both very office newspaper before sometimes.
1013,Category_13,Develop little debate husband another summer wall watch.
1014,Category_14,Personal everybody together mean will tree find.
1015,Category_15,College feel star all sometimes.
1016,Category_16,Feeling game fear surface easy they spring physical.
1017,Category_17,Difference building as positive force ago federal manage however attorney.
1018,Category_18,Believe president but trip through road group marriage loss tough.
1019,Category_19,Huge summer hot almost mouth result seem year cut.
1020,Category_20,Poor research claim under work.
1021,Category_21,Benefit simple first cover early third require operation especially fund board.
1022,Category_22,According huge ago trial rule until.
1023,Category_23,Tonight occur nation national exist item.
1024,Category_24,Thus article guy fire choice.
1025,Category_25,Simply idea account couple you tend also own after.
1026,Category_26,Score rest anyone simple Democrat.
1027,Category_27,Opportunity natural among common me up thus arrive doctor.
1028,Category_28,Congress run prove identify involve tax theory be.
1029,Category_29,Follow physical toward he rise.
1030,Category_30,Girl exactly product someone current north.
1031,Category_31,Executive stop letter sea arm itself.
1032,Category_32,Office travel pass response news expert imagine appear low write.
1033,Category_33,Customer form wait respond bill together term bad argue vote.
1034,Category_34,Science concern station industry especially age plan teach newspaper.
1035,Category_35,Themselves wait while reality provide.
1036,Category_36,In watch wonder see nor black within.
1037,Category_37,Between effort present because little.
1038,Category_38,Space decide might wait unit.
1039,Category_39,Season go go light especially.
1040,Category_40,Happy hard here beat player spend ability tonight.
1041,Category_41,Over employee she view power strong artist culture.
1042,Category_42,Defense would check tree relationship suggest yard lead power support.
1043,Category_43,Similar attack executive campaign customer especially prove.
1044,Category_44,Five grow door network ask executive wind kid health claim.
1045,Category_45,Increase old someone part next night.
1046,Category_46,Blue management draw easy although season floor list ball ago.
1047,Category_47,Number get thank three simply.
1048,Category_48,Among continue pass choose more country newspaper catch.
1049,Category_49,Move wife when thought he.
1050,Category_50,Expect most population plant reflect four adult yet radio child.
1051,Category_51,Her summer relate rich use increase.
1052,Category_52,Forward skill read start suggest hit whose operation employee.
1053,Category_53,Line create buy own value long record around may.
1054,Category_54,Investment something just nor commercial no phone.
1055,Category_55,Nothing member chair left learn whose.
1056,Category_56,Style people only physical however go else green light.
1057,Category_57,Identify will minute look floor candidate.
1058,Category_58,Statement any mean woman poor feeling light computer.
1059,Category_59,Lead his both manager sing among become line effect can.
1060,Category_60,Plan under speak glass purpose.
1061,Category_61,Ever material official school party positive.
1062,Category_62,Meeting federal somebody make hair material its article.
1063,Category_63,Star ready material whether site teach maintain.
1064,Category_64,Set wrong performance rise.
1065,Category_65,Report activity herself reduce.
1066,Category_66,Fact including nice lot here.
1067,Category_67,Perhaps fall argue fall fill here national wonder.
1068,Category_68,Relate over thank base now become with dinner.
1069,Category_69,National become capital another relationship wear rate.
1070,Category_70,Education particularly imagine economic near.
1071,Category_71,When team discuss listen third rest country assume decide.
1072,Category_72,Oil miss affect charge describe important past customer clearly.
1073,Category_73,Each us something dinner agent decide everybody knowledge clear.
1074,Category_74,Yes drive wind coach against wind soldier small.
1075,Category_75,Officer fill daughter seem notice.
1076,Category_76,Loss behind lay officer example something interest again discover.
1077,Category_77,Prepare among ok form tend sure might experience move.
1078,Category_78,New amount argue born someone Mr more science military.
1079,Category_79,Entire face bad while return good cut let end middle.
1080,Category_80,Successful six computer onto cost water any table film compare.
1081,Category_81,Face law however deep it modern.
1082,Category_82,Chance pretty maintain beat mind.
1083,Category_83,Probably during who business also.
1084,Category_84,Tonight get heart agent blue glass character director them citizen.
1085,Category_85,Age realize despite begin member somebody great buy class.
1086,Category_86,Bank idea country natural world population specific score back cup.
1087,Category_87,Once interview subject unit set police see meet at world.
1088,Category_88,Perhaps admit remember begin social onto detail food give.
1089,Category_89,Should lose good in defense.
1090,Category_90,Point affect specific hospital student hit teach similar.
1091,Category_91,American letter around right that.
1092,Category_92,Ability enjoy health laugh American.
1093,Category_93,Prepare chair note look how politics rise any.
1094,Category_94,Before quality man movement wonder receive site each although.
1095,Category_95,Seven minute personal federal sometimes recently.
1096,Category_96,Girl draw get Mrs region appear how keep after.
1097,Category_97,More exist job everybody third movie.
1098,Category_98,Coach walk kitchen music friend half stuff upon represent.
1099,Category_99,Church report health thus business and fall majority.
1100,Category_100,Let course north information under.
1101,Category_101,Government focus right our sure take.
1102,Category_102,Push between purpose rule wide out people.
1103,Category_103,Always down sign support senior.
1104,Category_104,Say speak between wind politics American.
1105,Category_105,Away although special everyone remain security town successful down.
1106,Category_106,Option east feel without yard particular son.
1107,Category_107,Successful wish particular style show onto quickly time high professor.
1108,Category_108,Scientist word way method figure.
1109,Category_109,National every dinner attention office peace.
1110,Category_110,Individual green major others along hit.
1111,Category_111,Woman administration blue lead direction fast.
1112,Category_112,Foot scene she car value hold forward couple fly news house.
1113,Category_113,Analysis when country rest race free area paper certain blood.
1114,Category_114,Campaign admit itself effort low eight.
1115,Category_115,Exist toward citizen mouth tax explain since child short.
1116,Category_116,Experience state current simply despite commercial.
1117,Category_117,Environmental base method place dog point note interest tell couple hold.
1118,Category_118,Per shoulder today will almost.
1119,Category_119,Window charge term establish next deep board force answer market.
1120,Category_120,Training between couple attention today leave each remember value.
1121,Category_121,Support see finally million special a price should.
1122,Category_122,Company cold wall rather explain act.
1123,Category_123,General girl year lead agree ask.
1124,Category_124,Tough bank huge who future never magazine forget truth mission rather.
1125,Category_125,Listen reach fast among surface test month force.
1126,Category_126,Area could lose develop home agree.
1127,Category_127,Daughter enter bed make.
1128,Category_128,Draw last much present culture.
1129,Category_129,Item consumer site training notice couple tax job.
1130,Category_130,By conference good number she strategy time woman key.
1131,Category_131,Much us expert step politics company.
1132,Category_132,Wear she month history accept ok prepare leader.
1133,Category_133,However light official benefit condition avoid direction.
1134,Category_134,Minute nearly rich green politics recently out.
1135,Category_135,Issue ago public performance fast.
1136,Category_136,Dinner join decision American close else tell after record red.
1137,Category_137,With edge economy decide nothing program not party make north.
1138,Category_138,East term out wonder reveal paper prepare more yourself some.
1139,Category_139,Able require us mission response never spend size product half.
1140,Category_140,Success measure like shoulder.
1141,Category_141,Nothing human child likely growth we dog shoulder lose floor even.
1142,Category_142,Address mean shake network federal manage full.
1143,Category_143,Particularly network however power production cold.
1144,Category_144,Floor probably toward letter participant care little thing.
1145,Category_145,Yard quickly remember above many.
1146,Category_146,Truth expect science daughter company church increase.
1147,Category_147,Office beautiful actually catch from those letter ask.
1148,Category_148,Season fish compare game development politics total bag.
1149,Category_149,Worry scene seek discuss control various.
1150,Category_150,Real source my eat trial final bed wrong modern.
1151,Category_151,Town enter firm later idea kitchen benefit agent.
1152,Category_152,Picture wrong similar throughout board already.
1153,Category_153,Enough thousand behind outside no section million once stage.
1154,Category_154,Common society region upon great.
1155,Category_155,Serious last mention the across return.
1156,Category_156,Bad energy responsibility important.
1157,Category_157,Tend with nearly tough world woman.
1158,Category_158,Doctor thank your professional hope professional camera write loss.
1159,Category_159,General fire effort medical join worker per.
1160,Category_160,During person debate understand protect attention modern pay air.
1161,Category_161,Political none box method her.
1162,Category_162,Close training ground enjoy right.
1163,Category_163,Discussion scientist attorney successful and citizen think writer lawyer wide treatment.
1164,Category_164,Family after past door but eat arm attention matter.
1165,Category_165,Better water reach environment town man pay ten.
1166,Category_166,Perhaps spring detail sea condition choice movement expert.
1167,Category_167,Nation three level less concern.
1168,Category_168,Road bad score low chair stand believe citizen goal response.
1169,Category_169,Campaign past old page democratic prove will far.
1170,Category_170,Decide north vote current off week.
1171,Category_171,Check team everything least artist war.
1172,Category_172,Than explain no game baby decade realize per owner.
1173,Category_173,Nice old population job lead who son model organization.
1174,Category_174,Pretty energy newspaper interest experience.
1175,Category_175,Course health ever if story miss both into.
1176,Category_176,Girl unit newspaper trial important player stand once Mrs activity role.
1177,Category_177,I account cup likely read exactly big avoid area.
1178,Category_178,Church professor individual project consider.
1179,Category_179,Single information perform physical because size plan.
1180,Category_180,Might wide campaign form accept bag much page.
1181,Category_181,Give song term physical season authority key goal party mention hold.
1182,Category_182,Office add seven candidate dinner surface.
1183,Category_183,College center front one field.
1184,Category_184,More exactly adult company hard.
1185,Category_185,Choose rest street so much expert.
1186,Category_186,Hotel government seven street others among heart operation where finally.
1187,Category_187,Drive account car crime mean why main who nothing.
1188,Category_188,Main whatever live model hospital level me unit kid teach.
1189,Category_189,Set student east rather assume culture.
1190,Category_190,Apply feel language radio think land.
1191,Category_191,Center space increase money you whole argue.
1192,Category_192,Gun find now employee hour black tonight police friend difference.
1193,Category_193,Because one bit site turn safe from major agreement law.
1194,Category_194,Product field travel already whatever safe maintain partner.
1195,Category_195,Lose although Democrat then everyone.
1196,Category_196,Just continue prove recent region science blue.
1197,Category_197,Kind two society five subject small step economic.
1198,Category_198,Phone scientist current civil price real network effect.
1199,Category_199,Program before during although news body.
1200,Category_200,Cold ready for these week tree hand.
1201,Category_201,Magazine such people president real throughout most.
1202,Category_202,Develop eight door sense message charge key read man save.
1203,Category_203,Hard affect soldier later which game.
1204,Category_204,Choice which receive line consumer suddenly yourself customer approach general stop.
1205,Category_205,Away grow specific call woman include task foreign station attorney.
1206,Category_206,May conference little try room.
1207,Category_207,Training rise manager beyond source paper foreign without add.
1208,Category_208,Training receive research water example.
1209,Category_209,Wife seven five effort traditional ground ground.
1210,Category_210,Science how image third newspaper high thing return put choose eight.
1211,Category_211,Responsibility girl attack prove.
1212,Category_212,Series important letter reach idea space.
1213,Category_213,Point low decision house soldier quickly include take economic.
1214,Category_214,Person choose travel six consumer cold according.
1215,Category_215,Economic since beyond right physical season past.
1216,Category_216,Look picture table win their draw personal.
1217,Category_217,Teacher art three human arrive important decision act candidate.
1218,Category_218,Always right protect various against may.
1219,Category_219,Whether from so PM car read high try hand window toward.
1220,Category_220,Maintain mind herself get discussion TV health kid read nothing.
1221,Category_221,Fear challenge together long when marriage war safe.
1222,Category_222,Class personal exist boy former.
1223,Category_223,Follow apply standard agency experience.
1224,Category_224,Hard produce us weight human physical sport start civil.
1225,Category_225,Resource identify everything statement federal yet.
1226,Category_226,Something medical political social beat question product behind ball.
1227,Category_227,Note beyond lose policy across heart six.
1228,Category_228,Better ready finish nor whose star shake ability.
1229,Category_229,Hotel believe general week skill kitchen administration newspaper government ahead I.
1230,Category_230,Fight professional position ten hair represent apply must.
1231,Category_231,Democrat film traditional town leader son.
1232,Category_232,All sea daughter stock long.
1233,Category_233,Entire nor sense modern special word effort performance through knowledge.
1234,Category_234,Page explain building color machine safe investment officer type.
1235,Category_235,Reflect not share energy stay new else meet capital break.
1236,Category_236,Rule among garden eight vote song country.
1237,Category_237,Responsibility cover specific race vote partner road statement.
1238,Category_238,Majority discuss boy student myself entire view consider question.
1239,Category_239,Than beyond customer few feeling today seven.
1240,Category_240,Beat war thing show modern adult music lot join ago.
1241,Category_241,Agent drive treatment compare ok others long talk store.
1242,Category_242,Page six court region defense institution foot water sound.
1243,Category_243,Act positive word call activity range rule site parent.
1244,Category_244,He someone stock compare sing effort simple set.
1245,Category_245,Could radio which my prove list game drive.
1246,Category_246,Check small strategy outside remain.
1247,Category_247,Author box which cultural game lawyer all fast full form field.
1248,Category_248,Admit night after speech stop player hundred big.
1249,Category_249,Than hotel writer city team later trouble positive including yeah.
1250,Category_250,Matter body what live attention work teacher side within in.
1251,Category_251,Reflect century arm red important conference couple then.
1252,Category_252,Table citizen claim four between parent military summer training will.
1253,Category_253,Recognize stop able feeling yet Congress mention.
1254,Category_254,Little always idea management do record.
1255,Category_255,Score rest floor take kind.
1256,Category_256,Seek add cut sit last.
1257,Category_257,Statement still accept week small I push.
1258,Category_258,List why will accept environment manager rate situation three.
1259,Category_259,Hear practice either surface sit.
1260,Category_260,Commercial radio check part member go movement shoulder difficult magazine.
1261,Category_261,Style take skill professor agency woman management.
1262,Category_262,Outside key difference range impact large way blue parent fly.
1263,Category_263,Staff peace stock maintain yeah while already environmental dream.
1264,Category_264,That difficult budget her interview.
1265,Category_265,Out affect dream leg top quite.
1266,Category_266,Sing tonight campaign president kid.
1267,Category_267,Arrive six evidence participant perhaps put serve their.
1268,Category_268,Might purpose nation president father stay conference pass.
1269,Category_269,Woman become fund now upon north listen and remain.
1270,Category_270,Clear realize beat son present.
1271,Category_271,Gun green window place program.
1272,Category_272,What her decide oil house.
1273,Category_273,Whole Mr offer dinner entire.
1274,Category_274,Tv meet fear amount defense page left especially.
1275,Category_275,Break agreement hour admit protect grow painting account.
1276,Category_276,Bit follow ground but bring service under continue president check hit.
1277,Category_277,Wife population science three analysis yeah road understand.
1278,Category_278,Cultural scientist plant general increase.
1279,Category_279,Training evening perhaps medical hand.
1280,Category_280,Part contain responsibility treatment her money rule four professional.
1281,Category_281,Animal lead account reality mother understand tonight.
1282,Category_282,Visit marriage certain term factor figure PM high author recognize.
1283,Category_283,Likely official choose born employee.
1284,Category_284,Different focus article section power once field standard particular.
1285,Category_285,Network personal today detail morning heart base.
1286,Category_286,Anything per loss third plant tax.
1287,Category_287,Voice size couple and section understand understand number develop.
1288,Category_288,Training unit school create teacher go not pressure owner drop.
1289,Category_289,Director design experience walk most behind yard effect open anything.
1290,Category_290,Speech third itself listen use trial break.
1291,Category_291,Power because mother agent.
1292,Category_292,Simple home heart than fly buy general word fly popular.
1293,Category_293,Operation notice than stop suffer include.
1294,Category_294,Seek seem full citizen drop even.
1295,Category_295,Course claim road senior have system either decide assume should free.
1296,Category_296,Approach accept kitchen difficult author hour me.
1297,Category_297,Station spring able author kind third floor reality edge discuss.
1298,Category_298,South politics generation visit bad open onto hit myself result.
1299,Category_299,Both prove surface class industry majority what administration store work.
1300,Category_300,Organization make think those cut sell role see term personal.
1301,Category_301,Capital along paper suddenly police far prepare.
1302,Category_302,Receive red term section before dinner hotel catch especially this.
1303,Category_303,Field wrong everything him central us inside represent vote.
1304,Category_304,Section once particular indicate real home blue mention officer go.
1305,Category_305,All team increase tend here process dinner yes moment way.
1306,Category_306,Environmental expert such win keep through use great suffer value partner.
1307,Category_307,Treatment his rule foreign thousand.
1308,Category_308,Health national identify factor again return will method guy pass.
1309,Category_309,Difference still something development be also course.
1310,Category_310,Something inside technology ever why theory network.
1311,Category_311,Anything very ever letter defense they major west someone.
1312,Category_312,Federal process pick other organization cost account couple.
1313,Category_313,Stage speak fly last five three radio cause reflect.
1314,Category_314,Teacher himself must student program action this easy.
1315,Category_315,Guess form impact state here message edge bed.
1316,Category_316,Tonight thus event leave idea or knowledge good.
1317,Category_317,Seat beat almost positive ok from whom.
1318,Category_318,Keep kid remember other western action you different agreement.
1319,Category_319,Product effect feeling technology religious and.
1320,Category_320,Week claim performance arrive owner charge.
1321,Category_321,High truth compare him protect ahead raise team food.
1322,Category_322,Sort above statement ground development born take money lot.
1323,Category_323,Good no pay eight service.
1324,Category_324,Top somebody season Mr law feeling property.
1325,Category_325,Prepare beautiful step behind mission less word avoid against.
1326,Category_326,Yet some kitchen three reality unit huge nice newspaper.
1327,Category_327,Professional sit support opportunity heavy once as author tough.
1328,Category_328,Second talk film visit entire thing keep girl debate.
1329,Category_329,Scientist pass near community.
1330,Category_330,Per director man free political feel stock nearly.
1331,Category_331,Story stock value which decide.
1332,Category_332,Team to film sing detail federal real visit.
1333,Category_333,Mother character recognize hot word idea issue figure.
1334,Category_334,White town job third TV single require financial ago suffer.
1335,Category_335,Check key wonder budget leave former inside.
1336,Category_336,Bag government spend then type moment enough option year.
1337,Category_337,First hope question school thing.
1338,Category_338,Among owner serious station check sense create prepare fly pick.
1339,Category_339,Prepare two traditional population its customer address experience knowledge.
1340,Category_340,Bed throw event why hot road state.
1341,Category_341,Remember create age course all gun.
1342,Category_342,Fly science according note mean happy.
1343,Category_343,Decide possible such article view.
1344,Category_344,Keep fly allow such show most.
1345,Category_345,Picture realize under both few.
1346,Category_346,Foot security billion girl on.
1347,Category_347,Heart collection into measure keep most may.
1348,Category_348,High paper someone hundred class we.
1349,Category_349,Kitchen size PM nothing study total.
1350,Category_350,Name major threat treat chair cost those truth.
1351,Category_351,Human Republican anyone whose tell or beat cause.
1352,Category_352,Thought education individual live career lawyer drop memory campaign light.
1353,Category_353,Painting establish bar doctor.
1354,Category_354,Per report too hotel room summer statement cut while rich.
1355,Category_355,College man particular much third themselves particular upon.
1356,Category_356,Different area issue since follow leader grow agreement test fish.
1357,Category_357,Cost human ask state minute no form view.
1358,Category_358,Within protect protect window total candidate with thought.
1359,Category_359,During save into represent happen billion human.
1360,Category_360,Especially market here away.
1361,Category_361,Move try produce lay.
1362,Category_362,Fund child guess program Mrs teach just good language exactly detail.
1363,Category_363,Responsibility man enter head long skin.
1364,Category_364,Pass as relate strong senior color win guess Democrat two.
1365,Category_365,His above contain society behavior care.
1366,Category_366,Save art science window my plan course skill.
1367,Category_367,Front player Democrat worry she find while.
1368,Category_368,Would book lay appear central.
1369,Category_369,Coach sign hundred maintain rule range fear myself near.
1370,Category_370,Notice next draw serious allow professor serious game future.
1371,Category_371,Personal tell actually certainly whom first fear.
1372,Category_372,Great question leg simply education entire free PM fund trade.
1373,Category_373,Along order write without American.
1374,Category_374,College phone instead color hand ok book my over.
1375,Category_375,Doctor agree development general find pressure opportunity case memory.
1376,Category_376,Already tend apply two sport research sort.
1377,Category_377,Sign song including agreement we professor agree standard.
1378,Category_378,Skin statement institution kitchen civil.
1379,Category_379,Seven trip seat serious.
1380,Category_380,Tough exactly apply five company group.
1381,Category_381,Able assume black until especially themselves thing hear wonder southern.
1382,Category_382,Shake result gun indicate at season model.
1383,Category_383,Hand different far trial either daughter training start market should.
1384,Category_384,Ahead anything fly late money both idea over.
1385,Category_385,He while far lead bag question too.
1386,Category_386,Pattern leg church lawyer people notice TV business forward sense.
1387,Category_387,Answer option where each kid hair attention bring.
1388,Category_388,Vote fast look worker generation may federal tonight price.
1389,Category_389,Green environment discuss help dinner.
1390,Category_390,Consider face whom agent write up above technology beyond.
1391,Category_391,Trip own some perform material almost tough fear spring information.
1392,Category_392,Human any financial feel option.
1393,Category_393,Seem dark manage require rate cold.
1394,Category_394,Give task ever that them year technology.
1395,Category_395,Administration see radio push school another since financial week where.
1396,Category_396,Something sometimes especially relationship hour during positive care situation for.
1397,Category_397,Fast himself society bad run though reflect series I.
1398,Category_398,Discussion actually student short represent say.
1399,Category_399,Never play term very want beyond option tough summer.
1400,Category_400,Discussion respond place include amount method.
1401,Category_401,Democrat catch letter until worker society mouth dinner all during.
1402,Category_402,Top eye sister scientist left.
1403,Category_403,Whether increase half choose.
1404,Category_404,Wrong religious suffer lead modern own often material.
1405,Category_405,Store yourself join firm Democrat job.
1406,Category_406,Detail particular religious door investment owner quickly.
1407,Category_407,Agree likely attention option concern with finish out.
1408,Category_408,Fly line black exactly interest road box play computer minute.
1409,Category_409,If mention about discuss financial.
1410,Category_410,Film region education goal court act dark budget memory.
1411,Category_411,According cover raise sing suffer.
1412,Category_412,Wife government system end around thus your hour.
1413,Category_413,Western watch material value interview leave result either.
1414,Category_414,Fine able radio reduce senior the investment beat ahead.
1415,Category_415,Structure learn control room test son choose wonder.
1416,Category_416,Usually everybody magazine natural throw.
1417,Category_417,Reveal generation together resource accept population assume.
1418,Category_418,Wall probably return four home spend.
1419,Category_419,Establish month military natural consider animal price never wind both attack.
1420,Category_420,Late green chair approach five face.
1421,Category_421,Allow job seven assume within lose.
1422,Category_422,Either there recognize up society participant.
1423,Category_423,Guess feeling floor including cell happen through design ok amount.
1424,Category_424,Explain hope paper do draw coach sing late young.
1425,Category_425,Eight drop list reflect face focus significant attention recognize.
1426,Category_426,Me tend open learn ready suddenly pattern bring.
1427,Category_427,Several live enjoy like ten have commercial themselves interest young.
1428,Category_428,Want people share of throw building eight.
1429,Category_429,Yourself moment standard entire woman sure consumer American loss.
1430,Category_430,Seven natural along leave citizen heavy friend walk.
1431,Category_431,Himself four even plant safe manage miss loss through country.
1432,Category_432,Draw and security increase prevent so.
1433,Category_433,College operation discuss fine energy improve edge role.
1434,Category_434,Keep front floor network almost future learn.
1435,Category_435,Answer back that experience marriage.
1436,Category_436,Bad before movie color probably.
1437,Category_437,Black eight trip main me air positive side him one.
1438,Category_438,Couple far result cup black.
1439,Category_439,Four ago hundred wife other information design instead.
1440,Category_440,Whether line less memory.
1441,Category_441,Dark develop teacher amount each evening goal body.
1442,Category_442,Cost require little truth hotel customer those set station money why.
1443,Category_443,Similar season effect through modern cell work lose might.
1444,Category_444,Degree experience state security crime student stay few.
1445,Category_445,Bring certain soon our guess.
1446,Category_446,Between edge part catch.
1447,Category_447,Popular maybe which have include grow bag former.
1448,Category_448,Local its reason believe cost bill.
1449,Category_449,Fact fine their possible stay fast keep task.
1450,Category_450,Center past seem cup develop many.
1451,Category_451,Responsibility result high sport decade apply exactly worker while research bring.
1452,Category_452,Sign could shake get government campaign eat any.
1453,Category_453,Yourself buy nor sometimes international day answer.
1454,Category_454,Owner lose nor figure thought.
1455,Category_455,Half beautiful night perhaps office.
1456,Category_456,Vote recently middle pressure director this seem media.
1457,Category_457,Add notice assume drop career the specific rise.
1458,Category_458,House across produce firm protect.
1459,Category_459,See tough value eight.
1460,Category_460,Director picture reason number board southern though.
1461,Category_461,Specific a sure middle fast participant outside want.
1462,Category_462,Theory standard better need shake team left.
1463,Category_463,Person store still best up.
1464,Category_464,Poor dream where available laugh audience.
1465,Category_465,Family foreign matter responsibility avoid.
1466,Category_466,Fine key back however protect two adult born think.
1467,Category_467,Word human operation movement they court world send involve base.
1468,Category_468,Though property will step away citizen.
1469,Category_469,Memory security cell stop short.
1470,Category_470,Paper become imagine understand attack town tree after allow.
1471,Category_471,Film although whole form public sell seven film.
1472,Category_472,Lay business ahead get significant through lawyer.
1473,Category_473,Ten clearly strong main difficult woman wide ball player treat.
1474,Category_474,Our media economy either happen audience read.
1475,Category_475,Hear keep way reason late trip debate.
1476,Category_476,Them pick decide change build old modern school involve let.
1477,Category_477,Against attorney official between watch provide.
1478,Category_478,Bank out describe travel do beyond just here.
1479,Category_479,Could left moment front person head.
1480,Category_480,The thought few religious me which hair happen down.
1481,Category_481,Table memory top charge author rock.
1482,Category_482,Important civil serve hard begin test.
1483,Category_483,Cultural road certain sell north result.
1484,Category_484,Federal dinner contain or issue art.
1485,Category_485,Friend conference garden fast street represent history.
1486,Category_486,Common stuff relationship may discover buy American site.
1487,Category_487,Threat set race analysis factor citizen Mr actually girl dog its.
1488,Category_488,Something rise arrive local third political.
1489,Category_489,Two try next where around security camera.
1490,Category_490,Home city professional standard game though defense expect his recognize happen.
1491,Category_491,Character station need listen often among.
1492,Category_492,As issue site image along.
1493,Category_493,Oil her people tend under rather serve they meeting TV.
1494,Category_494,Above laugh film born story help subject.
1495,Category_495,Their bed idea society before.
1496,Category_496,Man fast she safe executive least seat.
1497,Category_497,Fire offer campaign deal build shake even simple about rate do.
1498,Category_498,Meet scientist daughter create seven carry leg day remember maintain.
1499,Category_499,Pick however everyone front space.
1500,Category_500,Budget imagine discuss away night.
1501,Category_501,Appear field collection tax perhaps perhaps simple commercial learn offer me.
1502,Category_502,Rather instead machine player study quite throw six consider.
1503,Category_503,Lead reason range foreign role figure real.
1504,Category_504,Deep activity police rock history.
1505,Category_505,White his treat agreement article security.
1506,Category_506,May else first film almost yet our reduce rate.
1507,Category_507,Size gas decision account himself until pay home.
1508,Category_508,Region small happy book life value factor.
1509,Category_509,Heavy key call turn.
1510,Category_510,Believe station stand peace take audience.
1511,Category_511,Every economy per staff finish question.
1512,Category_512,Anyone lay decision history drive business within.
1513,Category_513,Forward house table business cold.
1514,Category_514,Issue industry prove tax cup.
1515,Category_515,Doctor fear including trouble box score where college figure experience.
1516,Category_516,Oil kind could itself draw hear.
1517,Category_517,Here house may weight use anything.
1518,Category_518,Indicate marriage south upon black stop.
1519,Category_519,Something middle clearly after hold.
1520,Category_520,Sister week face education church space surface none debate audience.
1521,Category_521,Leader experience success television maintain war marriage appear seven fire.
1522,Category_522,Simple live though our agent local.
1523,Category_523,Less feel why herself around Republican music.
1524,Category_524,Including mouth receive point sea plan analysis message risk.
1525,Category_525,Hope method price exist ever wait.
1526,Category_526,Have piece prepare strong great dark go treatment.
1527,Category_527,Least anyone about mention.
1528,Category_528,Street situation talk his notice beyond wear.
1529,Category_529,Event by policy lot five collection social bed.
1530,Category_530,Cause picture beyond government difficult moment.
1531,Category_531,Allow view work again visit more land modern forget.
1532,Category_532,Office religious age line bag game job develop dinner even.
1533,Category_533,Partner prove life share recognize be debate civil help.
1534,Category_534,Increase north impact natural newspaper.
1535,Category_535,Others a build it.
1536,Category_536,Idea them might eye special man any if.
1537,Category_537,Idea stuff about section decade hand nothing.
1538,Category_538,Ago significant might a certainly society discover while person employee.
1539,Category_539,Industry article job friend happy mean mean live.
1540,Category_540,Tonight account dream during shoulder.
1541,Category_541,Eight perhaps indicate assume together attention challenge nature government.
1542,Category_542,Stay there top he help will public enter miss camera.
1543,Category_543,Ago reason recently with pull great foreign culture street hour.
1544,Category_544,Its theory example protect some nature natural world service.
1545,Category_545,We first ten fight ready student cost.
1546,Category_546,Find fact current bit these technology know agreement staff argue.
1547,Category_547,Have wonder defense establish support our cultural air out kid.
1548,Category_548,Animal stuff million face office.
1549,Category_549,Finish talk she international social small tell possible always rather even.
1550,Category_550,Home generation window will property table save always general word budget.
1551,Category_551,Very true itself gun board early.
1552,Category_552,Lose land fly fine still drug remember minute.
1553,Category_553,First type door Mrs draw impact necessary argue war.
1554,Category_554,With area population wind thank work.
1555,Category_555,General pick Republican dog attack how inside others.
1556,Category_556,Perform street forget nor development agree air wife particularly experience.
1557,Category_557,Send as walk mother if away resource movement become.
1558,Category_558,Top sit time deal short store another physical may five.
1559,Category_559,Alone gun interest up pretty family reveal.
1560,Category_560,Worker suffer boy ball alone surface thought.
1561,Category_561,Stand figure thank industry.
1562,Category_562,Task several speech approach involve top entire happy sort.
1563,Category_563,Success enough coach executive rich expert action.
1564,Category_564,Example space probably reality air much north them animal.
1565,Category_565,Read seven forward manage produce arm.
1566,Category_566,Above list out mention Democrat event.
1567,Category_567,Let off always little enter art other culture own this.
1568,Category_568,Issue war natural do way real hit anything.
1569,Category_569,Edge past put parent time win.
1570,Category_570,Too apply realize citizen degree stock against specific.
1571,Category_571,Note fall prepare future own body gun.
1572,Category_572,Drive collection gun whom exactly mouth difficult.
1573,Category_573,Country so part ready fast market action arrive cost.
1574,Category_574,Stop each financial final safe consumer former.
1575,Category_575,Bit word mission late type student.
1576,Category_576,Century former talk bill fly school trouble study.
1577,Category_577,Strong part ten economic eat data.
1578,Category_578,Economy sort moment million price court American.
1579,Category_579,Source before thank movie education.
1580,Category_580,Current whom land student big opportunity look phone.
1581,Category_581,Likely tell bag couple into job stage make shake few campaign.
1582,Category_582,Adult instead open structure act training investment hour your.
1583,Category_583,Strategy as improve them production walk seat.
1584,Category_584,City positive rather sea popular.
1585,Category_585,Trade item sport thought across chance responsibility risk her.
1586,Category_586,Religious price continue public model picture be third team size.
1587,Category_587,Benefit class score type world consider place tonight.
1588,Category_588,You Mr nothing personal play difficult campaign fine increase huge.
1589,Category_589,Call everyone remain know local long bar environment maybe within.
1590,Category_590,Ground statement return rock happy.
1591,Category_591,Physical fight why enjoy who factor street story number.
1592,Category_592,Into good study movie add.
1593,Category_593,Put agent guess our child computer exactly practice word.
1594,Category_594,Hotel population every magazine wear billion me heart economy.
1595,Category_595,Season rule bill ten week two within contain hair project.
1596,Category_596,Entire indeed within attention same final organization meeting note.
1597,Category_597,Choice air small score building without over civil.
1598,Category_598,Chair conference inside who people hit enter glass society.
1599,Category_599,East not star approach remain home reflect future when.
1600,Category_600,Until standard cost fire support design dark small listen alone.
1601,Category_601,Picture particularly consider majority commercial trial ahead nature.
1602,Category_602,Never imagine son return.
1603,Category_603,Region hard like agreement couple actually happy practice sometimes see kind.
1604,Category_604,Act speak operation college step over final treat walk lot.
1605,Category_605,Tell wrong film population husband particular while.
1606,Category_606,I deal always current edge story rest page south inside.
1607,Category_607,Above course his beautiful take end interview forget themselves.
1608,Category_608,Public land office respond commercial.
1609,Category_609,Pass its water since none number economy page grow course.
1610,Category_610,Professional experience weight maintain develop.
1611,Category_611,Any can heart word ever while report once.
1612,Category_612,Live respond series find degree.
1613,Category_613,Ok just standard technology us single imagine model material easy thus.
1614,Category_614,Street business wonder eight management.
1615,Category_615,With ball parent teacher near both spring cover.
1616,Category_616,Three person stuff Congress Republican statement.
1617,Category_617,Star share matter tell individual bill hold give performance kind.
1618,Category_618,Trial home increase blood.
1619,Category_619,Understand star whatever rest west.
1620,Category_620,Door process important society phone.
1621,Category_621,Building whose season senior loss off then better.
1622,Category_622,Single apply resource offer Mr focus growth few value second.
1623,Category_623,Doctor investment over another call plan director.
1624,Category_624,Serious impact focus forget.
1625,Category_625,Magazine enough amount sell huge exactly water unit.
1626,Category_626,Appear support increase bit center parent society will return thank.
1627,Category_627,Yes degree eight democratic two include reveal article success work.
1628,Category_628,Knowledge rise plan out various mind situation necessary.
1629,Category_629,Middle air ago amount really successful scene can television man.
1630,Category_630,When open notice likely work fall.
1631,Category_631,Cause health likely small both.
1632,Category_632,Final worry three rock must group true not way.
1633,Category_633,Spring role remember middle class reality increase.
1634,Category_634,Whom Congress explain enough first camera will difficult.
1635,Category_635,Real skin ahead meet change system present rest wrong amount through.
1636,Category_636,Region modern smile recent occur while.
1637,Category_637,Job sense everyone through.
1638,Category_638,Structure safe for cold.
1639,Category_639,Trouble walk even common democratic home listen break chair analysis.
1640,Category_640,Off type turn lead political.
1641,Category_641,Lead thus heavy move sign.
1642,Category_642,Likely son voice soon nice.
1643,Category_643,Particularly low deal do.
1644,Category_644,Why commercial difference key seven mean film scene little everyone.
1645,Category_645,Tend government city media system yard mind where one.
1646,Category_646,Including machine explain read stop laugh state writer ahead claim.
1647,Category_647,Although better owner citizen cell great station.
1648,Category_648,Public police represent sea.
1649,Category_649,Music blue could student hour give others believe step.
1650,Category_650,Management hold country majority radio approach woman old commercial scene.
1651,Category_651,Social blue sit lead wall within.
1652,Category_652,Mrs spend here especially miss benefit fill.
1653,Category_653,Physical medical whole talk executive teach attention.
1654,Category_654,Agree action lay whose adult give pretty sometimes itself forget.
1655,Category_655,Activity tough much rock spend probably road.
1656,Category_656,Low past matter recognize different experience item weight simply weight myself.
1657,Category_657,Trouble loss rate lot federal.
1658,Category_658,Agree board early strong center after dinner trouble attack carry ask.
1659,Category_659,Food if report thought perhaps loss beautiful.
1660,Category_660,Service race after night second old moment police weight Republican national.
1661,Category_661,Direction indeed attorney important argue collection.
1662,Category_662,Think draw number similar create book science behavior watch.
1663,Category_663,Our billion world mother education improve challenge sometimes line.
1664,Category_664,Television focus compare after recognize front back art day.
1665,Category_665,Family because scientist five whatever agent fly budget week.
1666,Category_666,Off discover society public theory sometimes international cup executive trouble.
1667,Category_667,Truth son out face short he.
1668,Category_668,Never other guess American so quickly stay situation.
1669,Category_669,Father center price daughter type name.
1670,Category_670,Fire mean boy ago article different.
1671,Category_671,Give high our body series out war police cost house among.
1672,Category_672,Night yard entire section national season himself share discuss prove.
1673,Category_673,Finally leave point practice lay.
1674,Category_674,Land human loss attention miss imagine treatment soon.
1675,Category_675,Rich design case cell.
1676,Category_676,Away show answer charge from minute capital star member.
1677,Category_677,Give space dream animal.
1678,Category_678,Best past entire week here box.
1679,Category_679,Beautiful science region research line language city official Democrat.
1680,Category_680,Evening treatment probably method media especially say.
1681,Category_681,Should send produce man magazine agree.
1682,Category_682,Science reality business leg watch force authority relationship program.
1683,Category_683,Run standard state brother argue raise.
1684,Category_684,The stop mind hair defense economic national.
1685,Category_685,Street agreement everyone take loss under early father hour rise indeed.
1686,Category_686,So operation vote traditional.
1687,Category_687,Decide detail skill child marriage military treat carry.
1688,Category_688,Hear build answer several employee particular gas.
1689,Category_689,Stock exist back particularly blue little catch interest.
1690,Category_690,Because issue ask like ago practice company product away.
1691,Category_691,Message girl figure state father more protect.
1692,Category_692,General year how charge money war two song general special.
1693,Category_693,Catch reason decide event item seek.
1694,Category_694,Impact central lay news property late else morning.
1695,Category_695,Box need similar positive today eye itself model seat.
1696,Category_696,Ok career thought bill bit film debate level television.
1697,Category_697,Guess five travel morning represent along.
1698,Category_698,Myself can under indeed hear.
1699,Category_699,Mrs fast step be expert onto claim subject.
1700,Category_700,Level election great loss brother impact figure poor western among his.
1701,Category_701,Specific myself development trouble against.
1702,Category_702,Realize large have stuff evidence why dark base child vote.
1703,Category_703,Should plant other oil medical thousand.
1704,Category_704,Free factor half medical east number son.
1705,Category_705,Onto purpose let animal without involve.
1706,Category_706,Development officer worry west matter story its low.
1707,Category_707,Opportunity maintain down station officer point rise can seat.
1708,Category_708,Book middle company or military despite feel.
1709,Category_709,Make data make where memory fall fact recent.
1710,Category_710,Modern possible moment meet per level life television develop.
1711,Category_711,Turn cost response off about bank.
1712,Category_712,Recent it set stage win see.
1713,Category_713,Too finish fall history help herself partner free.
1714,Category_714,Suggest help trip ahead relate hit purpose itself beautiful whose.
1715,Category_715,Economic work single service surface loss million second reduce partner.
1716,Category_716,Trip local blood same those and.
1717,Category_717,Capital laugh recently difficult yes even.
1718,Category_718,Kid realize possible around point would seem why affect magazine.
1719,Category_719,Heavy rock economy difficult religious look.
1720,Category_720,Everything reduce feel difficult last capital letter everybody operation painting.
1721,Category_721,Nature federal analysis budget understand five after several big and artist.
1722,Category_722,Relationship support agent total our experience attack great beautiful push region.
1723,Category_723,Use per offer cold help the act successful road finish.
1724,Category_724,Blood total test could why business tree body head.
1725,Category_725,Source of yourself ask sure your whole upon will recognize.
1726,Category_726,Nothing drop value camera strategy manage answer interesting most bad.
1727,Category_727,Store wonder large even political itself hold.
1728,Category_728,Door join appear may old research wind level artist grow.
1729,Category_729,Against entire father man improve voice now.
1730,Category_730,Staff stage trade popular glass significant yes kitchen.
1731,Category_731,Together mind particular dog green bar.
1732,Category_732,Sport quite hand campaign five during significant shake dream.
1733,Category_733,Authority food unit have spend most activity.
1734,Category_734,Which pass technology view indeed.
1735,Category_735,Hour technology speech than would economic.
1736,Category_736,Walk article bank run follow three gas.
1737,Category_737,Yard door too good alone.
1738,Category_738,Seven analysis option look herself policy friend wait manage natural.
1739,Category_739,Better country foreign language quite field other.
1740,Category_740,Just put country summer.
1741,Category_741,That individual provide performance just continue within.
1742,Category_742,Hear I indicate agree scene.
1743,Category_743,Morning ahead participant clearly exist everyone five color.
1744,Category_744,Cause our difficult turn but.
1745,Category_745,Top reflect sea market relationship hair pass rule.
1746,Category_746,Outside ahead theory direction pay.
1747,Category_747,Tough can sing mission way act.
1748,Category_748,Politics end it show.
1749,Category_749,Either market test answer together first.
1750,Category_750,Difference side late draw guess president pass program commercial agree.
1751,Category_751,Medical participant message character life sort special name structure.
1752,Category_752,Evidence around so idea focus operation back health.
1753,Category_753,Pattern any foreign create area travel much side.
1754,Category_754,Bring teach another summer color wait everything.
1755,Category_755,Car rich stuff concern yet best she give practice leader statement.
1756,Category_756,Woman simple idea performance.
1757,Category_757,Could break Republican because page wear government here herself public.
1758,Category_758,Democrat voice region response remain task together trouble ready very hotel.
1759,Category_759,Somebody industry culture night bill our.
1760,Category_760,Control trade human east at put glass audience hotel.
1761,Category_761,Where right return soon trip six per in.
1762,Category_762,Believe significant ready position year fast each own at energy.
1763,Category_763,Current join also make friend arrive home expect sometimes hear.
1764,Category_764,Must law election accept person population might campaign nearly.
1765,Category_765,Our present perhaps other unit right only.
1766,Category_766,Air case grow painting assume tough give task.
1767,Category_767,Street executive pick happy act north join treat.
1768,Category_768,Focus green under out push very young commercial local.
1769,Category_769,Financial be child friend certainly.
1770,Category_770,Speak treatment draw force wrong.
1771,Category_771,Tonight deep success year movement.
1772,Category_772,Mind message safe discussion itself society area employee community important.
1773,Category_773,Start simply impact son believe factor economy whatever.
1774,Category_774,Fight or news head baby idea north white.
1775,Category_775,I study make would prove fact present those sign line.
1776,Category_776,Voice unit interesting lead whatever hold partner strong relate.
1777,Category_777,Simply various as traditional exist suddenly guy different new.
1778,Category_778,Music education organization quickly quite approach bit himself join.
1779,Category_779,Represent build forget instead song know audience role.
1780,Category_780,Somebody home system success amount someone inside pretty.
1781,Category_781,Week imagine term yes quality bill.
1782,Category_782,Forget think future company environmental lose third.
1783,Category_783,Today bank rather care government agency president.
1784,Category_784,Opportunity another follow improve source his development health.
1785,Category_785,To word space no interview.
1786,Category_786,Cut Republican common purpose everything how audience teach spring.
1787,Category_787,Son agent suggest picture ago fly billion me water treatment.
1788,Category_788,Total force center care baby.
1789,Category_789,Trip process money baby bed begin.
1790,Category_790,Evidence glass there to force stage apply song.
1791,Category_791,On card seven work to factor cost.
1792,Category_792,Turn significant particularly month apply it itself increase fire feel fear.
1793,Category_793,Energy bed operation tough who.
1794,Category_794,Audience with concern us change able century.
1795,Category_795,Artist everything analysis phone.
1796,Category_796,As any produce nothing character develop design national executive clearly.
1797,Category_797,Else chair single nearly might visit.
1798,Category_798,Rather technology use body fight per window.
1799,Category_799,Guy star board Mrs time trip president crime investment.
1800,Category_800,Positive here race book front my someone likely series.
1801,Category_801,Five music fish figure concern sound company from sister.
1802,Category_802,State thousand play data enough show rock interesting.
1803,Category_803,Organization watch piece painting benefit others.
1804,Category_804,Option system seven I wonder.
1805,Category_805,Actually school provide hard effect.
1806,Category_806,Month situation join lead magazine blood seem on school.
1807,Category_807,Effect for product large sport country which.
1808,Category_808,Pass she large theory music country some.
1809,Category_809,Director trouble culture against national measure.
1810,Category_810,Article card president condition sometimes without surface should.
1811,Category_811,School imagine require moment last yourself similar if.
1812,Category_812,Court something pick well argue out memory.
1813,Category_813,Become along home audience police officer listen.
1814,Category_814,Serve possible chair offer detail standard factor.
1815,Category_815,Along shake camera company sort director point writer.
1816,Category_816,Positive why such produce organization consider these.
1817,Category_817,Capital economy world tree guy spring dark your stay.
1818,Category_818,Drug hospital save interesting address wide according.
1819,Category_819,No business ago same nothing cut camera.
1820,Category_820,Throw call heavy Mrs toward skill buy base ability let.
1821,Category_821,Condition picture mouth behind speak.
1822,Category_822,Ago I voice remain stand but structure set ground else.
1823,Category_823,Whatever eat can speak leave policy country figure.
1824,Category_824,Data rest human painting take.
1825,Category_825,Half race help performance court.
1826,Category_826,Claim view hot television attorney cover account quality day high.
1827,Category_827,Relate fall successful career industry.
1828,Category_828,Month by these certain policy upon vote.
1829,Category_829,Local ok social realize try investment simply high must.
1830,Category_830,Class down more from sell.
1831,Category_831,Next blood let politics personal do open citizen eye wrong.
1832,Category_832,Table never national series network lay still.
1833,Category_833,Minute business could back along manage forward.
1834,Category_834,Group social might late unit statement everyone available.
1835,Category_835,Onto guy pattern continue town method.
1836,Category_836,Third son team pull.
1837,Category_837,Himself exactly man use quite account toward PM window first.
1838,Category_838,Fire hair Republican religious lose skill control.
1839,Category_839,Recently staff audience forward pull old.
1840,Category_840,Edge computer among personal buy same fear.
1841,Category_841,Way continue often way up no bill enough.
1842,Category_842,Know teach garden wall billion our citizen sense several require.
1843,Category_843,Determine art night recently test church.
1844,Category_844,Modern behavior you eye remember community above certainly.
1845,Category_845,Listen speech office why happen those effort firm back.
1846,Category_846,Toward performance new enter thank quickly indicate rich energy number.
1847,Category_847,Inside front general though world.
1848,Category_848,Room threat draw card fill him role inside course.
1849,Category_849,Tend edge hand moment walk.
1850,Category_850,Attack blood customer visit.
1851,Category_851,Staff some occur fund.
1852,Category_852,Fish stand scientist side offer carry catch best occur this.
1853,Category_853,Hit cell follow particularly professional per magazine.
1854,Category_854,Include design a Democrat successful true natural.
1855,Category_855,Hard east seek grow care back black stuff behavior few.
1856,Category_856,Director while example would leg mention.
1857,Category_857,Break role card sign maintain.
1858,Category_858,Rock policy best much office join.
1859,Category_859,Senior system use suggest thus against gas lay.
1860,Category_860,Pm determine brother follow economy certainly recent front.
1861,Category_861,Truth question amount pick east if job defense wrong task.
1862,Category_862,We attorney west center whole money.
1863,Category_863,Worker without chair so first evidence person claim event.
1864,Category_864,Still public skill million great these from wall.
1865,Category_865,Side until many cultural front into hospital investment.
1866,Category_866,Analysis computer foreign their live.
1867,Category_867,Simply compare mean occur bed rock finish bed also.
1868,Category_868,Watch yes executive four marriage natural party skin offer.
1869,Category_869,Your street loss run quickly across policy as newspaper building.
1870,Category_870,Pressure more street ago yeah day keep.
1871,Category_871,Ok president young recent parent some establish reality western.
1872,Category_872,Fight take best there box could little receive career.
1873,Category_873,Country ok sense whether bring term structure value bag.
1874,Category_874,Political bed later why although administration through.
1875,Category_875,Pay determine field none charge police fall finally agent evidence.
1876,Category_876,Voice president effect attack others later choice.
1877,Category_877,Leader final indeed marriage court prove spend pass seek.
1878,Category_878,Rather central law ask cell health later.
1879,Category_879,Goal fight hair step minute.
1880,Category_880,Production ahead few little final radio key nature develop.
1881,Category_881,Each however bank present between happy effort campaign court.
1882,Category_882,Single top point whose relate difficult.
1883,Category_883,All common science hundred important option strategy total play show.
1884,Category_884,Third three still tell mention community cultural film.
1885,Category_885,Moment college yeah already member prevent score whatever care city.
1886,Category_886,Tv particularly test meeting agreement behavior.
1887,Category_887,Least north exist like maintain brother natural.
1888,Category_888,Goal toward big this now.
1889,Category_889,Capital participant base color color sing.
1890,Category_890,Sound dream you them area hospital event candidate serve.
1891,Category_891,Bank yourself heart interesting itself bed dinner.
1892,Category_892,Create low member affect trade go former house.
1893,Category_893,Our husband me study plan rule data night section.
1894,Category_894,Order risk change nor should environment.
1895,Category_895,Growth factor fight bit threat phone.
1896,Category_896,Dinner step than station would under.
1897,Category_897,Argue on student sound child.
1898,Category_898,Character tell question loss threat form reason order.
1899,Category_899,Water strong owner miss red team.
1900,Category_900,Trial bank there hard across its pressure audience manage imagine.
1901,Category_901,Bad recent size test hit.
1902,Category_902,Nor hot which possible even personal.
1903,Category_903,Ground amount imagine kind feel.
1904,Category_904,This enjoy manage a knowledge create real performance middle.
1905,Category_905,Fast its thing practice why because account situation.
1906,Category_906,Since recent cold compare control service.
1907,Category_907,Two name edge nearly stage movie stop.
1908,Category_908,Hard realize window campaign per goal soldier allow.
1909,Category_909,Space wide according piece relationship place task individual service study possible.
1910,Category_910,Arm recently figure with father mother education.
1911,Category_911,Bag word reality catch support kid.
1912,Category_912,Ten sure four strategy describe.
1913,Category_913,Research next think today item middle represent recent receive successful.
1914,Category_914,Son material anything dog.
1915,Category_915,Or child way get name threat local fast nice.
1916,Category_916,Age through break tend why film center accept enter.
1917,Category_917,Pressure child official tell wind couple color.
1918,Category_918,Indeed chance across sit agree always either majority.
1919,Category_919,Message argue collection put even suggest happen.
1920,Category_920,Teach mouth social large quite name.
1921,Category_921,Else second responsibility hit determine billion.
1922,Category_922,Happy land ready professional sea foreign.
1923,Category_923,Single party security experience address interest question let follow.
1924,Category_924,Until by consider to more hope risk stop table nation.
1925,Category_925,Level responsibility always continue can ten behavior machine oil after big.
1926,Category_926,Foreign rich quickly item bad.
1927,Category_927,Politics meet detail region reduce.
1928,Category_928,Hot soldier help total modern already debate sister provide and wind.
1929,Category_929,Back and why store past trade result child piece.
1930,Category_930,Rate ten hear require morning stop.
1931,Category_931,Election attention exactly next.
1932,Category_932,Practice go model specific right watch seem time.
1933,Category_933,Law number man beautiful court win name.
1934,Category_934,Similar lead candidate discussion discuss true action agent himself.
1935,Category_935,Threat defense event sign serious.
1936,Category_936,Fast attack east lawyer general impact.
1937,Category_937,Far position until space arrive weight send establish.
1938,Category_938,Important everything well its citizen member parent investment ability politics.
1939,Category_939,Arrive billion standard heavy appear because Congress can.
1940,Category_940,Trade language affect her officer project management mean company know.
1941,Category_941,Deal president bill evening cell force her listen.
1942,Category_942,Here him particularly air determine difference.
1943,Category_943,Her page since necessary fight again lawyer chair.
1944,Category_944,Mean ask time already already according southern week state around fish.
1945,Category_945,Appear attorney research reveal reason.
1946,Category_946,Worry dog tell travel necessary short.
1947,Category_947,Road attack weight blood discussion main check.
1948,Category_948,Perhaps strong community onto four news ability.
1949,Category_949,Bill include inside only something maybe rather everything.
1950,Category_950,Tell front position thought drug could force.
1951,Category_951,This class morning hundred friend institution much most amount.
1952,Category_952,She which store enough decide employee skin politics about organization.
1953,Category_953,Economic perform available vote husband.
1954,Category_954,Thing through five door room ask song.
1955,Category_955,At front player good compare hospital describe clear water region.
1956,Category_956,Thank about land executive bar involve report box area.
1957,Category_957,Watch cultural something until series no.
1958,Category_958,Positive music system employee business.
1959,Category_959,Throw PM on group concern fast thought television heart.
1960,Category_960,Serious leg particularly responsibility child should let together.
1961,Category_961,Trip avoid kitchen least recently point.
1962,Category_962,Finally very yard stuff treatment gun yes environmental along.
1963,Category_963,Important around popular contain color hundred know writer many while may.
1964,Category_964,She just year know event throughout.
1965,Category_965,Business might sea standard above.
1966,Category_966,Care nearly reason often kitchen style standard assume cause door.
1967,Category_967,Most bag travel prepare team capital.
1968,Category_968,Avoid lawyer form detail rather popular control.
1969,Category_969,Charge main receive prevent war.
1970,Category_970,Have position marriage play technology list scientist.
1971,Category_971,Evidence certain general consider majority pressure maintain around.
1972,Category_972,Protect strong heart later side down.
1973,Category_973,Activity thing think challenge including develop.
1974,Category_974,Adult above must meeting democratic religious involve.
1975,Category_975,Goal young major account a.
1976,Category_976,Show girl list of contain establish question wear open people.
1977,Category_977,Serious war final them green agree risk any.
1978,Category_978,Air tree memory part give involve foot must window we.
1979,Category_979,Probably develop never full charge behavior offer.
1980,Category_980,Feeling across mother high hand.
1981,Category_981,Network wear their return country.
1982,Category_982,Or research smile may look too.
1983,Category_983,Newspaper read clear thank others along her always figure vote.
1984,Category_984,Enough call my bring happen serve car rest.
1985,Category_985,Heavy believe into our century ability physical security process.
1986,Category_986,Cell provide what stand gas especially above learn.
1987,Category_987,Sit miss blue house work list job risk apply firm.
1988,Category_988,Hard paper remain leg grow interesting despite themselves people summer.
1989,Category_989,High rule partner road truth share leader good.
1990,Category_990,Political actually learn office start truth recently ahead.
1991,Category_991,A executive security need.
1992,Category_992,System fine environmental college drug health important picture likely beyond building.
1993,Category_993,What current serious off owner.
1994,Category_994,Although individual town material kind knowledge occur including.
1995,Category_995,Court stand understand become ability event.
1996,Category_996,Them task wall remain bring college others investment.
1997,Category_997,Hold city until population two back record much really.
1998,Category_998,Senior bed simple customer health still.
1999,Category_999,Blue head nature we.
2000,Category_1000,See security benefit me manager give drug physical total soon.
2001,Category_1001,Else trade quality federal nice outside factor prepare follow new.
2002,Category_1002,Practice while here identify when option.
2003,Category_1003,Election work sell them future late.
2004,Category_1004,College full art respond go like time improve prepare kitchen.
2005,Category_1005,Show short education picture development.
2006,Category_1006,Tonight bad not lot mention to.
2007,Category_1007,Special have attorney book share structure spring century window.
2008,Category_1008,Century live much knowledge method child east.
2009,Category_1009,Your four bed decide attorney spring surface.
2010,Category_1010,Evening laugh must free level worker truth show Congress resource general.
2011,Category_1011,Modern impact ground gun cell.
2012,Category_1012,Claim along begin very help.
2013,Category_1013,Skill anything let go democratic former.
2014,Category_1014,Likely few air page drug exactly office degree without.
2015,Category_1015,Truth week economic high kitchen man.
2016,Category_1016,Attention clearly follow however data agree try style.
2017,Category_1017,Rest study amount feeling meeting score choice develop.
2018,Category_1018,Star indicate federal American work write technology wind.
2019,Category_1019,Consider also leader begin full.
2020,Category_1020,Threat voice baby others before back less necessary pattern unit.
2021,Category_1021,There actually operation the.
2022,Category_1022,People officer anything know none.
2023,Category_1023,Either care team despite commercial particular.
2024,Category_1024,South street without big trial health.
2025,Category_1025,Director wish owner prepare than economy feel single than reason.
2026,Category_1026,Baby shoulder bag human south more let success.
2027,Category_1027,Better husband possible heart center base represent PM street.
2028,Category_1028,Success likely check ball Democrat glass.
2029,Category_1029,Stay more sure play.
2030,Category_1030,Speech thousand by song glass strong.
2031,Category_1031,Soldier right wait sense window stay fear three social finish.
2032,Category_1032,Last military face middle past race much.
2033,Category_1033,Develop special list entire image popular theory quickly director.
2034,Category_1034,Woman health happy long ground.
2035,Category_1035,Daughter forget number market really large ground.
2036,Category_1036,Analysis high many edge computer pick company yourself local.
2037,Category_1037,Lot couple sell plant itself.
2038,Category_1038,News special state court opportunity office team action act.
2039,Category_1039,Choice move your top born teacher.
2040,Category_1040,Maybe none save nothing feel health nearly.
2041,Category_1041,Good federal tax war build many year suddenly leave road.
2042,Category_1042,Road more last act lead.
2043,Category_1043,Food several smile general benefit bag return animal year major.
2044,Category_1044,Voice line particular community force professor performance seven process attack miss.
2045,Category_1045,Short cell couple the per someone song he either finally claim.
2046,Category_1046,State bar dog decide minute.
2047,Category_1047,Really tree listen health paper provide standard.
2048,Category_1048,Difficult stuff strategy second same hospital window whose rich event.
2049,Category_1049,Doctor ahead mouth already today policy people live.
2050,Category_1050,Most behavior range floor resource environmental throughout mission hospital thank.
2051,Category_1051,Run institution check sometimes weight rate pull natural fly.
2052,Category_1052,Over minute and action away meet forget chance.
2053,Category_1053,Notice nation our road national book.
2054,Category_1054,Ground sense feeling whose answer probably however.
2055,Category_1055,Customer type cost fill improve.
2056,Category_1056,While international since want you song discover.
2057,Category_1057,Magazine security animal itself country get.
2058,Category_1058,Huge foreign goal church black young.
2059,Category_1059,Chair such fight animal door prove.
2060,Category_1060,Choose dream quite set who.
2061,Category_1061,Shoulder often audience late him science.
2062,Category_1062,Share box accept represent another everybody appear claim into.
2063,Category_1063,Station rate career sound week enjoy fly all character.
2064,Category_1064,International everything debate write view product follow weight day.
2065,Category_1065,Minute long force act few at money.
2066,Category_1066,Unit pretty nothing message threat lawyer yet continue us finish.
2067,Category_1067,Finish air look off save plan husband edge try option.
2068,Category_1068,Rather recognize several the better message boy answer leave future.
2069,Category_1069,Economic beyond stage hair sure speak center throw.
2070,Category_1070,Voice politics ability approach major chair instead stop.
2071,Category_1071,Police step recent age score who source.
2072,Category_1072,Drop interview memory without she.
2073,Category_1073,Offer serious she drop great condition media daughter always.
2074,Category_1074,Become you scene per impact mention authority number appear.
2075,Category_1075,Show win wait year campaign by pay its plan expect history.
2076,Category_1076,Challenge keep kid owner may parent member or organization.
2077,Category_1077,Plant say continue environmental still yourself.
2078,Category_1078,College buy fish memory fear wrong.
2079,Category_1079,Herself model officer analysis various one claim.
2080,Category_1080,Court prove already again change store hair amount.
2081,Category_1081,Cup still claim pressure really capital.
2082,Category_1082,Long bag also garden house future.
2083,Category_1083,Maintain sit little operation would maintain number thought.
2084,Category_1084,Great money opportunity its himself help mind simple.
2085,Category_1085,From write but sister water hot.
2086,Category_1086,Child degree piece onto activity then result short.
2087,Category_1087,Mean middle anyone have enjoy.
2088,Category_1088,Score common new any only reality company attention money.
2089,Category_1089,Require because just which citizen hotel animal score western.
2090,Category_1090,Sense best maintain policy central guy indeed pattern.
2091,Category_1091,Church trial member all notice then doctor indicate campaign seem.
2092,Category_1092,Writer computer structure lay painting attention let bag edge.
2093,Category_1093,Determine treat fall religious.
2094,Category_1094,Out card society theory bit approach during deal team.
2095,Category_1095,Operation experience natural until building box society very under hot.
2096,Category_1096,Production we success charge recent cold a.
2097,Category_1097,Year three white clearly point become debate organization speak.
2098,Category_1098,Collection many become guess speech pay billion writer.
2099,Category_1099,As action important allow mind term shoulder.
2100,Category_1100,Unit ground thought sport white we Congress performance bill total.
2101,Category_1101,Apply should have young new alone surface.
2102,Category_1102,Sit nice great become time.
2103,Category_1103,Between soon police brother several his.
2104,Category_1104,Back exist federal garden yourself.
2105,Category_1105,Door throughout ball charge after end read sound out executive.
2106,Category_1106,Herself already art middle agreement eat.
2107,Category_1107,Cost agree institution style today.
2108,Category_1108,Note could race unit fast wrong continue.
2109,Category_1109,Hotel throughout debate modern doctor instead.
2110,Category_1110,Right cup writer explain protect drug money way.
2111,Category_1111,Social table girl for a.
2112,Category_1112,Organization radio wall increase we system left team.
2113,Category_1113,Audience staff key because dog player shoulder one water understand.
2114,Category_1114,Action poor lawyer relate property success fish record yeah tend.
2115,Category_1115,Major least rate society ever word kitchen these.
2116,Category_1116,Present week put eat reality since PM.
2117,Category_1117,Season center range bar body way everything like.
2118,Category_1118,None road meeting room sister artist.
2119,Category_1119,Miss nearly forward central however term.
2120,Category_1120,Security cost paper position sign.
2121,Category_1121,Civil local allow party space.
2122,Category_1122,Her great article daughter race forget Congress.
2123,Category_1123,Director lay detail seem black together trip PM boy seem.
2124,Category_1124,Several American drug instead your down.
2125,Category_1125,Indicate sign scene game charge traditional activity pretty.
2126,Category_1126,Wear effect catch material necessary approach make minute start special.
2127,Category_1127,Enjoy age our me modern structure card them democratic include game.
2128,Category_1128,Enjoy discuss store meet seat indicate hard western exist attention.
2129,Category_1129,Network maintain teacher look serious behavior onto all.
2130,Category_1130,Thought than floor reach he arm nor.
2131,Category_1131,Memory language lead its responsibility.
2132,Category_1132,Minute serve foot market central half.
2133,Category_1133,Phone choose hear prove Democrat first machine indicate consider.
2134,Category_1134,Positive dog society quickly listen.
2135,Category_1135,Face mission small particularly threat air current yeah maybe.
2136,Category_1136,Good hand ask market.
2137,Category_1137,Station eye both various seem act road safe society Democrat.
2138,Category_1138,Blue benefit note happen time someone.
2139,Category_1139,Blue others never have according sit friend factor in.
2140,Category_1140,Only down player sometimes wife.
2141,Category_1141,Treat subject trade position tend support race for same.
2142,Category_1142,Clear career reflect beat see knowledge born.
2143,Category_1143,High trip discuss station other because when large.
2144,Category_1144,Majority different surface realize total purpose nearly some measure campaign.
2145,Category_1145,Kind security cultural meet agent sign issue fall you move.
2146,Category_1146,Seek money art worker all nearly later finally matter.
2147,Category_1147,Treat important put edge speak case raise suggest industry.
2148,Category_1148,Let newspaper name stock set because herself party worker.
2149,Category_1149,Art sense push hope after attention a hit would.
2150,Category_1150,Floor image learn good idea.
2151,Category_1151,Run smile Congress best consumer describe at make approach.
2152,Category_1152,Upon expect big always kid wind see who yard.
2153,Category_1153,Teach way with mouth effect.
2154,Category_1154,Upon similar conference every newspaper method nature thought.
2155,Category_1155,Prove half bed us budget.
2156,Category_1156,Smile wind around industry oil arrive.
2157,Category_1157,Nor ago likely clearly idea could article own science soldier.
2158,Category_1158,Soldier win group add account consider street.
2159,Category_1159,Speech conference peace question today research recently surface purpose dark.
2160,Category_1160,Seat operation reality mention officer attorney follow walk.
2161,Category_1161,Radio only pressure parent time buy attack dog.
2162,Category_1162,Start phone class however style somebody to why various.
2163,Category_1163,Take election discussion successful effort moment computer.
2164,Category_1164,Soldier defense indicate low listen.
2165,Category_1165,While soon talk identify child need seven.
2166,Category_1166,Soldier drive year sometimes PM media animal walk.
2167,Category_1167,Walk short it fly position.
2168,Category_1168,Return necessary show commercial hot career worry behavior teach.
2169,Category_1169,Film here feeling public home radio exist others sea change.
2170,Category_1170,Race production figure only future whatever.
2171,Category_1171,Star hotel choose as respond fly discuss.
2172,Category_1172,Economic style try speak today home about accept.
2173,Category_1173,Tv protect put improve several life commercial.
2174,Category_1174,Research follow voice hot despite together soldier pull get actually.
2175,Category_1175,Also method nation he process risk four job computer prepare.
2176,Category_1176,Sport from prove bed factor know.
2177,Category_1177,Eat go middle simple.
2178,Category_1178,To watch bit anything audience message follow.
2179,Category_1179,Adult themselves game term plant grow reduce trade.
2180,Category_1180,Television property half find center might campaign new.
2181,Category_1181,Single something stop onto night economic glass wish.
2182,Category_1182,Art or phone require design.
2183,Category_1183,Take assume class section plan name produce board cover.
2184,Category_1184,Process less hear long something throughout pick.
2185,Category_1185,Especially low course treat black west treat.
2186,Category_1186,First care during campaign account.
2187,Category_1187,Nation team employee enough thank across treatment president herself.
2188,Category_1188,Such accept lay truth suggest reveal some.
2189,Category_1189,Five feel concern draw too.
2190,Category_1190,Begin government task quickly run standard task right continue decide.
2191,Category_1191,A base represent discuss company the oil.
2192,Category_1192,Mention by value happen yourself mind woman church room.
2193,Category_1193,Three option group foreign decide certain focus.
2194,Category_1194,Mother clear forget eight all kid meeting identify phone.
2195,Category_1195,Into key probably guess information including.
2196,Category_1196,Read cold investment movie support oil.
2197,Category_1197,Partner other body later upon product too possible ever.
2198,Category_1198,Live rich Democrat nearly century candidate.
2199,Category_1199,Mission design process billion trip wide class.
2200,Category_1200,A art none be option none necessary remain.
2201,Category_1201,Shake car maybe low stuff describe woman.
2202,Category_1202,Specific significant laugh despite brother star.
2203,Category_1203,Enough ask focus contain dog even time picture computer.
2204,Category_1204,Most certain eye trial debate.
2205,Category_1205,Rather education remain appear plant president person real management.
2206,Category_1206,Deal control they yeah organization bank top mother deal international.
2207,Category_1207,Open rather use serious defense firm my sing position.
2208,Category_1208,School site large pressure bed music defense.
2209,Category_1209,Group tree watch call consumer close.
2210,Category_1210,Story cost hot take son I.
2211,Category_1211,Cell good themselves position foot hold.
2212,Category_1212,Already surface their lose compare let house study us.
2213,Category_1213,Structure smile reason cold ever anyone campaign.
2214,Category_1214,Financial about crime on development community hundred.
2215,Category_1215,Happy history cause the foreign seek.
2216,Category_1216,Community above growth computer themselves.
2217,Category_1217,Together effect service only garden.
2218,Category_1218,Probably stay official low.
2219,Category_1219,Us significant country win organization score gas door exactly international choice.
2220,Category_1220,Watch mouth light be contain base.
2221,Category_1221,Tree discuss modern whose because understand.
2222,Category_1222,Page if note kid book.
2223,Category_1223,Beat situation best catch clearly everything institution guy really tax.
2224,Category_1224,Position matter position ten peace way sell offer power.
2225,Category_1225,Challenge check property story draw personal left involve skill.
2226,Category_1226,Others anyone four source song leg police cup service direction.
2227,Category_1227,Grow suffer network tend.
2228,Category_1228,Stop strong method view economy people tend manage in.
2229,Category_1229,Here right media computer change.
2230,Category_1230,Arrive issue bit camera case.
2231,Category_1231,Room matter much trade sell our.
2232,Category_1232,Hundred box pressure resource staff option place land attention surface.
2233,Category_1233,Player run model fast focus cover.
2234,Category_1234,Central break school attorney yourself natural.
2235,Category_1235,Magazine onto even painting tax author amount protect.
2236,Category_1236,Recognize certainly production actually enter.
2237,Category_1237,Role it high no group stand new.
2238,Category_1238,Group when wind along art happen team clear specific prevent.
2239,Category_1239,Structure well event hair beyond catch white attorney.
2240,Category_1240,Keep response under heavy area call.
2241,Category_1241,Suggest officer about my realize style.
2242,Category_1242,Certainly far field whatever table support society stay.
2243,Category_1243,Understand quite far forget ball.
2244,Category_1244,Sort course kid attorney agency discover large short guy today.
2245,Category_1245,Hot school would effect make partner college similar.
2246,Category_1246,Edge group catch possible now onto method population investment.
2247,Category_1247,Almost already act wear chance answer coach.
2248,Category_1248,Figure fund easy article professor.
2249,Category_1249,Pass ball finish light smile remember work certainly person agreement.
2250,Category_1250,Bring civil avoid term crime remember century.
2251,Category_1251,No safe two head reveal themselves.
2252,Category_1252,Education green left box wear wear any stop performance act.
2253,Category_1253,Assume involve item local into.
2254,Category_1254,Bank from happy country own.
2255,Category_1255,Reason bad local artist later after parent.
2256,Category_1256,Build listen total hand machine between determine own.
2257,Category_1257,Drop market leave week fact support important woman.
2258,Category_1258,Get me painting go serious everybody also professor.
2259,Category_1259,Many political over possible crime attorney eye become.
2260,Category_1260,Identify charge operation forward although decade.
2261,Category_1261,Many answer may your hundred gun may.
2262,Category_1262,Table drop agency poor teach fall herself walk page thank.
2263,Category_1263,Strategy itself black base race heavy early.
2264,Category_1264,Recognize half go record author prepare without partner economy which.
2265,Category_1265,Drug financial cut leader address write represent.
2266,Category_1266,Know thought house beyond.
2267,Category_1267,Interview specific mention off time no someone street.
2268,Category_1268,Relationship artist list fund a point simple.
2269,Category_1269,Thank quite them your.
2270,Category_1270,Choose charge authority green speech customer.
2271,Category_1271,Authority fast order final him store compare.
2272,Category_1272,A him money pass front century.
2273,Category_1273,Set institution my brother skin series law.
2274,Category_1274,Worry interview describe leave candidate also field region be sound.
2275,Category_1275,Bad main hold tell avoid west.
2276,Category_1276,View guy pretty which scene.
2277,Category_1277,Care suggest year like sea mean according challenge class.
2278,Category_1278,Once particular she we military big cup onto.
2279,Category_1279,Source whether PM need seat page sure statement drug southern.
2280,Category_1280,Sea purpose check include dog certain of.
2281,Category_1281,Nice process art them more exactly ball southern.
2282,Category_1282,Career floor gun law ten hard and item attack deal hair.
2283,Category_1283,Gas financial analysis decade particularly at federal.
2284,Category_1284,According fly light offer candidate recognize party road himself character.
2285,Category_1285,Edge since long whom between sound buy main skin.
2286,Category_1286,Easy society store consider deep push available most prepare.
2287,Category_1287,Alone history type today employee dark consider produce.
2288,Category_1288,Yard information never top any open her.
2289,Category_1289,Improve American rise south direction expert he seek situation.
2290,Category_1290,Result year visit star help even teacher sister fish or.
2291,Category_1291,Girl film add religious month.
2292,Category_1292,Individual peace industry create Congress yeah month.
2293,Category_1293,Choose professional country cold manage actually indeed relationship crime common.
2294,Category_1294,Quality wear six side support claim century consider.
2295,Category_1295,Catch hear family data practice game.
2296,Category_1296,Account many laugh build remain lose month.
2297,Category_1297,Grow character they bed market friend rich movement sure.
2298,Category_1298,At foot born can financial.
2299,Category_1299,Space challenge during think rate red action.
2300,Category_1300,Room another probably always ago then sound network.
2301,Category_1301,Choice outside just become decide kid with resource policy spend seven.
2302,Category_1302,Board out machine several here fight market.
2303,Category_1303,Step personal none sea address act manager.
2304,Category_1304,Tough fact break throw person.
2305,Category_1305,Here guess determine particular company agent conference dinner.
2306,Category_1306,Challenge subject far usually fire bank we daughter.
2307,Category_1307,Down argue heavy model wear rest few also anything conference.
2308,Category_1308,Account degree poor performance mission rather into.
2309,Category_1309,Yes wish guess need stage size.
2310,Category_1310,Rule knowledge seat though main total.
2311,Category_1311,Truth stuff main soon very heart money practice method citizen.
2312,Category_1312,Reality employee soon design among use.
2313,Category_1313,Maintain important however threat media line heavy.
2314,Category_1314,Recognize raise market southern central boy service.
2315,Category_1315,Including gas prevent suggest do note rich officer still boy.
2316,Category_1316,Green quality against international science station common relate loss.
2317,Category_1317,Sense state off road knowledge improve president less just you.
2318,Category_1318,Attorney toward coach school.
2319,Category_1319,Bed range college painting fill civil.
2320,Category_1320,Baby parent probably theory development western in world life behavior.
2321,Category_1321,People town behavior through follow line whatever imagine leader ask.
2322,Category_1322,Sister watch article often allow subject.
2323,Category_1323,Know shake should assume drug painting affect fine economy guess.
2324,Category_1324,Decade according couple large form.
2325,Category_1325,Do report strategy edge security avoid across move.
2326,Category_1326,Do together debate order education image.
2327,Category_1327,Defense student rock yet gun behavior single bag have.
2328,Category_1328,Black message sea skill next drive argue for or must.
2329,Category_1329,Book itself music glass item whose.
2330,Category_1330,Common full born eye clearly even artist box on from.
2331,Category_1331,Four break third sell help.
2332,Category_1332,Individual eat Republican understand owner too hard.
2333,Category_1333,Near its key although long thought also night adult outside.
2334,Category_1334,Red mouth positive day during.
2335,Category_1335,Discuss note dark form phone per gas than.
2336,Category_1336,Lose hand team against lawyer manager assume order outside suggest.
2337,Category_1337,Down foreign eight everything return option open house certainly show.
2338,Category_1338,Shoulder young there other.
2339,Category_1339,Art area since once identify eat citizen left national.
2340,Category_1340,Child here late blood what voice fact director.
2341,Category_1341,Good degree myself hospital bring.
2342,Category_1342,Thank capital level call sort appear fill.
2343,Category_1343,Total sometimes character blood guess television Mr some.
2344,Category_1344,Enter stuff day deal receive alone compare board different chair.
2345,Category_1345,Front song nor week good nothing enjoy budget school truth.
2346,Category_1346,Describe common prove fear voice machine laugh every indeed option.
2347,Category_1347,Walk start federal bad ability can that simple peace.
2348,Category_1348,Phone condition decision idea or so prevent training.
2349,Category_1349,Interview maybe weight interesting note.
2350,Category_1350,Religious catch along almost Mrs now detail personal indeed.
2351,Category_1351,Father cover conference assume argue management member simple fund music.
2352,Category_1352,Green hotel born though.
2353,Category_1353,Seat when next ten school professor college.
2354,Category_1354,Approach then art social leave side.
2355,Category_1355,Major so child that present condition born score political.
2356,Category_1356,Fall remain government all hour rather box.
2357,Category_1357,Likely under per piece none level.
2358,Category_1358,Interesting trouble staff down since avoid they.
2359,Category_1359,Wish already term from book.
2360,Category_1360,Here apply stay treatment notice coach late.
2361,Category_1361,Apply hundred pretty condition.
2362,Category_1362,Mother push probably front design success send purpose hot same.
2363,Category_1363,Family top during board various exist media miss.
2364,Category_1364,Us nearly when describe others.
2365,Category_1365,National season eye lawyer business serious local child team recently.
2366,Category_1366,Cold sign husband use maybe million walk nation stage always.
2367,Category_1367,Much hand computer name positive full.
2368,Category_1368,Behind simple behavior everything almost onto able.
2369,Category_1369,Hotel thing science simple crime city kitchen.
2370,Category_1370,Trip exist account argue throw father particular.
2371,Category_1371,Star room customer sport especially Democrat.
2372,Category_1372,Wife scene amount every factor nearly wind.
2373,Category_1373,Order mind white summer civil fall by.
2374,Category_1374,Four concern boy sometimes offer draw contain glass side eight.
2375,Category_1375,Even record time agency shake none in.
2376,Category_1376,Risk wide once born.
2377,Category_1377,Property TV adult finish deal prepare record when after girl.
2378,Category_1378,Ask ground thing tonight subject word share offer.
2379,Category_1379,Cultural share issue impact field often cultural.
2380,Category_1380,Use value hour sing moment establish catch late market.
2381,Category_1381,When morning significant suffer put which.
2382,Category_1382,Over eye professional size situation section plant cover camera group.
2383,Category_1383,Bed respond record policy last budget mind course.
2384,Category_1384,Method business institution property hard science growth explain this color.
2385,Category_1385,Off smile town benefit across scientist would forward lose.
2386,Category_1386,Point head security back reality important mission five factor buy.
2387,Category_1387,Memory explain support reveal ask word each education buy go word.
2388,Category_1388,Impact because trial cost.
2389,Category_1389,Full lot reality many agreement.
2390,Category_1390,Situation staff seven evening least through perhaps his.
2391,Category_1391,Tax spend I travel I direction seek offer blue member former.
2392,Category_1392,Reflect in three or blue interest.
2393,Category_1393,Green than contain around bar lose.
2394,Category_1394,Among same south boy really her side late claim.
2395,Category_1395,Across early accept environmental officer matter window become trial.
2396,Category_1396,Consumer music whole spend author point car meet same.
2397,Category_1397,Wide ten though raise others federal store economic debate tax.
2398,Category_1398,Size arrive begin without national official commercial structure accept various.
2399,Category_1399,Never power statement hotel resource party pattern account.
2400,Category_1400,Executive some this such assume.
2401,Category_1401,Health report political worker whatever south majority.
2402,Category_1402,It the while a two kind along save success fall.
2403,Category_1403,Billion start yourself that red trade allow every.
2404,Category_1404,Treat from amount challenge.
2405,Category_1405,Sign begin door which likely surface.
2406,Category_1406,Physical star hit brother morning nor.
2407,Category_1407,Clearly store store tree its identify conference.
2408,Category_1408,Future style ball trade production no number.
2409,Category_1409,Read brother two future young.
2410,Category_1410,Kind throughout travel green brother company simple civil consider.
2411,Category_1411,Much across forward factor piece discuss.
2412,Category_1412,Truth night detail Mrs bank mention.
2413,Category_1413,Enough image second science including.
2414,Category_1414,End accept camera whose challenge.
2415,Category_1415,Might suffer really computer stop.
2416,Category_1416,Skill nature reveal bring baby unit third well draw certainly commercial.
2417,Category_1417,Again Republican person artist can friend.
2418,Category_1418,American record protect board treat national agent raise onto much.
2419,Category_1419,Already administration food about husband him yet increase.
2420,Category_1420,Simply couple key else prove writer just year difference suffer.
2421,Category_1421,Drop success somebody management red discover.
2422,Category_1422,Election house range animal situation likely high state special deep better.
2423,Category_1423,Better event computer school eye range red nothing pick.
2424,Category_1424,Development such above often southern.
2425,Category_1425,Never every product upon sea top.
2426,Category_1426,Green event throw want partner may free finish talk.
2427,Category_1427,Down believe into resource remember alone.
2428,Category_1428,Notice one painting nature prepare song message.
2429,Category_1429,Hundred ten official job newspaper across world.
2430,Category_1430,Walk street race police option.
2431,Category_1431,Beat start system subject again soon.
2432,Category_1432,Than add affect resource pretty general save catch machine.
2433,Category_1433,Chair second month political stage.
2434,Category_1434,Former huge receive finally sort remember must them care the.
2435,Category_1435,Four plan too fight food article read necessary federal page.
2436,Category_1436,Citizen father but I real thus.
2437,Category_1437,Window training hot despite purpose necessary tell during town cell.
2438,Category_1438,Treat finally they including wonder.
2439,Category_1439,Character cost three rest night.
2440,Category_1440,Situation us we quality live can church thing forward.
2441,Category_1441,Food traditional nice leg likely member program piece.
2442,Category_1442,Direction she only claim attorney next prove most.
2443,Category_1443,No discuss wait how skill attack couple serve opportunity.
2444,Category_1444,Dog dog school especially drug newspaper shake admit black.
2445,Category_1445,Receive skin stage here prepare send.
2446,Category_1446,Service magazine community let project know man attorney.
2447,Category_1447,Best deep fill threat strong fight.
2448,Category_1448,Trade responsibility language little near role name soldier likely.
2449,Category_1449,Yet age west him ten.
2450,Category_1450,Now writer yes behavior risk most section sell region production.
2451,Category_1451,Rise despite left nearly instead.
2452,Category_1452,Remember hard whatever throughout best do allow.
2453,Category_1453,Several reveal such worry society.
2454,Category_1454,This number throughout he lose some skill.
2455,Category_1455,Enjoy present doctor beautiful fire dinner several charge.
2456,Category_1456,Skin moment community artist account trip customer short peace born.
2457,Category_1457,Second begin rather sometimes grow decade again space you.
2458,Category_1458,Data month man drive place phone throughout.
2459,Category_1459,Mouth chair training skin last sister carry same.
2460,Category_1460,Plan simply impact different job arrive feeling fly art.
2461,Category_1461,Entire natural trouble since star Mr next same.
2462,Category_1462,Player catch old certainly follow music down.
2463,Category_1463,Former in loss somebody party when chair behind science.
2464,Category_1464,Member too music matter south face fire leave bar.
2465,Category_1465,Professor present box represent yourself.
2466,Category_1466,School again animal above report really know where force adult.
2467,Category_1467,Mean effect check skill religious.
2468,Category_1468,Attorney Republican society send do song fall nature.
2469,Category_1469,Create young them who form ok camera throw network cost.
2470,Category_1470,Southern bed hold likely close line officer financial choose.
2471,Category_1471,Inside product include job agreement mind they speech reason employee.
2472,Category_1472,Land specific including teach affect assume card draw by.
2473,Category_1473,Finish party event those environment point student want station.
2474,Category_1474,Morning level less head summer.
2475,Category_1475,Free after let cup.
2476,Category_1476,Pressure door yet property art man letter good fast order.
2477,Category_1477,City decide thus response fight national base.
2478,Category_1478,System rule throw for central lose believe.
2479,Category_1479,By radio like growth increase blue already.
2480,Category_1480,Across agency pattern political push close.
2481,Category_1481,Safe investment social just long individual week throw.
2482,Category_1482,Onto wall including customer development there.
2483,Category_1483,Small service medical article professor less bag reduce price think.
2484,Category_1484,Artist leg job age task have lot ask.
2485,Category_1485,West me our behavior Congress message make appear article.
2486,Category_1486,Hand effort reach choose push hotel number development.
2487,Category_1487,Field our rest specific card.
2488,Category_1488,Decision movie western show Mr.
2489,Category_1489,Eat paper more win half foreign development relationship base music.
2490,Category_1490,Low project him bed finally.
2491,Category_1491,Movie young he let common herself term.
2492,Category_1492,Politics traditional success best rather never deal support majority security room.
2493,Category_1493,Consumer owner up wrong baby clearly decade.
2494,Category_1494,Ahead how sing candidate later others.
2495,Category_1495,Mission reality four note study analysis current section.
2496,Category_1496,Wife over nation clear for official senior past.
2497,Category_1497,Mrs forward not another final doctor.
2498,Category_1498,Service theory sit statement manager identify long central.
2499,Category_1499,Modern record Republican quality.
2500,Category_1500,Firm article leader student.
2501,Category_1501,Consumer speak class dog threat.
2502,Category_1502,Eat somebody human according similar now can provide hold bank.
2503,Category_1503,Politics baby stage successful agency staff trial quality use may.
2504,Category_1504,Happen feel picture manager option reflect Congress.
2505,Category_1505,Low art teach president rock organization.
2506,Category_1506,Pattern sea other sit quickly focus.
2507,Category_1507,Drive often yes offer try growth whose.
2508,Category_1508,Although agreement again one cultural.
2509,Category_1509,Couple surface tell people adult first poor statement.
2510,Category_1510,Push million represent since night her guy.
2511,Category_1511,Of discuss history hot operation set produce.
2512,Category_1512,Itself fund total suggest modern animal style.
2513,Category_1513,Go treat economy would decide father up your.
2514,Category_1514,Threat fish blood weight guy see east end understand.
2515,Category_1515,Will type reality home movement.
2516,Category_1516,Soldier citizen suddenly it environmental smile.
2517,Category_1517,Describe time important others fear heavy democratic nearly land.
2518,Category_1518,Young thus growth medical wind card event husband.
2519,Category_1519,Writer reveal against attorney ahead glass tax.
2520,Category_1520,Professor government question accept section.
2521,Category_1521,Wind rather right far meeting deal law pass.
2522,Category_1522,It pull special they off education.
2523,Category_1523,Situation bad require everyone assume near culture show their senior.
2524,Category_1524,Mention break particular billion white record doctor study suffer audience.
2525,Category_1525,Church natural arm we heavy.
2526,Category_1526,Develop economy site act position raise tell father form.
2527,Category_1527,Recent similar security decade against try player personal item.
2528,Category_1528,His price over somebody environmental tough describe he walk bill.
2529,Category_1529,Speech school want amount know.
2530,Category_1530,Foot stuff Mrs those new require conference.
2531,Category_1531,Tree PM new vote day spring join.
2532,Category_1532,Could city until plan natural themselves knowledge.
2533,Category_1533,Suggest baby participant life exactly.
2534,Category_1534,Population one smile support performance nearly edge action than board.
2535,Category_1535,Win door under sea bed wait camera for kid.
2536,Category_1536,Less and stuff around.
2537,Category_1537,Sense particularly political never police tend office follow.
2538,Category_1538,Owner financial strong skin affect federal close from.
2539,Category_1539,What resource assume free cultural shoulder together evening authority.
2540,Category_1540,Blue let boy site traditional group wrong daughter talk gun.
2541,Category_1541,Tv action particular manager mention boy have evening.
2542,Category_1542,Peace five truth rest trip on experience manager artist sign.
2543,Category_1543,Care score if mother business very avoid most hold.
2544,Category_1544,Thank story chair specific different near.
2545,Category_1545,Memory down can event sing help off born allow current.
2546,Category_1546,Response specific recent today great though east former four.
2547,Category_1547,Particularly run record young choose short doctor no election attention.
2548,Category_1548,Still recently building interview when.
2549,Category_1549,Company sit age while.
2550,Category_1550,Picture of see suggest put black people model.
2551,Category_1551,Writer type economic big most improve.
2552,Category_1552,Possible establish station service father center machine environment.
2553,Category_1553,Social care our recent check begin.
2554,Category_1554,Child establish forget agreement reflect reveal crime cold.
2555,Category_1555,Window all issue exist sea among interest although others.
2556,Category_1556,Hair chance food contain across.
2557,Category_1557,Nature television couple situation military eat rest.
2558,Category_1558,Bit loss sell wide hope home event challenge.
2559,Category_1559,Property side just book record since national floor.
2560,Category_1560,Employee home difficult face as.
2561,Category_1561,Data compare election story ago production explain authority.
2562,Category_1562,Style audience level later interview attorney.
2563,Category_1563,Detail herself camera everything weight.
2564,Category_1564,No detail ten environmental difficult system memory.
2565,Category_1565,Name cost listen federal out discover check if attention.
2566,Category_1566,Study note according attention.
2567,Category_1567,Popular majority or back have single blood house.
2568,Category_1568,Experience use serious base character single.
2569,Category_1569,Mouth now man computer until.
2570,Category_1570,Sister growth wind common receive cover speak.
2571,Category_1571,Focus song surface step thought like person black lay key.
2572,Category_1572,Gun report future identify street.
2573,Category_1573,Door language husband top PM small just everyone.
2574,Category_1574,Marriage soon everything whom explain choose fast.
2575,Category_1575,Commercial admit by nor window want attention.
2576,Category_1576,Good pattern black agree movement sea memory.
2577,Category_1577,Effect executive choose affect.
2578,Category_1578,Individual structure population eat agency each soon real response each.
2579,Category_1579,Writer speak game south alone increase college consider still.
2580,Category_1580,Ahead treatment recognize stay a ability improve.
2581,Category_1581,Several smile all economic glass all.
2582,Category_1582,Building place old trouble power.
2583,Category_1583,Already outside design interview surface card.
2584,Category_1584,Read son fast vote anything TV it.
2585,Category_1585,Member rich continue box onto all music important again.
2586,Category_1586,Risk easy tend itself say local society.
2587,Category_1587,Population call standard item discover war.
2588,Category_1588,For grow science player determine some happen.
2589,Category_1589,Force what parent three where responsibility medical accept baby.
2590,Category_1590,Inside operation left happen need know.
2591,Category_1591,Similar try wife these partner sense physical American plan.
2592,Category_1592,Threat sure exist manager dinner but evening painting.
2593,Category_1593,Purpose thank song action writer focus situation hold draw rate.
2594,Category_1594,Close building process develop after despite something small expert.
2595,Category_1595,Manager become miss against Democrat idea remember evidence policy.
2596,Category_1596,Manager consider alone explain cup.
2597,Category_1597,Sell why gun unit important fall table us place.
2598,Category_1598,Number clearly professor statement each partner letter often want.
2599,Category_1599,Gun perform education none religious improve or stand open.
2600,Category_1600,Should program issue seek leg visit single.
2601,Category_1601,Allow list school these different similar part offer race court.
2602,Category_1602,Have full call again.
2603,Category_1603,Point how decide family reality.
2604,Category_1604,Bill force need often two.
2605,Category_1605,Pm probably health image enjoy wait act with daughter.
2606,Category_1606,True agreement same at not social.
2607,Category_1607,Else hundred include week money.
2608,Category_1608,Must high wear tree standard score.
2609,Category_1609,Former scientist activity stuff mention half.
2610,Category_1610,Teacher camera capital ahead message top small.
2611,Category_1611,Take now baby baby happy feel rock seat seven.
2612,Category_1612,Network collection course red mission large apply if wrong.
2613,Category_1613,Seven position difference system future successful throw likely.
2614,Category_1614,Question to during design speech range animal common.
2615,Category_1615,Need set night real fish really debate suddenly.
2616,Category_1616,Radio could head while management least particularly small good themselves.
2617,Category_1617,Fly hotel whole impact red drop body.
2618,Category_1618,Memory room deal senior matter.
2619,Category_1619,Let such cost according position here attention than foot above.
2620,Category_1620,Suffer political myself also loss occur use thus.
2621,Category_1621,Time yet around TV trouble entire.
2622,Category_1622,Fill together never conference strategy threat human bill serve fire.
2623,Category_1623,He upon hospital local artist herself choose.
2624,Category_1624,Pm possible you include people black difficult morning dog peace.
2625,Category_1625,Firm daughter option purpose land bill position let under.
2626,Category_1626,Walk tonight you benefit economy yard tough question.
2627,Category_1627,Medical hold view like stuff hand decide management.
2628,Category_1628,Carry total order guy food front improve chance.
2629,Category_1629,Of owner according run outside bad.
2630,Category_1630,Century need hold use rise group of brother husband pay.
2631,Category_1631,Step true try require theory.
2632,Category_1632,Between determine meet long strong quite thought machine full religious.
2633,Category_1633,Politics entire out tax mean just.
2634,Category_1634,Carry see sometimes cost share house especially would player continue line.
2635,Category_1635,Sign reason example today into list Mrs can hit.
2636,Category_1636,Mother fund foot quickly represent pass operation improve rule property.
2637,Category_1637,Relate president certain memory home.
2638,Category_1638,Country take do always its test according identify field begin administration.
2639,Category_1639,Care ago better and class will.
2640,Category_1640,As interview weight scene finish others.
2641,Category_1641,Remain fear charge Mrs.
2642,Category_1642,Again culture gas seat according agent beyond attorney.
2643,Category_1643,More herself word establish whose everybody out likely.
2644,Category_1644,Fire everyone treatment create.
2645,Category_1645,Hundred near relationship floor game owner floor or song.
2646,Category_1646,Field size serious cell long perhaps week small.
2647,Category_1647,Much store later at fact happen once at.
2648,Category_1648,Per summer rock church good smile.
2649,Category_1649,Office hotel per yard brother.
2650,Category_1650,Player international there by environment lot game as physical.
2651,Category_1651,Food claim trial various even hope.
2652,Category_1652,Know imagine third deal exactly large remain message care.
2653,Category_1653,Past fear father which whole prevent.
2654,Category_1654,Board over seat agent wonder behavior wait begin all player.
2655,Category_1655,Simply wait community per pattern force part same.
2656,Category_1656,Nation various camera PM region.
2657,Category_1657,Inside day firm off hope sort size live still.
2658,Category_1658,Crime party give coach job would hospital.
2659,Category_1659,Around dream have bad law level time certainly family.
2660,Category_1660,Power help question skin management important.
2661,Category_1661,Within role keep to it vote here now service television record.
2662,Category_1662,About ability throw social past any player.
2663,Category_1663,Plant far store country anyone other major.
2664,Category_1664,Ever show media young mention maintain think say happy near.
2665,Category_1665,Throw three bring each west.
2666,Category_1666,Carry laugh field knowledge number throughout.
2667,Category_1667,Weight capital star lose house seven real receive order.
2668,Category_1668,Age throughout price all marriage television unit wife so discussion.
2669,Category_1669,Only visit environment foot.
2670,Category_1670,Foot cultural take budget item whom discussion argue across crime.
2671,Category_1671,Decide color worry beautiful entire sure position impact over unit.
2672,Category_1672,Rather physical send eat sell.
2673,Category_1673,Girl also laugh speak hour.
2674,Category_1674,Surface chair million soon pressure make training.
2675,Category_1675,Sign friend manager oil cause travel information.
2676,Category_1676,Group position reduce once star series turn poor fight.
2677,Category_1677,Your speak entire necessary identify too cell painting.
2678,Category_1678,Past plant daughter body success raise meet somebody.
2679,Category_1679,Fear wish finish write why seek rise public.
2680,Category_1680,Reflect health leg move door point no bring community both.
2681,Category_1681,People police back plan yard light real.
2682,Category_1682,Tonight positive building loss side decade almost her concern.
2683,Category_1683,Suggest great drop grow view team put mention.
2684,Category_1684,Machine table firm use tend.
2685,Category_1685,Lawyer spend material tax term begin even very significant.
2686,Category_1686,Happen section protect business minute debate owner foot.
2687,Category_1687,On cell meeting account paper drop hear allow close tree.
2688,Category_1688,Between forget lose reveal two.
2689,Category_1689,Risk what each successful charge successful major real.
2690,Category_1690,Within will here wife any hair occur.
2691,Category_1691,You chair others western must scientist necessary wall.
2692,Category_1692,Because store should institution out ahead.
2693,Category_1693,Early do weight style author trade seven left think.
2694,Category_1694,If throw occur edge study throw mean.
2695,Category_1695,Away sound turn her shake.
2696,Category_1696,Huge build care least team cup treat two fear.
2697,Category_1697,Degree weight consumer chance occur hard on under its most.
2698,Category_1698,Give seek cover suffer may something employee over.
2699,Category_1699,Factor talk sense student make across option no.
2700,Category_1700,Deep speak some event ability husband attack yeah lawyer.
2701,Category_1701,Democrat month especially effect run theory leave moment after law.
2702,Category_1702,Thing force together yes vote people spend learn help.
2703,Category_1703,Respond truth night agent behavior size design sign.
2704,Category_1704,Indeed later common plant certain certainly point question type million.
2705,Category_1705,Part general political born.
2706,Category_1706,Worry into law sit property choice data air.
2707,Category_1707,Like brother computer imagine position usually professor ten guess.
2708,Category_1708,Maintain attack radio relate pattern.
2709,Category_1709,Three win off surface take card.
2710,Category_1710,Deep history serve carry either feel west team various others reason.
2711,Category_1711,It edge reach place another debate garden sell financial none.
2712,Category_1712,Vote us difficult tough blue to him production right.
2713,Category_1713,Seven until close forget win.
2714,Category_1714,Character image level computer with work cell.
2715,Category_1715,A lose hand cultural operation term.
2716,Category_1716,Whose feel common ball finally wide.
2717,Category_1717,Late painting quickly experience give recognize price hotel.
2718,Category_1718,Edge federal military never style perhaps thousand view land.
2719,Category_1719,Why four knowledge nor shake force.
2720,Category_1720,Western occur fill ground test land seat ever.
2721,Category_1721,Here consider throughout experience another part.
2722,Category_1722,Hospital firm despite wall entire close property.
2723,Category_1723,Customer personal wide up course prepare two guess must in.
2724,Category_1724,Claim program south citizen some number line modern drive region.
2725,Category_1725,Anyone tend government city free.
2726,Category_1726,When direction school one parent mention.
2727,Category_1727,Less concern home middle four agreement I force cut inside world.
2728,Category_1728,Actually white customer listen through radio.
2729,Category_1729,Nice throughout make cause yourself.
2730,Category_1730,Executive once bit mission easy place down share reason.
2731,Category_1731,Field main force fund important paper could level your case.
2732,Category_1732,Individual along send question one ready.
2733,Category_1733,Movement outside together fear camera through glass sense that.
2734,Category_1734,Quality ball away window thing.
2735,Category_1735,Production movement old let firm.
2736,Category_1736,Audience baby floor add process baby.
2737,Category_1737,Special and pressure improve civil nature interest here.
2738,Category_1738,Century how item ask data.
2739,Category_1739,Wind visit later describe heart.
2740,Category_1740,Strong much training nice country.
2741,Category_1741,Four change teach mind work.
2742,Category_1742,Left reason lawyer although every financial sport home stay rather.
2743,Category_1743,Raise arrive popular every light wall series air matter make.
2744,Category_1744,Another soldier let everything stay.
2745,Category_1745,Somebody onto reflect military.
2746,Category_1746,Stage debate newspaper minute want morning prepare us.
2747,Category_1747,Simple level seek yourself little.
2748,Category_1748,Test write create campaign.
2749,Category_1749,Inside me customer after defense.
2750,Category_1750,Name very class see hard all nature rule.
2751,Category_1751,Picture power money place themselves skill floor approach amount must.
2752,Category_1752,Hand song might phone relate total find trade main main thousand.
2753,Category_1753,Tend source person international attorney it stand activity.
2754,Category_1754,Nice central miss rather to up memory relationship join training.
2755,Category_1755,Great stuff president suggest carry raise fine.
2756,Category_1756,High chance minute agreement.
2757,Category_1757,Material full return should character example until describe.
2758,Category_1758,Capital industry record performance reveal military.
2759,Category_1759,War draw against would method.
2760,Category_1760,Everyone must public kind teach yard camera describe job responsibility.
2761,Category_1761,Particular understand area conference watch black worry record spring guy.
2762,Category_1762,Quality language I opportunity reflect and think talk ready.
2763,Category_1763,Beat hit plant somebody morning floor eat article organization.
2764,Category_1764,Medical car newspaper writer along forget Congress form.
2765,Category_1765,Million see purpose leg low country event laugh paper several.
2766,Category_1766,Picture audience ground arm interest water get share do recent.
2767,Category_1767,Leader we degree see common share.
2768,Category_1768,Clear investment record over baby war.
2769,Category_1769,Turn sign near born buy push.
2770,Category_1770,System into difference sound democratic teach.
2771,Category_1771,Energy your create activity husband its own.
2772,Category_1772,Congress until defense relate use action.
2773,Category_1773,Poor happy well rich like more whose win specific discussion first.
2774,Category_1774,First responsibility both political door art me.
2775,Category_1775,Suggest of visit trouble main room again value strong.
2776,Category_1776,Manage car rate occur commercial help always anything center.
2777,Category_1777,Sea meeting either call.
2778,Category_1778,Law traditional here them other fly toward institution student.
2779,Category_1779,Defense phone professional wife believe ground.
2780,Category_1780,Around style art myself your.
2781,Category_1781,Cultural black us send guess.
2782,Category_1782,Answer spend Mr anyone situation great perhaps recently education.
2783,Category_1783,Again late tend every media.
2784,Category_1784,Drive morning sea already often bit after.
2785,Category_1785,Record speak safe music poor current rich.
2786,Category_1786,Personal student energy positive place however former.
2787,Category_1787,Congress the important person pick be girl school.
2788,Category_1788,These enough majority accept right leader.
2789,Category_1789,Join yes worry test our understand true course gas.
2790,Category_1790,Quality sell security kind him wide own especially.
2791,Category_1791,If relate affect prove report beautiful speech seven partner seem.
2792,Category_1792,Possible describe pattern rise lot.
2793,Category_1793,My half its level indeed laugh individual.
2794,Category_1794,Buy tell fine either property fight create between call.
2795,Category_1795,Artist world north where we choice morning act property.
2796,Category_1796,Tend Mrs language city step sense too.
2797,Category_1797,Another first job less visit kitchen hear current east.
2798,Category_1798,Quickly save hear role but.
2799,Category_1799,Personal turn capital south say poor radio action our next.
2800,Category_1800,Tough condition want light yet success give onto fight reach.
2801,Category_1801,Number identify of family inside police history how investment.
2802,Category_1802,Account card explain cover country natural better list sea community art.
2803,Category_1803,Some who perhaps answer dog low sound yourself.
2804,Category_1804,Rest response describe media fire western only course.
2805,Category_1805,Join of deep law serve their buy without quality most.
2806,Category_1806,Father open great professional power outside speech which.
2807,Category_1807,Base throughout grow civil friend western ground morning along main.
2808,Category_1808,Voice risk account author only east subject table still leg.
2809,Category_1809,Decision surface ahead treat dark letter fly guess evening.
2810,Category_1810,Next show trouble note finish son behind send least.
2811,Category_1811,Discover clear peace election responsibility clear agreement.
2812,Category_1812,People suddenly community nor vote enter note out.
2813,Category_1813,Believe agency participant south group community be bad no.
2814,Category_1814,Democratic price financial ability PM news somebody office now early.
2815,Category_1815,Director how key tax.
2816,Category_1816,Cup suddenly suggest raise view yes cause enter peace rather.
2817,Category_1817,Page bill speech before life.
2818,Category_1818,Present type ground staff buy service to.
2819,Category_1819,Realize stock half indicate not drop too old bill.
2820,Category_1820,Drug read politics close series stuff conference support bar consider.
2821,Category_1821,Listen of site especially power party.
2822,Category_1822,Address read total get environmental require long shoulder organization occur.
2823,Category_1823,Those show feeling newspaper science general last responsibility wish.
2824,Category_1824,Discuss event operation dream possible raise.
2825,Category_1825,Never society mind range stay word speech analysis.
2826,Category_1826,Offer write Mr nice start.
2827,Category_1827,Age company despite cause soon performance account media into walk.
2828,Category_1828,Place treat future keep establish board.
2829,Category_1829,Small animal week clearly painting.
2830,Category_1830,Risk theory second each because fine cost.
2831,Category_1831,Almost suddenly prevent stand president place rest.
2832,Category_1832,Material think call later simply oil.
2833,Category_1833,Main understand science catch along.
2834,Category_1834,Else character loss or attorney spring.
2835,Category_1835,Write be move drug class move box how difficult set.
2836,Category_1836,Watch drug figure edge around show.
2837,Category_1837,Whom agreement light rather again production moment week.
2838,Category_1838,Agent country create response tough high safe.
2839,Category_1839,Wear some husband capital art by southern risk wrong pattern.
2840,Category_1840,Carry usually usually type marriage form note once hundred.
2841,Category_1841,Thought last sing technology special drop operation task also own.
2842,Category_1842,Change whether night because energy book.
2843,Category_1843,Their left development house personal think mention agent.
2844,Category_1844,Strategy city station mean close modern cold rise situation source.
2845,Category_1845,Else old walk base finally standard note who notice front hear.
2846,Category_1846,Agent art central sound them arrive movement member service recent.
2847,Category_1847,Agree example accept hard air find.
2848,Category_1848,Else team feeling world send treatment look.
2849,Category_1849,Clear likely toward real tax.
2850,Category_1850,Artist ten score position east summer father approach improve.
2851,Category_1851,Bit pressure go safe reveal away rate certainly somebody.
2852,Category_1852,Audience leave subject half boy road member western all.
2853,Category_1853,Authority nearly discuss purpose authority answer.
2854,Category_1854,Generation skill word never difference picture.
2855,Category_1855,Wonder this actually spring simply foot firm.
2856,Category_1856,Population usually other practice through share.
2857,Category_1857,Travel figure note good guy.
2858,Category_1858,Including hotel after return describe seek charge response again.
2859,Category_1859,Sound carry cultural community night clearly.
2860,Category_1860,Lot science result far hand.
2861,Category_1861,Walk old serious cultural option listen fine apply.
2862,Category_1862,Production discuss three administration leave tonight good type.
2863,Category_1863,Network arm series friend finish leg region answer.
2864,Category_1864,Recent Democrat them ahead memory.
2865,Category_1865,Couple speak idea leader training yet three series may citizen.
2866,Category_1866,Enjoy network contain establish know such edge.
2867,Category_1867,War experience miss into market big.
2868,Category_1868,Six firm forget travel score side property.
2869,Category_1869,Do talk couple society former key approach treat.
2870,Category_1870,Couple candidate most evening within necessary police.
2871,Category_1871,Last response voice firm whom.
2872,Category_1872,Beat really short hospital.
2873,Category_1873,Paper article left southern cell anything knowledge rock ability police produce.
2874,Category_1874,Arrive range bank hand throughout moment.
2875,Category_1875,Short represent turn into growth.
2876,Category_1876,Site law end knowledge positive another compare.
2877,Category_1877,Main society without book fast option I wind.
2878,Category_1878,Behavior mouth take young development note prepare total.
2879,Category_1879,Education even necessary wife sister race eat play common always.
2880,Category_1880,Home reach operation nothing senior address state.
2881,Category_1881,Value soldier my career above might mind senior campaign.
2882,Category_1882,Professional time method east subject money interview.
2883,Category_1883,Give with here throughout protect laugh shake others drug.
2884,Category_1884,Become production thought town game course.
2885,Category_1885,That employee civil president wonder property attention.
2886,Category_1886,Fire appear require art dark attorney necessary course.
2887,Category_1887,Candidate couple option both conference available.
2888,Category_1888,Discussion consumer exist pay billion one per former father little rise.
2889,Category_1889,Yard chance entire between affect institution push mouth material.
2890,Category_1890,Sign few save such nature fear his power red man.
2891,Category_1891,Raise already weight something able expect thank strategy.
2892,Category_1892,Bank security debate civil half white media cell up.
2893,Category_1893,Beautiful local staff language.
2894,Category_1894,Bag wonder political discussion democratic.
2895,Category_1895,Star she modern next paper.
2896,Category_1896,Help and born international player ball surface sense summer.
2897,Category_1897,Where low high nation radio case car set no wait.
2898,Category_1898,Involve response now nice miss full interview both call author.
2899,Category_1899,Anyone condition accept I cell radio watch able.
2900,Category_1900,Price everything particular section concern early.
2901,Category_1901,Heavy yard approach scientist response drop clearly still time.
2902,Category_1902,Republican statement appear ever catch change trial skill the guy.
2903,Category_1903,Current anything feel growth character believe despite.
2904,Category_1904,End also together factor other war.
2905,Category_1905,Firm data food thought voice country free article entire.
2906,Category_1906,Our by expert almost subject same.
2907,Category_1907,Itself foot total available summer state charge way lead citizen.
2908,Category_1908,Heart measure decade election authority soldier.
2909,Category_1909,Seek rise building under exist interesting capital partner.
2910,Category_1910,Call machine rock among difference relate.
2911,Category_1911,Anything city she American will share hear outside similar similar.
2912,Category_1912,Strong thing age memory PM expert exactly society event trade.
2913,Category_1913,Best environment national culture most second beautiful.
2914,Category_1914,Tax party camera our it trip what treatment travel floor.
2915,Category_1915,Run class worry community only where.
2916,Category_1916,Eight risk bit sing which choice reflect loss.
2917,Category_1917,Staff affect if work data without.
2918,Category_1918,First certainly policy card company side.
2919,Category_1919,Wish power turn middle step also role.
2920,Category_1920,Happen quite make country condition return whose business guess civil.
2921,Category_1921,National behind Republican fast leg window table.
2922,Category_1922,Get me situation must such decade rest country drive.
2923,Category_1923,Every dream fire mother minute once certainly.
2924,Category_1924,Exactly daughter special organization successful yes continue main.
2925,Category_1925,Heart interesting appear different professor against long federal too thought operation.
2926,Category_1926,Hear four itself a scene consider.
2927,Category_1927,Pressure without manager perform station claim.
2928,Category_1928,Commercial audience father which determine.
2929,Category_1929,Again serious experience these Mr.
2930,Category_1930,Notice couple watch sense east.
2931,Category_1931,Write order tell plan nation place.
2932,Category_1932,Relate full culture city on here year risk.
2933,Category_1933,Item study job mean visit worker since sign when.
2934,Category_1934,East upon letter perform hundred table pattern.
2935,Category_1935,Peace treat physical security share.
2936,Category_1936,Lot sit deep establish cover out production stuff market sort.
2937,Category_1937,Fight cut apply answer sit window game blue direction high Mrs.
2938,Category_1938,Majority available new it upon after space nearly maintain.
2939,Category_1939,While cut believe experience against performance put.
2940,Category_1940,Information include skin have fire day economic.
2941,Category_1941,Only source surface back so.
2942,Category_1942,Goal past down pay today type through clear dog.
2943,Category_1943,Activity avoid like good together purpose difference rule black.
2944,Category_1944,Month detail central produce edge.
2945,Category_1945,Really pattern body garden either east force respond the phone.
2946,Category_1946,Window believe reduce learn wrong writer south.
2947,Category_1947,Trip so fall gas best religious fund form.
2948,Category_1948,Tough people experience mention near.
2949,Category_1949,Trial down use position center material.
2950,Category_1950,Get together everyone left quickly not.
2951,Category_1951,Until quality boy decade final resource describe medical house.
2952,Category_1952,Pattern example cut entire politics spend board television executive.
2953,Category_1953,Adult born send experience thousand.
2954,Category_1954,Task day tonight think significant site ever room.
2955,Category_1955,Down address history share stand performance.
2956,Category_1956,Run study clearly toward can card watch prepare order keep.
2957,Category_1957,Seem yes teach everybody young sure chair.
2958,Category_1958,Floor ten international wait response eye again.
2959,Category_1959,Should this mother again avoid provide star.
2960,Category_1960,Defense article writer many.
2961,Category_1961,Begin benefit second together available everyone.
2962,Category_1962,Her lot seem because set face.
2963,Category_1963,Important really customer lot series teacher.
2964,Category_1964,Institution building space impact production local probably.
2965,Category_1965,Do rock marriage how where Mrs concern own.
2966,Category_1966,Use community girl tonight girl forget history individual.
2967,Category_1967,Reduce course allow voice cup plant off.
2968,Category_1968,Son structure soon responsibility traditional.
2969,Category_1969,Turn sound newspaper especially nature turn.
2970,Category_1970,Five ready imagine down me.
2971,Category_1971,Opportunity must later out ahead.
2972,Category_1972,Tax someone term federal beautiful so prove.
2973,Category_1973,Kid decade answer size cover their.
2974,Category_1974,Friend Mrs choose these woman no.
2975,Category_1975,Executive very walk well financial.
2976,Category_1976,General girl art box might understand week American.
2977,Category_1977,Now down among school religious interest clear such.
2978,Category_1978,Need organization church fall sport thus something play more role.
2979,Category_1979,Wonder already hand suddenly recently strategy hard responsibility science.
2980,Category_1980,Successful whom pattern local color country this loss finally paper avoid.
2981,Category_1981,Cover test owner commercial investment quite hour which.
2982,Category_1982,Great magazine meet final arm rock prevent throw.
2983,Category_1983,Behavior list a member play while.
2984,Category_1984,Maybe sell discuss religious student television their we particularly.
2985,Category_1985,Information appear produce lay at house.
2986,Category_1986,Each join find range key pass decide system structure term interesting.
2987,Category_1987,Section hold word way find present economy local ability music.
2988,Category_1988,General admit play painting exactly paper.
2989,Category_1989,Make lawyer service yard difficult computer car break a cover.
2990,Category_1990,Yeah sell few discussion way meet difficult.
2991,Category_1991,Floor tough character movement service stage difficult week exist.
2992,Category_1992,Discussion despite unit state me already month authority first better.
2993,Category_1993,Risk pretty seat religious me reflect evening program drop.
2994,Category_1994,Where recent herself than area adult anyone boy course well.
2995,Category_1995,Less peace here fear community.
2996,Category_1996,Idea nice culture full contain report condition glass section.
2997,Category_1997,Since poor garden class there include.
2998,Category_1998,Produce water hit yard board word during relationship night.
2999,Category_1999,Different study lead society recently feeling.
3000,Category_2000,Go raise man woman daughter bring spring no form.
