Customer_ID,Customer_Name,Email,Password,Phone_Number,Address,Created_At
CUST046657,Norma Fisher,robertserin@beasley-thompson.com,2@0TcVheo&,9504332250,"09892 Bonnie Manor Suite 607, Jessicaborough, NE 08174",44376
CUST369743,Jorge Sullivan,vlong@villa.net,6Qi_Ay7V_9,9603063356,"724 Christopher Flat, Joshuaborough, GA 66803",45702
CUST513148,Elizabeth Woods,hthompson@gmail.com,p2D)5Ozr^a,9720374465,"86673 Joshua Place, Carterfort, MT 58866",45468
CUST492086,Susan Wagner,kscott@gmail.com,l#67&Um4@!,9435804971,"3685 Lisa Brooks, Garytown, TX 23104",44222
CUST643477,Peter Montgomery,hollyhernandez@turner-mills.org,x13&DOjo_4,9730778386,"226 Kristin Oval Suite 653, Phillipstown, IA 74287",44967
CUST075864,Theodore Mcgrath,carpentersusan@hotmail.com,i9$)0E4pBH,9459972268,"8672 Williamson Streets Suite 796, New Joshua, AR 81761",44744
CUST128049,Stephanie Collins,daviswilliam@howard.com,5E)SFbH5+k,9110857455,"019 Johnathan Lodge Apt. 794, Taylorborough, AR 14560",44216
CUST333991,Stephanie Sutton,cannonvalerie@green.com,7_y7xMtO(4,9249845519,"625 Rich Drives Apt. 364, East Kristenmouth, TX 18044",44616
CUST677441,Brian Hamilton,pmoreno@hotmail.com,)4%ZnZFG_R,9951576323,"169 Odonnell Station Apt. 272, Sandystad, TX 95753",44482
CUST233932,Susan Levy,michelleramos@melton.com,&$Z2cB0bT2,9391194374,"759 Rose Fork Apt. 053, South Thomashaven, FL 12376",44841
CUST391699,Sean Green,lee79@luna-hall.com,pw++2^OqbG,9579755662,"465 Maria Springs, Austinville, CA 37673",44939
CUST995272,Kimberly Smith,xyoung@ford-skinner.com,8oHiokuT_7,9229339272,"043 Lamb Well, Port Christopher, OK 58494",44952
CUST939706,Jennifer Summers,christian63@gmail.com,_p6cLv0hb3,9075572844,"506 Philip Drives, North Manuel, MI 37292",45609
CUST817952,April Snyder,robertcollins@gonzalez.com,WnpYf^4E+0,9495091705,"07083 Henry Mills, Amandabury, CO 60293",45690
CUST338183,Dana Nguyen,haroldperez@gmail.com,BUV2OJyUk^,9237002480,"231 Peter Dam Suite 889, Stevenside, CT 05041",44202
CUST004050,Cheryl Bradley,umendoza@yahoo.com,8%GzmiF))2,9585629850,"1464 Harris Road, West Thomas, ID 74257",44475
CUST356523,Walter Pratt,thomasbishop@yahoo.com,$#l8EYt1r9,9457768634,"046 Henderson Villages Suite 015, Hamiltonhaven, DE 91307",44500
CUST552648,Bobby Flores,craigmiranda@foster.com,!o7JW_htlp,9812386595,"180 Cory Dale, Port Kyletown, NH 49175",44256
CUST493528,Tasha Rodriguez,zjones@cervantes-jones.com,&XFGzzb_2K,9378859066,"7651 Lane Terrace, New Alyssaville, AL 49446",44721
CUST964034,Michelle Kelley,msanchez@norman.com,)WCs@Minb5,9645700251,"145 Hansen Throughway Suite 535, North Marystad, ND 16406",44298
CUST002660,Kimberly Maynard,kedwards@small.biz,(5NClv%wu%,9163051638,"PSC 4697, Box 1135, APO AP 01521",44077
CUST657240,Laurie Wallace,william47@gmail.com,)4oJSsKfK+,9665487881,"5859 Tyler Prairie, Port Stephenchester, MD 44009",44532
CUST684833,Janice Johnston,kellytimothy@robinson-howell.com,@9NH@wIcWN,9501602031,"25236 Hartman Islands, Collinsmouth, CT 09982",44799
CUST651624,Collin Lopez,jacquelinechapman@gmail.com,(k*4YMjY%W,9290489062,"PSC 1087, Box 0748, APO AE 39515",44829
CUST365687,Mary Alvarez,gabrielwillis@hotmail.com,(3)oTifCSv,9065362947,"3021 Amy Forks Suite 372, Johnshire, MI 80648",44134
CUST757676,Peter Mcdowell,thompsonstacy@campbell.com,v1PjFqh%(z,9410868256,"9986 Wong Islands Apt. 138, North Susan, KY 56311",45774
CUST759366,Sarah Villanueva,clarkwesley@lozano-jackson.com,x4I8df8G%m,9026184885,"93951 Megan Courts Suite 740, Lewismouth, WV 20394",44025
CUST555018,Kimberly Myers,sweeneyana@yahoo.com,+^0L!IIe^L,9921797482,"3731 Eric Streets, South Davidfort, AK 25382",44886
CUST783169,Desiree Cain,melissabryant@yahoo.com,SS(5)MIdC%,9796741829,"392 Miles Parks, Lake Edward, SD 11415",44602
CUST065535,Stephanie Lawrence,jamie83@harris.org,(ujK7d8P#4,9088380413,"351 Krueger Land Apt. 307, Acevedoside, GA 62891",45613
CUST251420,Lauren Hayes,kayladunn@hotmail.com,)AE(4$src3,9382195310,"367 Johnson Wells, Greerborough, CA 27762",45815
CUST929159,Whitney Stark,mcmillanjohn@hotmail.com,rv$w6NBz5L,9147588162,"USS White, FPO AP 55586",44996
CUST188632,Angela Salazar,dbrown@levine.net,f6rW37)x(5,9445508370,"118 Steele Junctions, Smithport, TX 57722",44369
CUST215598,Mr. Ryan Sanchez,richardkelley@chavez-chandler.biz,&0BT9Z9n^A,9527006496,"33473 Cooper Forges, Shortview, AZ 13072",44194
CUST584723,Autumn Robinson,anthonybrown@gmail.com,r95z4ZtC$k,9901301680,"473 Richard Turnpike, North Jason, NE 81295",45416
CUST045016,Faith Cabrera,leedavid@cooper.info,q66DEiwdZ*,9159641176,"758 Thompson Fords Apt. 157, Jenniferfort, OR 40039",44153
CUST186057,Charles Wolfe,tnewman@yahoo.com,UL&8zUDt$e,9405709318,"6290 Nathaniel Junction, East Michaelview, CO 78524",44220
CUST095874,Kenneth Kent,davidclarke@yahoo.com,_wktFThzL9,9085914833,"177 Jordan Crescent, Hawkinsland, MT 65619",45738
CUST532498,Melanie Johnson,julie00@gmail.com,$O(x8RWgQG,9811469814,"2390 Katherine Skyway Suite 109, Aprilhaven, MD 11103",45099
CUST132364,Lisa Johnston,martincynthia@gmail.com,5Iw2g)Uc^+,9338090929,"22850 Morrow Park Apt. 930, Amytown, NJ 42270",44872
CUST803094,Jacob Hooper,thorntonjonathan@riley.com,G_T#4PWwiN,9360852753,"881 Sampson Forest Apt. 336, Payneton, KS 93297",45389
CUST115503,Alex Woodward,austin63@hotmail.com,2xMekhHN^5,9425437729,"579 Vance Land, North Paul, MS 45811",45370
CUST933458,Caleb Clark,lisabarber@hotmail.com,x5mFcyhj%8,9271390171,"6978 Nicole Wall, Lake Robertmouth, WV 41368",44053
CUST495719,Taylor Johnson,walkerwilliam@merritt-mcdonald.biz,(zGmAlRs1t,9569658783,"76248 Blair Viaduct, Wardmouth, NM 63726",45138
CUST530573,Brian Green,parkerpatrick@yahoo.com,=4*q+tXIuq,9333068485,"038 Christine Mountain, Randyside, SC 73039",44528
CUST397947,Matthew Bell,tanya81@white.com,Ew%_2ChFHD,9517090472,"Unit 4900 Box 9773, DPO AP 51964",45634
CUST989493,Jonathan Williams,emilyanderson@hotmail.com,fsDQ7APpF#,9288538793,"5504 Miller Stravenue Apt. 803, New Larryberg, NC 69119",45794
CUST388058,William Gonzalez,ecollins@anderson.info,vO1(jzCeD!,9297537887,"3845 Ortiz Union, East Davidland, NE 02503",44641
CUST343503,Nicholas Massey,brownalexandra@hotmail.com,6x7*SiOv_2,9370990572,"8468 Huynh Parkway Apt. 099, Port Brandymouth, WY 36311",44329
CUST608768,Caroline Chambers,romanjoy@wells.info,^)3B(pD7p%,9511541428,"53927 Yvonne Cliffs Apt. 732, Bushborough, CA 23106",44278
CUST017086,Amy Lowe,brittney08@gmail.com,Io7WbLpq&C,9967884503,"501 Owens Corners Apt. 823, Wallacefurt, TX 06548",44223
CUST716782,Gloria King,xrogers@stevens.com,^tJ#sL5^9%,9608830911,"4906 Robert Course, South Travis, FL 28704",44466
CUST263290,Jessica Thompson,imartinez@hotmail.com,!3EF*pVt^5,9762997426,"0856 Rachel Path, Port Whitneyland, CO 79616",44337
CUST718136,Jason Carroll,fharris@gross.com,(2qJhTc9mv,9115800151,"7070 Walter Port Suite 060, Lake Lucasburgh, MD 02940",45845
CUST992106,Emily Howard,jwhite@fuller.com,Z#C91YrV2*,9011300833,"1156 Potts Ways Apt. 046, Port Chad, LA 69385",44991
CUST478558,Danielle Castro,kathrynsmith@hotmail.com,5##(#2SmZR,9000961012,"PSC 5283, Box 8162, APO AE 97729",45179
CUST323961,Patrick Rogers,kwilkinson@christian.com,OUpjb7Bch$,9365781262,"110 Michael Station, New Lisa, ND 86146",44831
CUST188191,Douglas Allen,kimberlylynch@gmail.com,5w15YXdR#A,9842837792,"2881 Adams Terrace, Pateltown, UT 79900",45150
CUST907944,Heather Roberts,bradleyellison@miranda.com,#q6DWxv91&,9575413784,"09292 Mcclure Key Suite 567, Larrymouth, TX 07256",44329
CUST454927,Travis Schultz,amandacompton@doyle-hughes.info,+1CEn6xz7l,9498765424,"9741 William Crossing, Williamsonmouth, OK 95889",45494
CUST967234,Michelle Hughes,reedmary@gmail.com,A9cI*@Ds)n,9817626336,"77003 Williams Corner Apt. 352, East Wendyview, GA 68530",44629
CUST070710,Matthew Smith,marshallryan@watkins.net,l%2qMWhMQq,9589002031,"56345 Maria Well, Michaelstad, ME 83671",45122
CUST357307,George Allen,brad86@yahoo.com,+%ThGRo30q,9262977604,"982 Robin Mill, North Adam, WY 80835",45597
CUST572734,Jamie Hutchinson,tbooth@martinez.biz,UHne9nrIy$,9152960084,"7039 Joshua Meadow Suite 656, Lake Joel, NY 89525",44208
CUST168069,Jennifer Morales,craig99@yahoo.com,!D2p7SShc+,9009239607,"704 Deborah Knoll, Westland, PA 61989",44873
CUST360427,Jennifer Bates,mjohnson@harris.com,Y4TlMnoY#I,9066158823,"34638 Young Corner Suite 286, North Laura, MS 93649",44330
CUST667670,Jeremy Green,rjordan@gmail.com,%wTS0HQv!z,9095172991,"54463 Martin Street Suite 389, Port Jacobbury, IA 71951",45442
CUST376939,Joseph Freeman,kingchristopher@hotmail.com,ZkPsaCOp&1,9245199159,"77976 Adam Via, Jacobston, GA 38252",45808
CUST069569,Nicole Henson,alan90@hotmail.com,n59WaJ8g)k,9878222947,"5305 Steve Skyway, New Samantha, RI 11359",45536
CUST214593,Eric Owens PhD,fostershari@yahoo.com,#AFH9pcbo3,9549356463,"335 Debra Extension, North Ryanborough, MT 54425",44737
CUST922217,Robin Lopez,gfernandez@hotmail.com,%wFtJf8UE7,9652836385,"9699 Rodriguez Trail Apt. 066, Jasonland, MA 79376",44687
CUST775092,Miss Angela Swanson DVM,xhull@yahoo.com,@f5BAw&yJ+,9706304813,"09566 Orr Run, New Tyler, NE 31849",44587
CUST043911,Michael Stewart,stewartlisa@moore.org,kr7QYBjn*u,9548479141,"077 Jorge Ville, North Miguelport, IA 37324",45766
CUST302717,Mitchell Smith,megan20@yahoo.com,2S#7WDlN%&,9207433181,"Unit 1547 Box 3340, DPO AP 32380",44609
CUST651823,Kelsey Davis,pruittstephanie@hotmail.com,Z_D8B6G#7l,9867004705,"4791 Michael Keys Apt. 918, Lake Krista, MO 14770",44257
CUST714158,Matthew Russo,brian47@hotmail.com,F6B(8dYy#z,9002351801,"USS Obrien, FPO AA 29659",44401
CUST526754,William Garcia,mfleming@flores.com,qE_8Vl0b!9,9997338912,"982 Guy Roads, Millsside, CO 35185",45529
CUST697866,Jennifer Miller,jonathanstuart@hotmail.com,v_7RVYQmq@,9116920576,"PSC 3295, Box 0956, APO AP 46036",45192
CUST909609,Jesse Sparks,aimee44@hotmail.com,#8rKDs*Y@7,9641473690,"252 Anderson Summit, Langfort, MO 16228",44775
CUST718256,Brandi Meyer,bgibbs@yahoo.com,&6sKzN^c@i,9863296298,"230 Theresa Roads Suite 121, Anthonystad, UT 09216",44624
CUST617974,Hannah Wiggins,matthewscynthia@gmail.com,8+*3L2jz%a,9028237142,"40657 Harvey Squares Apt. 633, Lake Travisville, SC 96674",45530
CUST772003,Albert Williams,chadhaley@wilson-roberts.net,xY@5*Azta7,9232013797,"778 Kaitlin Junctions, East Crystaltown, MS 63231",44707
CUST007841,Kristin Potts,johnsonjillian@smith.com,tREz#H@+)0,9440514663,"6442 Barton Crescent Apt. 221, Deborahview, IL 89937",45724
CUST514652,Susan Williams,molinajose@hotmail.com,D55DMQOk)M,9292958770,"0059 Michelle Valley Suite 972, Spencerport, MO 27891",45674
CUST590390,Meredith Rios,daniellelopez@hotmail.com,$^4!SbC2ta,9038089855,"452 Gary Rapid, New John, AZ 92351",44813
CUST209827,Stephanie Bowman,ejones@mann.com,T39MDrxsg!,9434643016,"Unit 0809 Box 4097, DPO AA 44361",44196
CUST279695,Joshua Clark,emma87@sanders.org,%D03zP_pi(,9562755115,"639 Eddie Row, New Courtneychester, DC 99239",45764
CUST810999,Alexa Hernandez,torresadrian@yahoo.com,)5T34lPdCl,9863476803,"8016 Diane Forges Suite 511, Kevinbury, PA 35691",45430
CUST766514,Richard Higgins,websterjesse@morales.net,ws0Mc3Do@I,9372070191,"489 Nicole Extension Apt. 538, Port Vanessaland, DE 88453",44191
CUST430950,Marc Williams,jonathanmunoz@rhodes.com,pz5E0rJH@@,9566834983,"9021 Shane Hills Apt. 525, Wrighttown, HI 73569",45090
CUST866896,William Roberts,anthony44@saunders.com,u9S1ow0U+y,9931051917,"9479 Aaron Village, Kristenfurt, MT 78485",45830
CUST362407,Joshua Carter,joneskristen@griffin.com,sdzW(nu0%6,9316903547,"77009 Stanton Curve, Smithside, ND 68882",45370
CUST244633,David Williams,bellannette@gmail.com,%640JZv0Vk,9287274623,"045 Jessica Heights Apt. 784, South Dana, MS 13729",45758
CUST883223,Joseph Jones,jeanne35@yahoo.com,&ciFCeJvL5,9872093158,"57885 David Well, Snowport, AZ 90758",44217
CUST014250,Gary Perry,mason88@benson-hughes.com,_(DgMznsV4,9788749578,"9401 Hughes Road, North Moniquemouth, RI 27588",45789
CUST669437,Terry Wells,aprilwebster@yahoo.com,nb^%A3Pwtj,9710612271,"61209 Campbell Plaza, Moorebury, PA 57212",44777
CUST400674,Vanessa Cooper,csmith@hotmail.com,I_$05zeuDM,9217576158,"9864 Mendez Hollow Apt. 615, South Alexanderfurt, MA 17213",44064
CUST734453,Michael Simmons,tmarks@cochran-garcia.com,)pl1TyHtcD,9745674012,"99921 Turner Walks, Travisside, CO 13395",45262
CUST865412,Nicholas Kline,kimberlymaynard@anderson.com,fXO%3%*w+(,9930416053,"749 Beth Forest, Torresview, NE 16077",45247
CUST783367,Lori Bennett,kristagarcia@jackson-anderson.com,_6qWlQsw*t,9614892150,"81329 Bonilla Key, East Sarah, SD 70417",44481
CUST006730,Margaret Jones,megan31@hotmail.com,G^4^7YGxnO,9844914910,"746 Sanchez Street Apt. 120, North Jackson, MD 16676",45578
CUST541542,Paul Brown,neilobrien@yahoo.com,_82bIp9dzH,9541499011,"18364 Elizabeth Trafficway, Deniseton, CO 78377",45648
CUST608485,James Stone,xlee@jones.com,=+yOBR0Ngw3,9244236919,"85282 Sandra Flat, Lake Amber, KY 83202",45425
CUST375071,John Richards,ecruz@lynn-hughes.org,Is91RAk3!6,9279685495,"5078 Walter Avenue Apt. 291, Lake Brian, NE 90923",45729
CUST272117,Jenny Richardson,david10@hopkins.info,q5YZGngY*N,9030368439,"82028 Scott Circles, Angelaburgh, KS 51925",44129
CUST388151,Debbie Waters MD,ryanthompson@hotmail.com,rQ9#9xToY_,9034425507,"06841 Jennifer Cove Suite 192, East Brian, NH 90885",44769
CUST917168,Austin Boyer,rachelhoffman@yahoo.com,F3^*8QfA$B,9271187077,"4711 Donald Plain, North Jessicamouth, AL 27179",45763
CUST276609,Stephanie Hayes,william39@hayes-johnson.com,9P8iSTIvq@,9396588778,"10070 Judith Mountain Apt. 522, Valerieburgh, NE 06893",45534
CUST697903,Barbara Sanders,casepamela@pugh-salazar.com,1rJ6qItBC%,9460062120,"5849 Jennifer Tunnel, Taylorview, MD 64014",44630
CUST774701,Andrew Gould,bradley58@yahoo.com,$7MTkyXGvS,9520041771,"543 Robyn Forges Apt. 076, New Daniel, CA 87651",44559
CUST716950,Charles Gonzalez,lucerojoshua@yahoo.com,L)3YZp1VnG,9790486216,"12031 Sandoval Pine, Danielshire, FL 95744",45632
CUST709296,Joshua Hernandez,flee@yahoo.com,SL_0DJ2ln(,9054205275,"Unit 5352 Box 9901, DPO AP 35442",45708
CUST453860,Victoria Hernandez MD,kaylatanner@garcia-evans.com,$4NLe4sqjN,9665842118,"671 Theresa Crossroad, West Gwendolynland, AR 82742",44601
CUST577856,Sherry Simpson,juan29@hotmail.com,55$1QaWx)f,9227244374,"148 Smith Well, Millerport, NY 29143",44607
CUST725103,Erica Jimenez,isabelcruz@carter.biz,D)44Rx#Fwe,9404644834,"295 Susan Island Apt. 099, South Alexander, ND 45009",45055
CUST995971,Mr. Dakota Lynch II,hopkinssandra@castillo.com,6bJsK6Cz^y,9968120330,"5915 Lee Flat, Cynthiafurt, AR 43449",45136
CUST087232,Victor Nolan,morganluis@yahoo.com,@V0WZx^mI8,9098228110,"133 Tina Pike, Port Philip, MT 93400",45422
CUST728785,Amanda Hernandez,lwagner@melton.com,9YL4Knvx@O,9345698846,"03584 Fowler Ville Apt. 743, Bullockshire, AK 51737",44227
CUST332364,Richard Kirby,peggy69@wall.com,arHiQRb@_9,9249393695,"36047 Taylor Locks Suite 788, Sanderstown, ND 61777",44908
CUST637817,Michelle Roman,uturner@gmail.com,+5yTqe)unr,9585618224,"Unit 1268 Box 5154, DPO AP 35826",45488
CUST650551,Bradley Melton,iortega@gmail.com,mOG2l8m@g%,9623081266,"5425 Angela Junctions, North Joanna, WY 41678",44502
CUST272270,Danny Williams,timothyhernandez@garcia-woods.com,oZ%nc9UtjP,9461524706,"2467 Angela Tunnel Suite 140, North Diana, MD 12123",45314
CUST393171,Ryan Rivera,rachelmurphy@hotmail.com,+1O^o6(j*5,9169083001,"PSC 8797, Box 1668, APO AP 39288",45101
CUST669104,Charles Douglas,rwilliams@keller.info,9qFD&NTv*J,9791558086,"PSC 0927, Box 0046, APO AA 00718",45564
CUST367112,Kathy Santana,ewilliams@hotmail.com,3GoPvt*1(w,9833775029,"Unit 4724 Box 0118, DPO AA 28337",45123
CUST479888,Laura Gregory,muellerdavid@simpson-johnson.com,Av1DIj!v@5,9990050811,"479 Smith Place, Millschester, KY 11265",45826
CUST212356,Norma Mooney,acostasherry@martinez-morales.info,_d7KYHte!8,9197965240,"46172 Oconnor Brooks, North Paul, NC 88121",44976
CUST999105,Susan Harris,ruthpowers@mccall.com,&1BYz$&vpM,9600498325,"2888 Dustin Vista Apt. 157, Browningville, VA 72472",45379
CUST317219,Linda Petersen,francisco89@davis.com,!2#7Vueqc#,9877272585,"2140 Paul Unions, Lake Jennifer, CT 71927",44311
CUST133389,Dr. James Willis,cesar53@gmail.com,7qI8jDOCI(,9600997972,"4612 Sparks Junctions Apt. 326, Woodsstad, VT 88092",45506
CUST328534,Rebecca Sandoval,donnaclark@miller.com,dhx5CF9b@0,9989840412,"Unit 2669 Box 9786, DPO AA 61095",44483
CUST321307,Christopher Hunter,zwalter@chase.com,f2wUKLig&&,9785035598,"552 Dawn Viaduct Apt. 284, South Loganton, NM 41785",45365
CUST686344,Austin Heath,michealbrown@hotmail.com,D9p3+DDsA),9531626882,"3677 Hatfield Villages, Whiteside, NM 62076",45636
CUST749087,Elizabeth Russell,brandonjackson@alexander.com,!(Pl3!Ngkg,9094152994,"09167 Russell Corner, Port Justin, ME 61664",44590
CUST558941,Amy Davidson,matthewmiller@hotmail.com,I@T0Ls5q)2,9491235409,"76993 Jackson River, South Robertburgh, ME 87110",45252
CUST567597,Dustin Greer,andre78@gmail.com,e14Rsneim&,9257742687,"208 Lowe Mews, South Kelly, NV 15797",45646
CUST189933,Andrew Butler,harrisdeborah@gmail.com,*!#4n&zn3E,9904649991,"222 Walters Forks, Robinsonburgh, IN 90990",45546
CUST115725,Scott Love DDS,steven24@hotmail.com,_KDBziVE_5,9432167225,"70245 Robin Spurs, Margaretfort, MN 50161",45097
CUST928932,William Jenkins,marycook@gmail.com,u+#1zGZiWX,9778828988,"421 Davis Plains, Lutzstad, AK 32056",45575
CUST488526,Jasmine Williams,tvasquez@hotmail.com,M!BMh4OgKm,9159002891,"USNV Mejia, FPO AE 08111",45029
CUST957851,Christian Johnson,craig39@villegas.com,qg#n7kJc1a,9351078075,"575 Williams Trail, Lake Anthony, UT 64126",44302
CUST688801,Lorraine Garcia,greynolds@hotmail.com,ak&d2WQTn@,9528005705,"26027 Sims Fords, East Richard, OR 03569",44210
CUST300080,Hannah Reyes,eric84@hotmail.com,^2aLsZlH3w,9513733974,"170 Edward Spurs Suite 676, Blackberg, AR 62775",44847
CUST882640,Katherine Ibarra,jessica88@johnson.com,p+TT&hiN!3,9382279922,"397 Luis Circles, Ashleytown, IA 10269",44686
CUST090298,Julie Chen,mchase@yahoo.com,$4nHZhlaaM,9716455735,"49799 Pollard Lakes, Harrischester, IL 13129",44991
CUST218836,Caleb Fleming,kwebb@hotmail.com,L3+r3OPy#M,9061849170,"5869 Patrick Plains, Erinburgh, MN 22418",44118
CUST887609,Rachel Martinez,hannaalexander@cooke-payne.com,@_FyKSfgh6,9861448007,"529 Anita Creek, East Erinton, WA 95433",45002
CUST798609,Rebecca Stark,david91@hotmail.com,(6XhcEEt_n,9797884007,"863 Joshua Ranch Apt. 328, East Michelle, NM 10738",44373
CUST657685,Melanie Patrick,nathan48@yahoo.com,q%x1NHuC$7,9196505860,"7479 Day Wells, Port Peterfort, NC 61812",44229
CUST955419,Rachel Lopez,brentpeters@anderson.com,MJ!4ZjdXBv,9192090997,"9330 Jennifer Points, East Cesarborough, IL 68040",45551
CUST131687,Jill Sherman,timothy01@yahoo.com,p%!9eeWa3Z,9295555159,"78212 Macias Greens, North Barbaramouth, TN 97087",44027
CUST867168,Richard Jones,tonyaowens@jackson.com,%K0HKNcqqy,9375673560,"3255 William Green, North Richard, OK 80276",45151
CUST205171,Timothy Tucker,katrinaingram@price.net,O^@Q4Eo^Jj,9827775049,"25731 Contreras Causeway, South Ruthshire, OH 22576",45786
CUST641169,Theresa Estrada,smiller@gmail.com,84Yx%NzH&j,9546756821,"Unit 8873 Box 8595, DPO AE 17703",45552
CUST569401,Cindy Davis,alison71@hotmail.com,k&R8dRrc^A,9382566183,"99656 Kelly Mews Apt. 711, Howardport, DC 24366",45824
CUST241634,Stacy Chan,carlapeters@yahoo.com,c+$9IJplOG,9911774419,"26271 Charles Via, Woodsmouth, TX 41622",44761
CUST635178,Jennifer Torres,debraharrington@bell.com,+_1CKBYo5*,9754205377,"0224 Joanna Divide, Port Todd, MD 39698",44475
CUST187956,Jeffery Knight,juarezlydia@rivera.net,LQH_6Wj*iX,9472978978,"881 Sutton Views, East Willieport, TN 74374",45136
CUST361858,Taylor Perry,michele91@flores.com,%9K#oLU7Wp,9976121794,"260 David Fall, West Matthewmouth, KS 63773",44228
CUST122364,Raymond Navarro,aaron87@wallace-shepherd.com,^(35(Zkzu+,9327299279,"7149 Shaw Station Apt. 416, Adamhaven, LA 42242",45065
CUST602276,Jeremy Parks,beth43@barron-larsen.com,&u7DAw6R#),9040156412,"646 Martinez Ranch Suite 586, Howellmouth, AR 87481",44997
CUST237552,Thomas Rivers,phillip76@torres.org,1pOsPwJo@j,9676634628,"3170 Hayden Pine, West Katie, NV 85174",44562
CUST118873,Angela Jones,jennifer35@bradford.com,a*wKH2GrM@,9545000643,"85253 Brittney Trafficway Suite 800, Franklinfort, IA 45326",44238
CUST247949,Allen Bailey,campbellpriscilla@hotmail.com,)E^f3SRq8F,9137328933,"3130 Choi Roads Suite 210, West Leah, ME 97066",44322
CUST178807,William Fuentes,blakemelissa@dudley.com,5i6HNTvE#&,9174829890,"582 Powell Ranch, Katherineside, CA 68582",45315
CUST458732,Steven Clark,vanessagreen@carter.com,$j@8JRh2tX,9340224202,"056 Velez Falls Apt. 777, New Morgan, LA 20176",45515
CUST464678,Michael Mays,christinedixon@smith.com,_33v6lEuUP,9478562731,"459 Rachel Isle Suite 217, North Justinborough, DE 67349",44952
CUST809693,Adam Wood,helliott@gmail.com,o32qrVbL*&,9455500539,"3099 Dorothy Club, South Mario, OH 27859",44917
CUST491716,Larry Villarreal,stephanie92@hotmail.com,72o2aNsm(#,9816855848,"3006 Melanie Stravenue, Ashleyfurt, GA 45622",44695
CUST462763,Brian Cooper,dguerra@hotmail.com,ld(9L9xUd@,9673287780,"1003 Deanna Turnpike, Raymondmouth, IN 42508",45726
CUST090216,Beverly Levy,alansmith@perez.info,AF5J7Pva*e,9004786201,"06678 Diane Village Suite 214, Port Amymouth, NM 74767",44910
CUST677107,John Carter,traceynelson@phillips.com,iD&Fp2Bp$4,9918744988,"83741 Michael Mission Suite 669, West Angela, ID 16435",45399
CUST985042,Tina Fields,samantha44@velasquez.com,!RSK@KdiJ3,9132921173,"4465 Stephen View, New Joshua, AR 10138",44933
CUST719884,Willie Garcia,williamsaaron@gmail.com,M!2_Xo2s__,9133941904,"6596 Brown Row Apt. 318, Seanview, ID 65676",44380
CUST173437,Brooke Hurst,williamthomas@moore.info,H4R%4K8h)H,9888034302,"36750 Porter Ford Suite 027, Elizabethton, ID 62148",44552
CUST775513,Regina Stewart,garciabrandon@yahoo.com,73JZSd)(^K,9097119279,"48305 Kent Stravenue Apt. 441, Clarkstad, NJ 91588",45179
CUST660124,Paul Carter,christinesmith@hotmail.com,)xr68YLfVY,9075300042,"889 Jacob Canyon, West Hannah, WA 13031",45714
CUST351630,Angel Anderson,chenscott@hotmail.com,L+89EPeCwt,9158333240,"97114 Holmes Spur Apt. 306, Amandaton, AK 36687",44177
CUST545403,Blake Jones,tyoung@hotmail.com,^59V(&m3$4,9524233289,"2882 Vaughn Views, Tiffanyborough, ID 14605",44899
CUST759062,Juan Yang,megansanchez@gmail.com,p^67yGCtfV,9366442228,"54185 Roy Road, Bridgesstad, CO 84569",44410
CUST555132,Jay Walsh,joseph25@kim.biz,r^Z5rFJKsw,9839442404,"51690 Ramos Place Apt. 907, South Ryanside, SC 76396",44437
CUST120658,Jeremy Wood,garciamarie@thornton-morris.net,1I1rMWrZ(x,9961109119,"12510 Martinez Circles, West Calvinburgh, TN 92481",44853
CUST078389,Amy Ortiz,aaroncombs@hotmail.com,^i4Ngl9o4P,9836828329,"USNS Keller, FPO AE 95786",45390
CUST611216,Nicholas Flores,sking@wheeler.org,p(M2!5#bPW,9220225359,"987 Cheryl Turnpike, East Joelmouth, CO 69107",45784
CUST961160,Edward Ruiz,jenniferlewis@mejia.com,480KnsRlG+,9555438709,"244 Cunningham Extension, Madisonhaven, MO 45532",45269
CUST551679,Rebecca Hill,derekaguirre@hotmail.com,B)jGz7Qysz,9881893327,"913 Gomez Circle, Lake Andrewshire, OR 63407",44747
CUST140031,Melissa Flynn,vanessacarpenter@yahoo.com,%8uLJkt^WP,9896798509,"85393 Robert Lights, New Carlaburgh, UT 12369",44329
CUST656559,James Saunders,mosleydiana@robinson.com,HhQ5rtNji!,9898474944,"4537 Shaun Bypass, Martinezview, KS 34348",44731
CUST085721,David Chavez,joshuaperez@gmail.com,H6p98Fj7^l,9672161286,"799 Leach Rue Suite 851, New Sherryview, NV 58286",44266
CUST688437,Brenda Ford,watsonbrian@gordon.net,25_LqC(x^r,9465424700,"271 Christine Court, South Mariabury, VT 97444",44907
CUST467471,Karen Harris,brian44@stein-brown.com,*3Z&oiD*Gc,9829362558,"0761 Matthew Crossroad Apt. 223, Lake Charles, NV 87894",44461
CUST625443,Michael Montgomery,oscar75@warren-rodriguez.org,9N9+E5Av(I,9326352434,"981 Alexis Pass Suite 863, Amandafort, IN 60686",45784
CUST119032,Edwin Mack,elizabeth13@yahoo.com,2g2yCh$EJ*,9940631774,"02746 Gonzales Islands, Lake Clayton, VT 75686",45774
CUST689859,Kimberly Moore,hjackson@perez.com,cE!&8Iv#uz,9749590556,"PSC 0759, Box 8185, APO AE 64573",44187
CUST807580,Kaitlin Gregory,vmclaughlin@gmail.com,#7CUjIv6_8,9503127587,"092 Walsh Mount Suite 833, Jameshaven, MS 20124",45536
CUST232665,Crystal Gill,stephanie59@yahoo.com,TQ6L9Nf6A*,9282967847,"666 Scott Plains Suite 320, Timothystad, NE 16213",44584
CUST644515,William Martinez,christinabradford@yahoo.com,iqb5QTsh+T,9988026988,"34386 Mark Ports, Sheilamouth, NE 27032",44648
CUST779143,Amanda Scott,michele17@dominguez.biz,o)K1cYuv*J,9305294680,"17672 Bell Estates, Andersonshire, OK 44189",45510
CUST588588,Lauren Foster,alexisgutierrez@hunter.com,_l)1SVzS8R,9076429860,"28460 Perez Valleys Suite 892, Port Cheyenneport, AZ 00749",44299
CUST523685,David Campbell,jwright@moore.com,S16#RZf^!2,9905248992,"01295 Jennifer Shores Apt. 394, South Mariahtown, OH 11124",44568
CUST797940,Susan Larson,torresjessica@gmail.com,$^1N(LFmKl,9361567709,"4682 Andrew Passage Suite 450, Lake Christina, VA 29931",44349
CUST692551,Ricky Torres,sarah66@hotmail.com,&FIlA)rv7O,9249439128,"26899 Alex Fort Apt. 458, Christopherhaven, UT 37827",45601
CUST022235,Joseph Wright,scott52@yahoo.com,87^QB1cg&(,9676358099,"Unit 7817 Box 0390, DPO AP 62155",45318
CUST868453,Carla Perry,santosmichael@yahoo.com,!J2oXIk&nL,9754299217,"76473 Erin Pines, Monicashire, HI 58605",44592
CUST324572,Joseph Berry,plewis@huerta.com,%*0BTNQc(l,9880034432,"4839 Sanchez Forges Suite 269, Jeremyborough, NM 72768",44940
CUST286737,Kim Jenkins,michelle48@hotmail.com,ebH7AE1y$@,9514926661,"432 Harvey Garden, Nicholsborough, NM 38588",44501
CUST501988,Jennifer Osborne,veronicaklein@smith.biz,%M86_Dlja&,9158143656,"0486 Brooks Pike, Williamton, KS 26705",45718
CUST623172,Ebony Watson,victoriacruz@harrington-pacheco.com,*6eZSOu*2E,9587313163,"6892 Doyle Shores Suite 133, East Chelseaborough, NC 08757",44238
CUST511254,Brooke Terry,racheljohnson@brooks-patterson.com,@49^5DvG1P,9265533050,"USS Rodriguez, FPO AE 28929",44144
CUST994856,Kevin Taylor,rodriguezmichelle@hoffman-leblanc.com,3#j$61IlKx,9369825524,"9302 Rivera Wall, New Randy, PA 35879",44652
CUST862428,Heather Kennedy,lstrickland@hotmail.com,z$81UgMPKX,9159235888,"PSC 3429, Box 8172, APO AA 07647",45243
CUST265703,John Neal,sarah61@andrade.info,2VdWhsLF!H,9337344911,"316 George Ramp Suite 338, Jeffreytown, AR 44357",44601
CUST309160,Matthew Brown,hannahgill@hotmail.com,^7&oFXQQet,9866151867,"886 Burke Spur, West Cindyshire, VA 19222",45529
CUST113306,Patrick Williams,jennifer93@beard.com,_^L_Kin6(2,9650036020,"499 Joseph Coves Suite 699, Kellyton, PA 08939",44641
CUST265413,Allison Ruiz,bkim@gmail.com,=+DwH4P_l37,9388011863,"649 Austin Crescent, West Jermaine, MA 65745",45490
CUST310135,Alexandra Rose,imorris@gmail.com,jG9Vnk!an+,9238198162,"54676 Angela Causeway, Davidborough, FL 27591",45519
CUST728698,Sean Parks,mcphersonbryan@wells.net,!n+LNxw^%1,9423175811,"7707 Nicole Ports, Carolynstad, MI 76107",44867
CUST555148,Maureen Smith,mullinslisa@smith-randolph.com,_1UKsjy94W,9603426540,"144 Moore Greens, North Ronaldmouth, LA 05649",44934
CUST090863,Marc Key,patrick68@hotmail.com,v9sXfsir$E,9520383902,"77156 Wu Cape, East Rebeccaberg, OK 75722",45047
CUST589620,Melissa Acosta,frederick47@yahoo.com,)y4lUJ7vAx,9276281123,"949 Hawkins Hill Apt. 552, New Erikaborough, TN 02272",44995
CUST045881,Paul Roberts,bshannon@hoover.com,$!!4nHqEma,9035937608,"8990 Angie Forest, West Kristen, OH 35003",44796
CUST485644,Joel Rivera,andrewdavis@peterson.com,h4Y&qMkg+h,9513075869,"85068 Taylor Throughway, East Kayla, WI 51845",45746
CUST792323,Javier Prince,wendybowman@pacheco-morgan.com,B&70Or+mvj,9099433596,"114 David Crossroad Suite 814, South Danny, MD 38266",45628
CUST200794,Jermaine Fletcher,douglascurtis@parker-ross.net,!79hcXa9(n,9238730597,"8540 Kennedy Streets Suite 444, East Briannamouth, WV 01235",44933
CUST478711,Beverly Lozano,michelledelacruz@yahoo.com,Cr5q3!Sfs#,9840710647,"9044 Mendez Lakes, Christianview, NH 40497",44423
CUST463180,Richard Price,uwilliams@pearson.org,I62MybLx^s,9560983162,"554 Norris Ports, Shaunland, WA 51362",44689
CUST244079,Jean Robinson,mvazquez@morgan.biz,&qXPdSyVO8,9355577740,"457 Tara Extensions Suite 517, West Jeffrey, CT 09710",45282
CUST196974,Todd Willis,james68@yahoo.com,)WHl)4Bzv!,9654475285,"1037 Emma Roads, New Brooke, NM 10418",44614
CUST595463,James Young,cabreraanna@gmail.com,9llJl7Vx_F,9936899510,"649 Hamilton Haven, East Virginiaside, SD 11548",45191
CUST556373,Cody Brown,isalazar@gmail.com,8q!h4ECanb,9783783165,"0751 Brandt Cove, East Nicoleland, MT 71190",44839
CUST260199,Carrie Bishop,lwilliams@martinez.net,2om7+D%l!e,9615647706,"1121 Maxwell Spurs Apt. 952, Douglasstad, AZ 56649",44692
CUST648809,Michele Hunt,brandonali@hotmail.com,io*x1ZvauF,9334737111,"USNS Lawrence, FPO AA 36145",44158
CUST848404,Shawn Gomez,fisherjim@estes.com,^Lc0KgKRk9,9005166206,"44479 Holly Canyon Suite 323, Zacharyberg, MO 88182",44274
CUST878301,Mark Black,stacy92@yahoo.com,@WaVwzQr8W,9930233750,"18585 Denise Mission, Lake Heather, ID 89143",45165
CUST197527,Tina Spears,tatebenjamin@ayers-jarvis.com,F18(KSOa%(,9806498633,"2965 Tyler Common, Port Raymondfort, IN 95131",44802
CUST578540,Lauren Henry,christopher16@yahoo.com,0uF2f^xd_E,9029521679,"223 James Tunnel, North Andrea, MA 27754",44568
CUST691872,Cindy Adams,mark87@jones.com,yuSRHlts@3,9079907924,"438 Marshall Locks Apt. 498, Birdtown, CT 36977",44116
CUST317463,Christopher Smith,patriciadickson@gmail.com,4AV%74XuV^,9041541618,"Unit 3714 Box 9954, DPO AP 61087",45571
CUST847657,Brenda Buchanan,colemankathryn@gmail.com,0^4RZeE0@L,9656507301,"USNV Phillips, FPO AA 26132",44356
CUST939291,Tracy Sanders,dmiller@gmail.com,8j9k4LVm*$,9489595669,"5112 Evan Heights Apt. 955, Ashleyton, CO 40129",44415
CUST576674,Jody Morgan,luke80@hood.biz,^kUK20yRi8,9478118498,"4613 Pam Flats, Aprilshire, SD 74400",45292
CUST566356,Stephen Norton,ahood@hotmail.com,@J0WQyU6k9,9988397253,"71006 Stevens Place, South Denise, NC 85844",44283
CUST836966,Jesus Nguyen,ericwilson@gmail.com,Dx3r8(Lp)O,9013697706,"Unit 9047 Box 3571, DPO AA 98809",45208
CUST765108,Andrew Wood,rossjoy@fisher.com,Ml2172Om_U,9885112340,"79842 Denise Ford Suite 170, Denisemouth, IL 72199",45198
CUST538680,Joseph Lopez,jason66@dyer.com,3tRY$r+t*3,9387940161,"80265 Gomez View, South Stephenview, VA 39217",45275
CUST346319,Michael Fitzgerald,erin30@hotmail.com,*aPGh+e3T7,9211394548,"PSC 5117, Box 2010, APO AE 21898",44359
CUST719197,Scott Scott,vegarichard@yahoo.com,@3R2thQ)5#,9760934691,"1061 Wu Port Apt. 376, South Matthew, OK 01553",45099
CUST366538,Micheal Williams,christopherpatton@jones.org,&7@pAkHssB,9150967060,"326 Joseph Wells, West Zacharybury, NY 09390",44979
CUST275025,Andrea Murray,margaretjohnson@hotmail.com,q%68(Omf#@,9384480845,"3564 Rhonda Shores, East Adrianfurt, UT 27398",44306
CUST295031,Amber Lamb,scottholloway@gmail.com,@6lL4ORtg(,9520278714,"75384 Jacqueline Track, Lake Stuart, WV 62152",44209
CUST975458,Julia Wilson,shanemorrow@hall.info,Aiq%p0OtEp,9800346546,"632 Daniel Corners Suite 894, Raymondfurt, AZ 13684",44476
CUST488848,Brett Cannon,debra91@yahoo.com,5ob%9KtH+j,9320461773,"67097 Virginia Trail Apt. 006, South Michaelmouth, ME 65279",45243
CUST192751,Thomas Alexander,hannahhernandez@larsen.net,=+_2F2Wwqty,9282682757,"913 Johnson Ridges, Scottchester, OK 49472",45432
CUST071429,Jeffery Fischer,kanecassandra@charles.com,TXLk7_Qs)R,9115710098,"331 Howell Parkway Suite 278, Davidsonview, LA 29800",45154
CUST813082,Amanda White,angelaphillips@richards-doyle.org,#h7iQgm9_y,9228686504,"7654 Glass Run, North Philipfurt, AL 55513",45025
CUST197816,Carl Pitts DVM,davidevans@marquez.com,58839Xnu^p,9126645418,"USCGC Barr, FPO AA 06334",44271
CUST089494,Jeffrey Hawkins,clayzachary@guzman-mccullough.info,s54TLEtP%B,9583127033,"621 Antonio Heights, Jamesshire, OH 36101",45231
CUST516693,Joshua Harris,april60@barnes.com,)oX1OPH5h5,9383668003,"9354 Dawn Brook Suite 258, East Josephton, AZ 60374",45013
CUST354457,Jeremy Jacobs,kstone@wallace.org,4n50MEbY+4,9593500002,"7432 Alexander Mission, Edwardstown, TN 59310",44970
CUST227776,Debbie Hall,vanessa05@sparks.com,7JvDiCeR+W,9657299484,"74520 Gabriel Village Suite 578, New Manuelhaven, VA 50147",44791
CUST770283,Richard Garcia,morgancarolyn@rodriguez.net,z2FKPatC(q,9596505930,"4616 Jordan Flats, Davidsonland, MN 24079",44357
CUST761011,Danielle Mitchell,jenniferjohnston@hotmail.com,ug9#D*t8G(,9976687008,"4155 Maurice Oval, North Scott, SD 95978",44598
CUST336639,Mary Harmon,caitlinwilkinson@hotmail.com,*gv(DzEFf1,9510150039,"1856 Simpson Inlet Apt. 559, East Michaelhaven, SD 60883",44313
CUST725424,Shannon Martinez,barbara03@peters-lee.net,2F6WGJbm%F,9058114056,"902 Patel Corners, West Marcland, GA 05850",44445
CUST118503,Bailey Mclaughlin,francolisa@gmail.com,K^T8ZYx@Rp,9547713422,"2976 Glenn Mill Suite 652, Jessicaborough, KS 85910",45299
CUST418709,Michael Warner,brownwilliam@crosby.com,jNYB@7Gl^O,9659915697,"9239 Jennifer Common Suite 440, Port Heathershire, AZ 29101",45140
CUST723096,Connie Decker,gibsonronald@yahoo.com,_5wFNDdu&s,9213027995,"298 Christensen Manors Apt. 651, New Shawnaview, NY 20204",44654
CUST299807,Joseph Leonard,nathanielhughes@gmail.com,GD03V(n^2!,9686850243,"8453 Matthew Ports, South Janeborough, IA 76642",45468
CUST700428,Mark Mitchell,trevoranderson@yahoo.com,a0RQG0Fz%r,9097554149,"9777 Sutton Motorway, Evansview, FL 41377",44850
CUST121422,Robert Tran,frederickkelli@yahoo.com,#Bo6VW#a7F,9010470763,"062 Combs Drives, West Danielle, NY 83357",45289
CUST564835,Kevin Johnson,hansensandra@holland.com,!iy6YkaXm&,9360587832,"2462 Jake Drive, Hicksstad, TN 82761",44171
CUST088330,James Daugherty,kathrynlopez@page.com,VS4C7fo8$),9026188489,"USCGC Carlson, FPO AP 63311",45670
CUST139930,Angela Hubbard,moralesjason@dunn.com,g(2FQgvyF4,9069887567,"10587 Chase Meadows, Lake Jeffreystad, NM 03277",44784
CUST240931,Patricia Hudson,johnwilliams@yahoo.com,c8rV!c+h+L,9495866352,"399 April Way, North Keithshire, DE 07190",44451
CUST132356,Cindy Oconnor,melissatucker@yahoo.com,LhJ@9j+7!1,9593112393,"2527 Riley Mills Apt. 781, East Stephaniechester, PA 88165",45232
CUST939104,Olivia Gomez,bishopwesley@jones.org,)d++^8Il2@,9859894909,"8146 Sean Camp Apt. 282, Sototown, IL 80004",45347
CUST257204,Lori Lester,hdecker@gmail.com,IpXSeveB^7,9789931221,"9164 Clay Trafficway, South Rebeccaland, AZ 68765",45428
CUST663726,Roy Fox,kelly00@young.biz,$Z1aC2qS#y,9502431867,"4384 Kevin Stream Apt. 237, Hallmouth, NV 30237",44719
CUST479064,Jesus Smith,nicholasthompson@gmail.com,Sl9pDhz2(r,9113890163,"777 Michele Pass Apt. 746, Morgantown, AR 21030",45299
CUST946048,Matthew Guerrero,garrettjulie@hotmail.com,4uYDTTnB#V,9056435039,"83062 Carney Rue Apt. 293, Shannonside, CT 22303",44230
CUST851616,Troy Castillo MD,autumngibbs@martin-wallace.biz,g*^oIaGp+0,9957455073,"733 Henry Mountain, New Cathy, UT 85686",44890
CUST636794,Deanna Munoz,melaniewelch@gmail.com,#T6%)sDhx2,9364456030,"8123 Mckenzie Tunnel, Stephanietown, PA 82769",44622
CUST725176,Samantha Floyd,dawn19@gmail.com,!d4J+ojSI!,9455484330,"5336 Veronica Track, West Cynthia, MN 61512",44132
CUST890992,Anthony Johnson,campbelllisa@wood.org,^6Zw7sxR&p,9532614536,"Unit 8510 Box 7263, DPO AA 72451",44808
CUST380116,Tonya Cooper,shelbywilson@taylor.com,_+&Ke4Cn@5,9644717293,"303 Davenport Forks, Port Angelica, ME 84068",45775
CUST142949,Nicholas Barrett,zrose@hotmail.com,7AvIg1Osx$,9848159249,"009 Aaron Row Apt. 105, Lisahaven, SD 30887",44581
CUST560016,Michael Torres,christopherkeller@hotmail.com,6ovKdUBc)6,9998859831,"084 Bell Glen, Vasquezland, DC 09788",45674
CUST096983,Joshua Oconnor,swoodward@hotmail.com,!swEZuc_x5,9805195667,"60265 Cynthia Estates Apt. 345, East Antonio, SD 76138",44063
CUST608793,Alex Burton,jeremyross@ray-reed.com,W^dT0CgcCd,9264037994,"8776 Wolfe Street Apt. 934, New Edward, OK 60910",44025
CUST668780,Andrew Perez,tommynunez@morris.org,)9g1cDNffZ,9488162706,"0056 Mathew Valleys Suite 650, Lake Jessicaborough, SC 82088",44789
CUST643543,Andrea Brown,matthewsnyder@gmail.com,$(j1R6^jW!,9353897017,"636 Hendrix Walks, West Mike, KY 74938",45482
CUST973312,Jenny Stafford,qmartin@ross-pitts.com,lc(j7^Xm7x,9821337183,"98812 Shane Gateway Suite 402, North Lisaport, WV 93907",44375
CUST329489,Jeffrey Howard,julieford@gmail.com,nr31bZe0g_,9474524540,"26619 Robert Wall, North Sarahhaven, ME 36483",44554
CUST210333,Gary Hatfield,flambert@hotmail.com,px(H96Ww%m,9188382203,"6763 Joseph Ferry, West Seth, RI 88505",45431
CUST295462,Janet Ortiz,john17@romero.biz,^4RwYTkUaA,9087158923,"34143 Matthew Fords Apt. 182, Michaelbury, OH 23971",45774
CUST707015,Joseph Fitzgerald,wmayo@choi.com,WI5KzQwpJ_,9738990850,"093 Toni Extensions, Hollandbury, TN 45594",45796
CUST381689,Julie Williams,ubaker@quinn.org,$9ziAuK_QG,9923771679,"9403 Kristina Rapid Apt. 428, Garymouth, WI 82997",45560
CUST067711,Jennifer Myers,jonathan85@hotmail.com,iP&0gP(nZF,9850593166,"6048 Tara Branch, South Jacquelinefort, NC 06714",45349
CUST386724,Charles Melton,longkimberly@gmail.com,vb+3HT(m#t,9206028594,"443 Perry Mountains Apt. 675, Bakerfurt, MI 31292",45420
CUST862757,Morgan Hernandez,trevorjames@cervantes-smith.com,ssKPLEjC#6,9214591946,"08166 Allison Tunnel, Nicoleview, SC 34078",44260
CUST054443,Ryan Hoover,paynemelinda@jones-pearson.biz,u_%7sQkb3H,9941083561,"9902 Shane Keys Apt. 583, Stephentown, FL 80036",45136
CUST293658,Alex Drake,hancockandrew@yahoo.com,)+#2OZnu9*,9539706089,"9810 Newman Prairie Apt. 833, Lambertchester, VT 26688",45492
CUST626091,Richard Sutton,brownangela@daugherty-flores.biz,SO+9pGyUF&,9722546853,"54871 Michelle Point Suite 172, East Katherine, CA 42312",45059
CUST475632,Blake Pennington,veganathan@hotmail.com,+V4*lYJt1#,9730368845,"94342 Perez Isle Suite 108, Josephborough, ND 24434",45625
CUST626845,Lisa Ellis,john18@west.com,iZ*EM3Ahs(,9057900052,"325 Mckee Parkways Apt. 224, Sarahburgh, RI 29976",44901
CUST898244,Lance King,kjones@dominguez.biz,Ah04EEh3K(,9896491774,"44004 Scott Spring Apt. 823, South Jared, ND 84244",45177
CUST217532,Morgan Johnson,maria26@allen.com,$&7PgpdRLV,9263203917,"08719 Wilkins Squares, Staceymouth, MN 99810",44847
CUST259265,Amanda Davis,mcculloughkathleen@miller-kennedy.org,GH#3UOCz)M,9984048994,"034 Caleb Rue Apt. 586, Crawfordhaven, SC 63048",45182
CUST667405,Chris Young,gbates@sanchez-lambert.org,pWXGOvtQ)4,9441457698,"USS Grant, FPO AA 96682",45563
CUST136479,Nicolas Sullivan,copelandgary@castillo-vargas.com,8n4GTmj+#0,9364990433,"391 Kristin Roads, East Vanessafurt, SC 48068",45756
CUST306791,Johnathan Long,elizabethbrooks@burton-vincent.com,U8sG+0hE%N,9985627101,"0444 Timothy Course, Bradshire, VA 77496",45195
CUST407368,Steven Pierce,christian90@hotmail.com,&4JMigDGR5,9243204068,"748 Ellen Canyon, Davidchester, SD 92495",45181
CUST342383,Patricia Duncan,upowers@west.info,+8NAJJutmj,9715525287,"7023 Jennifer Courts, South Ashleyton, NY 82159",45106
CUST874915,Michael Bryant,lori70@hotmail.com,(VaX$PVwM8,9191937016,"1602 Matthew Prairie Apt. 803, Nguyenberg, SD 50999",44998
CUST718389,Jennifer Crawford,gardnerjasmine@yahoo.com,_yG^EF#kg4,9390787581,"52078 Jacob Circles Suite 582, Alexanderfort, NJ 16959",44410
CUST652473,Patrick Johnson,lozanomallory@stephenson.com,2pX361Oi)7,9227533246,"94782 Alexis Street Suite 884, Joshuahaven, IL 60280",45650
CUST134337,Lauren Parsons,ycastillo@hotmail.com,RNO%3F3hfH,9944943378,"922 Espinoza Pines, East Keith, GA 08350",45321
CUST349732,Michael Clark,xmartinez@walsh.org,t^y%TEil)0,9685673753,"77983 Thompson Shore Apt. 165, Lake Janetland, LA 71230",44823
CUST379221,Gina Good,pamela90@pineda.net,$HEzbcWK&0,9729555101,"7502 Joseph Turnpike, Sharonstad, AL 34370",44591
CUST504883,Christine Knight,trevor55@phillips.com,q6YEaepx)4,9829966783,"1112 Brianna Rue, Cochranbury, NE 69701",45754
CUST125016,Warren Middleton,michael16@gmail.com,MV@@4QwK@V,9575371090,"Unit 4483 Box 8944, DPO AE 91023",44390
CUST522402,Michelle Maldonado,wgross@robinson.com,t!#3AXbBI+,9813980472,"9885 Debra Tunnel Suite 871, North Julia, KS 24443",44480
CUST506019,Thomas Lam,williamcarr@yahoo.com,HV9EXDrd+f,9946722963,"383 Martinez Junction Apt. 212, Erikaview, CA 10138",44155
CUST509568,Paul Smith,michael78@brooks-cox.com,R2N&a3su&$,9680695401,"USCGC Odonnell, FPO AA 96532",44440
CUST893986,Krystal Farley,figueroabecky@hotmail.com,x8dydBgs!*,9319878975,"74208 Ellis Land Apt. 234, New Brianchester, MT 74722",45734
CUST819792,Mario Morris,ipierce@baker.com,+5NK5LpgpF,9205414884,"115 Garrett Field Apt. 984, East Latoyamouth, SC 86520",44075
CUST890650,Lindsay Archer,alexa89@valentine-gardner.com,Uc0s5Kqe@^,9822379212,"062 Brandon Falls, West Christopher, TN 18082",44030
CUST420823,Charles Williams,whitakermichelle@gmail.com,$6*A7on&k7,9582362365,"568 William Route, Waltermouth, LA 42223",44200
CUST035749,Timothy Fry,fishermatthew@hotmail.com,XP7CM5Ye@p,9041758175,"6229 Christine Terrace Apt. 077, North David, NJ 34215",45750
CUST273229,Dr. Robert Osborne,marygibson@gmail.com,4g1N4mYb^5,9732484691,"592 Francis Ways, Vaughanstad, WV 85177",44738
CUST920901,Chelsea Dunn,rtorres@shaw.org,@sMK2uHcI1,9492652228,"8625 Nathan Streets Suite 148, New Emilyview, MI 31085",45239
CUST461793,Travis Thompson,jessicahorne@peck-munoz.org,#5Y7tyhh&m,9735986803,"9551 Herman Oval, New Glenview, MO 62485",45285
CUST558314,Matthew Moore,brandinunez@harris-gould.com,ES2Z0Og_$8,9542866713,"75688 Mckinney Locks Apt. 959, Jamesport, HI 53433",45300
CUST266831,Jonathan Hogan,mathewsjennifer@hotmail.com,+U4wlwHp)6,9464083225,"679 Flynn Prairie Apt. 221, Kevinton, AK 07016",45390
CUST306893,Nicole Baker,shepherdcarolyn@gmail.com,P2@TpXBs*R,9397984076,"78135 Andrew Turnpike Suite 976, Port Ericaberg, MO 06027",44212
CUST706244,Jeffrey Ewing,patricia48@miranda-green.com,!fZv1Qf(EJ,9888431975,"48366 White Shoal, Port Lisaside, TN 59574",44737
CUST098332,Theresa Medina,erinlowery@hotmail.com,XCQ(eIrf$1,9788121875,"2935 Jessica Unions, New Roberttown, WY 53025",44837
CUST827414,Wanda Lee,rhernandez@smith.biz,jmcTVfYs^1,9688489284,"5056 Smith Spur, Zimmermanmouth, WV 55075",44214
CUST721545,Rebecca Kirk,tjimenez@yahoo.com,22yyWnTm+m,9401554285,"559 Ortega Court Suite 486, New Karenmouth, DE 53215",44584
CUST476359,Brittney Guerrero,dianajordan@ferguson.net,%9&XDkZd_x,9425307284,"143 Bright Locks Suite 413, Port Scottville, NY 58304",45788
CUST391847,Kristine Ward,dowens@gmail.com,0@Hd#QqX*8,9860672314,"70276 Aaron Radial Apt. 580, Port David, SC 76949",44127
CUST898043,Kristina Jenkins,ymartin@mason-flores.net,i!q5+Db3bW,9115812214,"38080 Martinez Camp Suite 749, Sierraville, CO 89952",44715
CUST085796,Regina Perez,fredjones@thomas.com,E8@hNDu&@2,9266273292,"4089 Danny Shore Apt. 541, Stantonport, SC 29837",45402
CUST542179,Joseph Pugh,nicholashenderson@morales.com,)v+vXZGz@0,9573004191,"USS Smith, FPO AE 16726",44157
CUST669614,Lynn Burton,hebertrobert@duran.net,$cJi&f3t+8,9044849524,"3226 Moore Station, Port Aaron, KS 10720",45015
CUST702669,Nicholas Wright PhD,lcampbell@james.com,^@4*GCaov0,9677385088,"4806 Meyers Forges Suite 037, Port Cameron, NE 37433",45204
CUST603019,Tony House,stewartgeorge@lopez.com,4Og5G+c_#7,9200946952,"929 Johnson Haven Apt. 398, New Steven, WV 50446",44785
CUST435038,Jerome Manning,andrew15@clark-moore.net,(Z4S*uZz8),9911612464,"9880 Martin Road Suite 014, Rubenport, AL 61388",44551
CUST336222,Jordan Roman,tsteele@hotmail.com,4_r4Wr%fwW,9773899948,"PSC 5166, Box 7743, APO AE 20459",45436
CUST010801,Tina Martin,darlene06@thomas-austin.info,&25U41Os$0,9748409125,"PSC 8347, Box 0171, APO AE 16412",45109
CUST914723,Tanya Walters,xnewman@gmail.com,B*0mmC#m(^,9341307929,"8881 Shelton Wells, Port Benjaminhaven, MA 04693",44861
CUST829383,Dawn Macias,misty59@randolph-gonzalez.com,@ZO^DC)a7e,9951840704,"5192 Cain Park, Lake Kimberly, NV 91818",44161
CUST292489,Lisa Davis,clove@yahoo.com,&Bh3COMkKG,9672733984,"67608 Howell Landing Suite 377, Whiteborough, WA 41068",44488
CUST593406,Adam King,gdeleon@dunn.com,IKp+h6Crp#,9820752520,"088 Joseph Island Suite 640, Houstonborough, UT 04463",45360
CUST090513,Jasmine Rowe,hailey35@hotmail.com,5@nV08rIYH,9984416750,"17068 Anderson View, Port Elizabeth, MD 93070",44836
CUST299213,Jean Beard,simmonsnicholas@hotmail.com,6p3c8HTih^,9255912267,"48510 Jackson Summit, Lindahaven, NE 64215",45227
CUST379053,John Gallegos,sclarke@walker.info,2gtBNNRn*u,9862306397,"74117 Christian Dale Suite 251, Port Renee, UT 99869",45243
CUST755948,Michael Murphy,mariarodriguez@scott-noble.com,ZnNmf!&d@2,9968694939,"56813 Marshall Estates Suite 650, West Juanville, SC 54109",44667
CUST851032,John Boyd,blakecurtis@paul-shaffer.com,$t49Zr^r9N,9120843972,"1840 Mitchell Corner, New Wayneburgh, MS 54233",44124
CUST631865,Keith Reed,youngkatelyn@moore.com,idP8jQOw$0,9799135432,"USCGC Glenn, FPO AE 08302",45741
CUST759261,Connor Rodriguez,bjackson@hotmail.com,wb0+5YsxPG,9839252937,"4120 Marvin Mews Suite 960, East Austin, OH 97603",44805
CUST854010,Amanda Hebert,bcox@brown.com,_e(8mCIp5T,9416678951,"068 Kelly Points, Ortegaborough, NH 20770",44027
CUST186757,Theresa Edwards,rjones@yahoo.com,0&$ll6CsRk,9840721746,"625 Thomas Port, Barryport, WI 26472",44158
CUST379548,Victoria Hubbard,matthewsscott@hotmail.com,hfDwBHFM+7,9372465083,"7945 Sylvia Alley, New Debrashire, NJ 99618",45079
CUST312000,Michael Larson,cholmes@johnson.org,#6YLmrI1uE,9428737604,"2030 Wesley Stravenue Apt. 929, North Johnnyville, IA 78001",44885
CUST089117,Eric Brown,afoster@stark.com,(!HPRpLUy5,9938972702,"039 Brown Forest Suite 400, West Amberfurt, MN 88733",44896
CUST173778,Cesar Castillo,stevensmith@gmail.com,+)(D9Da7pt,9393324672,"308 Elizabeth Motorway, Leshire, UT 49806",44772
CUST848348,Pamela Williams,rileyjames@yahoo.com,(ZF7ZWbv(2,9525737223,"PSC 7501, Box 7820, APO AA 36206",44599
CUST944693,Amanda Peters,jerryfrazier@king.com,n&8Jpcv#U0,9378822138,"20510 Fowler Locks Apt. 628, Lake Michaelport, WY 33896",44977
CUST568986,Lynn Herring,margaret83@hotmail.com,e0+82ElF02,9689466546,"1329 Anna Corner Suite 866, Kennethbury, DC 62538",44055
CUST229369,Kevin Miller,melissa75@hotmail.com,_umNQP3j8O,9106815558,"01622 Kirby Fort Suite 308, Hicksberg, LA 16326",44307
CUST929941,Robin Harris,brittanywhite@yahoo.com,KBuyWBal+1,9355950716,"07297 Robert Ranch, Port Jenny, NE 00597",44061
CUST602317,Michael King,wbradley@hotmail.com,ajIx65Nu_X,9048983562,"PSC 9324, Box 8873, APO AA 84596",44424
CUST714003,Timothy Lutz,carolineflores@yahoo.com,*64!SxEx#o,9383059476,"07055 Reyes Underpass Suite 058, Hawkinsborough, WI 25848",45602
CUST546010,Steven Tran,zlucas@jones.biz,0eyCe^t6(7,9131127841,"8286 Kaiser Pine, Kristineville, OR 68658",45314
CUST268328,Kevin May,andreacollier@gmail.com,Q01$h_Ld&(,9107121895,"Unit 1840 Box 6009, DPO AA 92092",44341
CUST582443,Peter Meyers,toddford@boone-williams.info,e6)3HZci_*,9791565699,"5435 Courtney Parkways, Robinbury, WY 39636",45380
CUST553410,Matthew Bryant,hartwayne@hotmail.com,4m6RDHxn%d,9537877173,"19410 Shannon Falls Suite 274, Tammyview, NY 98687",44121
CUST623486,Jimmy Moore,ncarr@gmail.com,dS3Qa7d#h_,9480859036,"PSC 7541, Box 3352, APO AP 48914",45340
CUST193396,Matthew Alvarez,timothy12@hotmail.com,_b)3EXl^g4,9810894765,"890 King Cliffs Suite 994, Lisaton, TX 87443",44156
CUST194793,Kimberly Hoover,robert94@yahoo.com,KO0L^br5y(,9676739037,"844 Jessica Vista, Katiemouth, IN 28823",45550
CUST122770,Robert Miller,qruiz@taylor.com,%*3mYlz#il,9992328426,"2300 Farmer Bridge Apt. 636, Whiteport, RI 89327",45169
CUST426403,Harold Hayes,nrice@schneider.com,*DVBbu&zF3,9493611724,"7469 Ross Lights, Perezchester, ND 49632",45387
CUST160327,Kayla Archer,joshua30@hotmail.com,lx$s52Ml+H,9728899068,"2112 Anthony Wall Suite 396, New Donaldbury, KY 34081",44845
CUST547787,Barbara Stewart,sjones@gomez-jackson.biz,k2f2UnYA_P,9478587690,"0970 Todd Courts, Tanyatown, NH 70831",44654
CUST091240,Nicholas Smith,kendraerickson@wright.biz,_Y0WUcc!#&,9076178084,"505 Marc Shoals, Emilystad, NE 82627",45455
CUST705135,Cheryl Gutierrez,walshtabitha@espinoza.com,!yNg3rLna&,9781144998,"728 Joshua Valleys Apt. 786, New Ginaside, CO 22904",44459
CUST864586,Eric Price,kellygiles@ramos.biz,iM^@fNvq+5,9028370411,"43867 Andrew Common Suite 946, West Michaelberg, CT 92788",44744
CUST284282,Randall Dawson,jbarajas@smith-watson.com,9QPD9WhT&w,9104425614,"563 Berry Ville, Pollardland, OK 76021",44146
CUST150633,Russell Jones,dawnbennett@jenkins.com,&sG89Tkj(e,9744963675,"226 Hoffman Views Apt. 292, Knighthaven, AR 17803",44844
CUST523425,Henry Winters,jamesball@yahoo.com,&RXSgu77j4,9316691281,"527 Hall Lake Suite 483, South Megantown, WI 65261",45527
CUST042187,Megan Hart,jose34@hotmail.com,1f@5aIxP4S,9152187312,"312 Barbara Road Apt. 600, Campbellberg, WI 74147",44310
CUST520863,Jennifer Johnson,paul29@nelson.net,85LsPzqG%q,9235918909,"Unit 2629 Box 2743, DPO AE 34966",44483
CUST600395,Cheryl Hughes,timothy14@hall-gray.com,J(EYHQ$x!8,9024261122,"5822 Myers Skyway Suite 150, Port Lauraberg, NC 37802",45472
CUST764026,Caleb Bell,stevencarter@nicholson.net,$ME%ZBx2u3,9825733793,"12330 Steven Ridges, New Jeffrey, NY 02782",45451
CUST587593,Luis Valdez,diane16@pittman-bright.com,o8WGUx%L&a,9994836927,"01738 Fields Landing, Lake Amy, AK 16646",45005
CUST880522,Jesus Spencer,ecochran@yahoo.com,$yrNXYu4n9,9692685483,"671 Gabriella Islands, Thomashaven, KS 01505",44411
CUST531777,Kathleen Miller,harold60@gmail.com,%2HuzudAd(,9428816465,"1608 Bryan Trafficway Suite 084, New Jackborough, MT 02963",44902
CUST338316,Scott Gibbs,robertsonemma@miller.info,!Y2GexGOZP,9488002799,"591 Mckinney Stream, Justinborough, NY 07425",44175
CUST854299,Deborah Wong,karenguzman@cole-hernandez.com,*3Xso*7ohc,9702638924,"532 Christopher View Suite 366, Bellport, KY 75275",45649
CUST737975,Ronald Cook,victoriaroberson@long.com,^+xA^Z_vG1,9855578957,"97158 Wiley Vista Suite 281, Shaffershire, ID 17688",45681
CUST851946,Kaitlin Johnson,joseph33@roman.com,&e#1sF4lxz,9172544611,"USCGC Green, FPO AP 06304",44241
CUST082621,Lori Mitchell,daleacosta@yahoo.com,R1Jz%8HdEH,9817695528,"81131 Jay Locks Suite 765, Douglasfort, WI 34960",45168
CUST187573,James Moore,rsmith@henry.org,*EWj)4Lgzl,9935712274,"355 Williams Spurs, Cooperton, OR 92554",45628
CUST624582,Bridget Thompson,hjohnston@hotmail.com,(1whFRuD6^,9324049064,"9529 Torres River Apt. 546, West Amber, UT 82311",44481
CUST560988,Margaret Sanchez,erin42@singh-wallace.biz,1H5KmZ%x)2,9406438546,"2511 Kelsey Alley Apt. 823, Port Rachel, ND 16118",45413
CUST537050,Lori Dougherty,johnwhite@oconnor.net,^22Kkxh^Kw,9985826340,"098 Blanchard Mission, North Amanda, KY 43559",45199
CUST644991,Dr. Michael Williams,bakermiguel@gates.com,952358Ou(d,9276152330,"8163 Zachary Spring, Houseberg, ND 77813",44054
CUST031069,Douglas Jackson,allenrichard@farrell-thomas.com,T70GBiCg#Q,9872389700,"47994 White Mews, East Marcus, DC 67753",44928
CUST748052,Darrell Johns,david88@smith.net,elBZ)I!_#3,9724516989,"8801 Smith Landing, New Gregory, AZ 34266",44879
CUST132718,Shawn Taylor,alexreed@yahoo.com,bERZegf4%0,9088023648,"965 Ernest Isle Suite 592, Andrewport, ID 36846",45499
CUST196310,Alexis Conrad,wendycarey@yahoo.com,*j7*LyhY7(,9189051633,"USNS Clay, FPO AP 13020",44249
CUST316366,James Solis,jacobsheather@cox.net,L6m1aqlX&h,9510480963,"3536 Harper Station Suite 818, West Monique, DE 61560",44058
CUST952213,Mrs. Samantha Hicks MD,daniellejohnson@raymond.com,)6vQnuCt%t,9264754309,"USS Nash, FPO AP 97928",44742
CUST916904,Ashley Carr,william00@gmail.com,@F29%WmeIR,9396070282,"587 Todd Run, Loriview, WI 09302",45411
CUST933483,Megan James,hesterjon@moss.com,@_c1N^kSDP,9465050105,"819 Sharon Islands, New Luke, KS 21347",45359
CUST953025,Jeffrey Mcintyre,scottnancy@david.com,&5Y4ZJ7dRm,9585936539,"Unit 0934 Box 8407, DPO AP 01268",45423
CUST971061,David Taylor,brettriddle@hotmail.com,!%oS)!MiD7,9575644660,"231 Emily Plain Apt. 002, Kelleyville, RI 81913",45489
CUST336485,Kim Jones,joshuabutler@hotmail.com,w+N!2WslJW,9253985375,"734 Leon Station Apt. 717, Snyderhaven, KS 15298",44592
CUST123151,Matthew Church,maurice32@carroll.com,Z2jvT(yr!i,9605282430,"52013 Brooks Row Apt. 624, New Barryside, NC 44743",44063
CUST084753,Jeffrey Ruiz,nandrews@harris.com,2p4UQKSb(u,9119538440,"2137 Rebecca Cove, Christinatown, PA 98110",45532
CUST394583,James Brewer,fullercindy@hotmail.com,)1jtIJc3gX,9067071972,"85530 Olson Turnpike Suite 328, Figueroahaven, WV 23542",44801
CUST075060,Kevin Houston,bauergabriella@brooks.com,99V+poKm%(,9937223595,"5486 Jennifer Cliff Apt. 327, New Williamchester, CT 81338",45208
CUST330488,Dr. Jacqueline Johnson DDS,gpope@garcia.com,(p9v2JzuYc,9890571761,"8842 Gaines Shores Suite 138, Millerbury, NC 40656",44829
CUST919104,David Williams,jamesvincent@gmail.com,MHF_LuhO!8,9358553735,"22683 Thomas Common, Michaelside, MT 03271",44370
CUST085339,Robert Maynard,james49@gmail.com,&V7Pi#B$m2,9449630754,"854 Cristina Wall Apt. 454, Lake Michael, CO 81257",45663
CUST652386,Shawn Williams,tonyadavis@rodriguez.net,m5*88ZhMU!,9651321407,"USNS Hopkins, FPO AA 76316",44896
CUST716351,Alyssa Fisher,chaserichard@hotmail.com,LS3WmjEb$j,9135766783,"32258 Sharon Isle Apt. 759, North Caitlynfurt, OR 49758",44556
CUST264719,Jenna Middleton,brian47@campos.com,ebY7fR!Oa+,9112226948,"776 Hammond Brooks Suite 149, Corymouth, PA 09743",44531
CUST191663,Lindsey Martin,zwong@nguyen.com,vI9V&Enl*V,9536904390,"PSC 3831, Box 1810, APO AE 12285",45779
CUST080589,Jason Lawrence,ucarey@lee.org,!9DoXzmKC8,9083092929,"PSC 2479, Box 1098, APO AE 65808",44331
CUST151810,Diane Gordon DVM,matthewcrosby@barnett.com,*6Y6PQ4P(j,9054422982,"0595 Smith Path, Lake Shawnside, HI 52632",44548
CUST441715,Mark Miranda,nkennedy@gmail.com,5b5GMjbs$5,9255687786,"Unit 3953 Box 6842, DPO AE 15497",45345
CUST082947,Nicole Gonzalez,angiejackson@reed.com,Pr8Gi)JwT@,9165166559,"926 Tina Mountains Apt. 031, Mirandashire, OH 41730",45569
CUST691603,Cassandra Silva,kevin42@hotmail.com,X34GTo5p_b,9942183392,"4138 Adkins Tunnel Apt. 125, East Nathanstad, LA 60517",45038
CUST829573,Mark Carter,caitlin74@harris.com,785BK7@a#d,9239181180,"PSC 4335, Box 4456, APO AE 65233",44681
CUST946987,Michael Adams,thomashatfield@yahoo.com,*0GFVXhtFn,9293202454,"669 Ho Point Apt. 017, Yolandaville, RI 46768",45524
CUST615536,Hannah Anderson,donald50@gmail.com,HY)1cPpis1,9548228317,"191 Rose Key, Joshuaview, NE 15584",45039
CUST121710,Carol Jordan,robin79@chase.com,v8THL0x(_v,9805854149,"93035 Thompson Trace, Lake Madison, TX 62851",45709
CUST934034,Billy Page,riveramichele@graham.info,X)2KwJqYeb,9727259904,"25874 Campbell Crest Suite 885, Benjaminbury, RI 33890",44862
CUST333327,Paula Gardner,christine26@johnson.com,C5Kmyp^e&(,9147555797,"68293 Hudson Knoll, Port Lauraberg, WI 28375",45751
CUST092680,Caroline Clark,hardykim@taylor.com,E0#52TSrD1,9270244275,"087 Meagan Cliffs Apt. 043, Aliciamouth, WI 76705",44436
CUST558742,Joseph Fuentes,timothyferguson@yahoo.com,)6(9K9f(ek,9468927439,"65311 Crystal Mill, Jonesfort, NV 25756",44100
CUST503043,Stephen Fitzgerald,oguzman@hotmail.com,%4Ouslvysz,9992322286,"2695 Stewart Port, West Miranda, CO 46245",45156
CUST503133,Frances Wilson,katrina59@yahoo.com,n46JRLsL%Q,9197022714,"2723 Tracy Points Apt. 984, Baileyton, AR 64431",44385
CUST346029,Sarah Ortiz,bentoncody@yahoo.com,^)4H+NVlDQ,9284984413,"56889 Aguirre Court Apt. 576, North Timothy, CT 08878",45523
CUST439703,Stephanie Peterson,michaelmiller@hill.com,K1kWh)EC%a,9029877880,"98457 Parker Street, East Kristin, AL 61785",45309
CUST869289,Evelyn Neal,tannerjones@davis-martinez.com,r%i4VYG#!i,9886816913,"034 Griffin Ford, Lake Nicole, AK 16567",44076
CUST193027,Victoria Manning,cschmidt@hotmail.com,@k@u6Ncv7d,9982706817,"48461 Riley Fords Apt. 122, Ryanburgh, AZ 45439",44194
CUST337605,Spencer Riddle,zgarcia@daniels-morrow.com,U4Bzl4r#_C,9536367877,"312 Young Flats, Christophermouth, OH 01701",45823
CUST852984,Travis Hunt,zlara@hill.com,)bw8o)ImC7,9207047402,"32248 Davis Square Suite 776, South Stanley, WY 35186",44528
CUST738004,Whitney Hess,steven56@gmail.com,9F8OtrSx_O,9530390317,"Unit 7017 Box 2684, DPO AE 13496",45740
CUST115790,Brittany Smith,zoliver@johnson-johnson.com,)NR12q2q7#,9339698779,"777 Ortiz Underpass, New Donald, WV 21917",44101
CUST275741,Michele Walls,megan75@gmail.com,F4AiplIt+r,9937560417,"217 Juan Village Apt. 419, New Robert, MO 32057",45144
CUST750496,Melissa Holland,progers@king.com,kE!1Bowf0e,9787085834,"4018 Lewis Ramp Apt. 965, Castrofort, KS 62476",45220
CUST355342,Matthew Holden,cameronkirby@wong.com,224KPRwh!3,9294412314,"4690 Jessica Ports, West Rebeccachester, FL 48416",44672
CUST046364,Michael Mendez,albert62@turner-larsen.com,w4Q3KfW8+F,9405986027,"450 Herrera Path, Carterborough, MO 03305",44207
CUST341945,Ricky Smith,perkinsmelanie@donovan-stephens.com,Z2HuPH_c*a,9537419437,"50111 Brown Spurs Apt. 923, South Diana, MD 37767",45019
CUST571521,Ruth Castillo,johnsonryan@gmail.com,223VIGHjs(,9476535428,"923 Patterson Flat Suite 055, Lake Christinamouth, DE 27545",45291
CUST986935,Jesse Silva,williamsmaria@gmail.com,z0!4h@Lm^0,9880495720,"887 Tucker Ford, West Melissaville, NM 48130",44568
CUST514203,John Rowe,baileyemily@garcia.org,0OUbgLfa$z,9594017392,"626 Jerry Cliffs Apt. 611, East Donald, SC 96445",44136
CUST655069,Kristina Wilcox,robersondaniel@gmail.com,p3WOJff%&q,9707006404,"891 Sampson Loaf, North Shannon, KS 74650",44304
CUST186946,Scott Mccall,bcastro@ryan.com,dSJzf4WR+2,9679217324,"3230 Johnson Courts, Coxstad, WI 52466",44319
CUST017102,Ronald Atkinson,michaelespinoza@morrison-berry.com,%ROMGFFc4P,9944017149,"898 Chen Stream Apt. 270, Lake April, DC 39835",44936
CUST248214,Kelly Franklin,michaeljones@gmail.com,K!s@4Hi&UK,9368760211,"1963 Yoder Courts, Smithton, WA 11810",44383
CUST735179,Michael Sullivan,washingtonbrandi@hotmail.com,#5Cq^blgt),9089127248,"8560 Wilson Ports, New Adrianshire, MI 11059",45520
CUST263171,Chad Price,sullivankara@yahoo.com,U(2yPng7e+,9625404231,"85264 Edwards Lock Apt. 331, East Alvin, MD 79909",44481
CUST933468,Krystal Hendricks,huertachad@holmes.biz,%AxNXUtB3j,9308987812,"1667 Miguel Light, West Sandraland, MI 22994",45434
CUST239520,Angie Chapman,rhull@yahoo.com,*(9zS^Oww7,9801952009,"79938 Heather Circles Suite 792, Lake Garyview, MS 34463",45685
CUST764245,Jonathon Gibson,johnsonangela@hotmail.com,J%)H3Fo&Kr,9408827279,"495 Vanessa Roads Apt. 492, Georgemouth, WA 05605",45781
CUST056433,Brian Whitaker,stevenscott@russell.net,_Ue0V72bk(,9402769687,"696 Flores Turnpike, Lake Keith, WI 19053",44459
CUST927712,Matthew Kennedy Jr.,angela54@parks.com,I2A0GHoJ_d,9407349599,"32943 Ruben Valley Apt. 116, Rodriguezborough, NH 51172",45366
CUST677517,Caitlin Phelps,jeffanderson@sheppard.net,#vJ3*7RhB@,9064218412,"097 Monica Prairie Suite 754, Lake Nancyton, OK 73740",44674
CUST125019,Briana Jones,jimmybrooks@yahoo.com,)75HCZUl*Q,9631194353,"3443 Rogers Trafficway, Johnsonberg, NY 22789",45375
CUST253680,James Benton,christianchristina@yahoo.com,ND$4AwHm%*,9516186679,"0908 Laura Forge, South John, WY 77185",45813
CUST041294,Deborah Hall,vickie89@yahoo.com,3pi07Um1(v,9036634613,"899 Caitlin Cape Apt. 229, West Marymouth, MA 03632",45575
CUST277706,Charles Cain,alexa98@gmail.com,7vLS($5b+K,9454307337,"69615 West Skyway Suite 813, Sarahmouth, CT 09288",44541
CUST769115,Sean Morrow,ginajohnson@yahoo.com,$9TbKjQdhW,9494345542,"8936 Cathy Shoals Suite 507, North Bethview, CT 07749",45240
CUST664884,Justin Smith,ljames@blanchard.com,_M7PjovPPM,9653981940,"793 Christopher Fields Apt. 569, East Joshuamouth, OH 61499",44279
CUST363570,Kristin Campos,caseyerin@gmail.com,0@Lv0Hc3M!,9346978678,"201 Smith Gateway, West Rebecca, OR 51832",45817
CUST479525,Michael Velazquez MD,dwayne96@hotmail.com,nv6A&9hH+7,9135614387,"Unit 7623 Box 0756, DPO AP 19383",44872
CUST777235,Grace Davis,wrightleslie@graham-alvarez.com,ad*JzMyc_3,9224898937,"20292 Lewis Road, Port Keith, VT 57308",45506
CUST039674,Darrell Roberson,sandrasmith@hotmail.com,8%4HFpRiH%,9399962931,"27363 Denise Cliffs Suite 106, Harrismouth, KY 16760",44993
CUST622524,Danny Simpson,geraldstephens@harper.com,!4JgdUavX+,9472150260,"4288 Fuentes Island Suite 370, Lake Jonathanburgh, MT 32989",44196
CUST442664,Katrina Peterson,margaretking@taylor.org,7r7fV)b7^r,9611197221,"90171 Carter View, North Melissa, MT 28790",45683
CUST005445,Kenneth Perez,terri90@powell.info,vuC)OrQ%!9,9540251375,"USNS Farmer, FPO AP 40662",44326
CUST306643,James Chang,robertwilson@henry.org,T029LnvCQ^,9175253805,"942 Patrick Ports, New Jean, AK 40843",45592
CUST837902,Timothy Newton,lyonssamantha@montoya.org,!Xl!!AsWv3,9218420170,"09436 Pierce Dale Suite 319, West Chrisbury, NE 89996",45389
CUST540235,Dr. Ian Cruz,nrichard@hotmail.com,Yu31YykR!q,9924952890,"253 Davis Drives Suite 494, Michealfurt, IN 02635",44657
CUST909960,Richard Morales,carlabowers@gmail.com,&*08ExeL!G,9756095599,"87459 Elizabeth Flat, Lake Don, SD 91736",44818
CUST506582,Kaitlin Douglas,walkerchad@hotmail.com,*4nQMHSy9T,9385012989,"USNV Terry, FPO AA 59177",44810
CUST270205,Thomas Reynolds,wendydoyle@costa.com,^rAsi2ZihU,9665984633,"23509 Michael Stream, East Danielport, KS 48565",44762
CUST871337,James Miranda,jeffrey90@schultz.com,AkRtF1Ge!A,9210996034,"5242 Lynch Club Suite 567, Port Mark, OK 58433",45790
CUST426031,Sharon Castillo MD,malonejesse@cruz.com,@14EULdOJQ,9465117126,"70777 Johnson Streets Apt. 647, Port Maryton, NV 15813",45664
CUST599906,Gregory Sanchez,knoxrobert@hotmail.com,Xbv+*)Kj$2,9264091601,"2897 Lauren Court Suite 400, West Kathleenbury, MN 12229",44742
CUST125702,Tyler Porter,flemingdonald@gmail.com,(%7pzOEg+6,9879968339,"9995 Powers Streets Apt. 171, Sarastad, TX 14098",45685
CUST298963,James Price,brendagonzales@hernandez.com,&BE%a1Jrzl,9225745660,"5796 Paul Turnpike Suite 924, Boyerhaven, ID 37845",45831
CUST125763,Veronica Bray,alimichael@alvarado.com,t%)p15Ggyw,9465930628,"5323 Matthew Ramp Apt. 259, South Jacobport, MA 77727",45709
CUST110872,Lisa Lowe,victor04@mitchell.com,!8YbFWhk+H,9449491982,"14003 Lindsay Manors Apt. 369, West Roger, MN 07246",45213
CUST479922,Katelyn Edwards,ernestmoore@yahoo.com,@kGPr+4K5r,9998213225,"USNS Moran, FPO AP 22176",45229
CUST026561,Anna Stewart,brady84@wagner-thomas.biz,L)PZ6mYzdO,9928917376,"4747 Smith Path Suite 330, Williamview, SD 73380",44386
CUST038201,Crystal Ponce,robinsondennis@hotmail.com,Db#4JBdgwT,9357309562,"0944 Luna Plaza Apt. 018, Lake James, VA 01474",45366
CUST802943,Ms. Amanda Davis,ashleymorrow@parrish-lawrence.org,E2Yat7yS_9,9529275547,"7601 Brandon Course Suite 998, Clarkborough, DE 47850",44856
CUST265862,Gabriel Wilson,michael22@castillo-grant.info,zS^8Kt_2a*,9215368631,"Unit 8294 Box 2089, DPO AE 82486",45426
CUST770140,Helen Hall,kurtjacobs@holloway-montgomery.org,dv*3oTiavY,9332853020,"7485 Frank Fords, East Nicole, CO 23613",45294
CUST662010,James Smith,jasonhall@reyes.com,(0vkZXaBUs,9211939755,"543 Pitts Inlet Suite 829, East Beckymouth, CT 15243",44452
CUST565949,Larry Donovan,christopherpalmer@walker.com,7ID3*V5t^I,9989974018,"Unit 0258 Box 2099, DPO AP 21984",45157
CUST727463,Patrick Gonzalez,renee96@knapp-smith.com,_n5OORT9O5,9759574239,"876 Joe Hollow, Patrickhaven, TX 29870",45539
CUST116329,Steven Mathis,ochoadavid@hotmail.com,8$26S*osS%,9844762493,"410 Mary Well Apt. 702, Jensenland, CO 53149",45490
CUST190855,Christopher Young,obrown@harris.com,l6kZz2nj#0,9565865139,"6692 Ryan Estate, Davidchester, WY 70467",45725
CUST808953,Janet Aguirre,john56@hotmail.com,r(eou7Uf_Y,9850865678,"53899 Joy Gateway Apt. 078, North Kristen, ID 02354",44133
CUST850488,James Cannon,james48@yahoo.com,_6FvXg3z!p,9711070096,"72245 Derrick Lock, Deniseberg, WI 66808",44993
CUST034974,Debra Aguilar,mary13@hotmail.com,4AQmHfr0$Z,9573372798,"609 Lawrence Mission Apt. 819, Port Aaronhaven, SC 34669",44195
CUST463397,Samantha Byrd,carrie23@salazar-wang.com,9%Ge9mfGzE,9206615333,"4574 Morgan Trail, Millermouth, MT 26479",45227
CUST048802,Linda Davis,alisha11@yahoo.com,R3tQMsXU@1,9717250567,"2511 Kelsey Motorway, Lake Traci, AK 86786",44179
CUST516849,Michelle Nelson,moramichael@yahoo.com,@mDN!U&D7u,9595146574,"936 Camacho Neck Apt. 739, Port Antonioview, NY 80777",44779
CUST079555,Lisa Hopkins,kelly15@huerta.com,SK^2l$TxsF,9233114930,"374 Carlos Street, North Brian, TN 56445",45777
CUST665168,Kenneth Keller,alvareznatalie@hotmail.com,@3N+KmjONN,9509151332,"12517 Nolan Causeway, Johnsonbury, PA 71242",45443
CUST570793,Jordan Martinez,pamela93@gmail.com,cbvKBhSz@1,9983087603,"101 Steve Dale, New Austin, NY 86286",44987
CUST294460,Thomas Martinez,crystaledwards@gay.com,JF^Ydo(o^7,9833257225,"90063 Holly Vista, Harrisonville, ND 40684",45476
CUST607693,Julie Gibson,ellisjulia@gmail.com,4#y7YkUu)A,9149257347,"322 Crawford Place Apt. 118, Shanetown, MN 25584",44398
CUST136637,Jason Bennett,randall61@gmail.com,O04N*mqWe%,9174430127,"USCGC James, FPO AE 59763",44886
CUST765471,Gabriela Short,tschaefer@freeman.com,*kSz5Q8aM6,9352915706,"54076 David Ridge, Kristinville, MA 02918",44889
CUST535480,David Castillo,ybaker@armstrong-herman.com,*4Z2IG4eUY,9332811882,"204 Mason Trafficway Suite 360, North Kevin, NC 73707",44539
CUST127493,Allison Cummings,gcombs@joseph.info,#9Yvj5i4BT,9525431083,"20510 Hart Views Suite 517, East Samuel, AR 02895",45754
CUST705326,Jared Duran,lortega@hotmail.com,&M7L0AJm)X,9066603904,"63639 Mckenzie Summit Suite 840, Aaronfort, AR 92513",44989
CUST733859,Jeffrey King,parrishkimberly@morgan-williams.net,RQ&4RbPy6^,9425095845,"31034 Skinner Mill, North Mark, CO 34268",44366
CUST915831,Darren Campbell,charlesclark@gmail.com,w*2RR(xQMi,9382723699,"0351 Hoffman Cliff, Jenniferview, SC 14531",45231
CUST358137,Linda Noble,ortizgloria@gmail.com,62s!M6Uw)9,9716032606,"75414 Shawn Centers Suite 764, Oneillview, VT 05423",45089
CUST997637,Kelly Miller,hdavis@strickland.com,G33C13i^$@,9509634538,"831 Collins Estate, Cristinamouth, LA 08804",45076
CUST807299,Joseph Nunez,churst@yahoo.com,*XlgUiQNJ3,9702553841,"73088 Cindy Island Apt. 192, Stevenmouth, MN 78644",44537
CUST430713,Brittney Johnson,sfuller@hotmail.com,8nR#ahHl*A,9539764905,"27534 Erica Spurs Suite 597, West Janeview, IN 01334",45446
CUST052456,Renee Cannon,ylee@yahoo.com,^mJ86Yc@_&,9753869249,"564 Hines Inlet Suite 435, Port Rebeccaside, MD 14344",44519
CUST630580,Michael Jenkins,williamalexander@hotmail.com,v$tbNNZZ#2,9553645063,"12140 Robert River Apt. 353, Douglasfurt, DC 66752",45253
CUST819270,James Cobb,christinakelly@yahoo.com,Jv9rXEph%Z,9533760059,"99580 Scott Drive Apt. 660, New Jonathan, ID 65402",45044
CUST571314,Tonya Barron,williamparker@gmail.com,oh^4ImqVC@,9465266234,"USNV Williams, FPO AP 18858",45292
CUST587180,Kelly Ramsey,calebsawyer@taylor.info,#aVnJ#cP1Y,9729902809,"09916 Schroeder Falls Apt. 248, Hollowayhaven, NH 02974",45128
CUST389616,Thomas Marquez,christinahiggins@gonzalez.com,(OKb+be!H3,9519378685,"930 Barbara Canyon, Benitezton, IN 09381",44208
CUST867303,Jessica Schultz,sullivancaleb@hernandez-jones.com,r)&47qwmNW,9244594033,"3864 Holder Summit Apt. 387, South Amanda, TN 56523",44841
CUST296440,Stephanie Duncan,james00@campos.com,^jWPD0+ua6,9924573743,"74644 Cardenas Course, Port Courtneyfurt, OK 07647",44087
CUST332217,Jeremy Sanchez,trevoryates@cervantes-gay.com,tYs!N7Fei4,9449246254,"4301 Sarah Isle, Port Christineland, VA 35232",44992
CUST774171,Sarah Peters,julia01@cruz-romero.info,PJ!E!Tkc_2,9252347236,"7555 Joel Alley Suite 511, Brittanyhaven, DC 40831",44986
CUST102306,Andrew Anderson,christopher66@yahoo.com,!M3UGzxdmA,9103219583,"812 Michael Squares Apt. 744, West Robert, NV 61720",44808
CUST271218,Michael Walker,murphymary@gmail.com,3xuvHxh6%E,9735908428,"075 Hansen Cape, Shannonbury, PA 00828",44962
CUST418972,Shannon Todd,lovepeter@yahoo.com,_sMIC%M@N5,9369780384,"0862 Stephanie Locks, East Michael, SD 96122",44937
CUST358685,Matthew Mcneil,johnsbryan@gmail.com,3CCv8iJk(e,9823850356,"457 Brian Road, Hernandezland, IA 17857",44065
CUST237913,Gina Jennings,johnscott@ritter.com,1^1Y^J%t&M,9307776681,"3445 Martinez Plains, Vanessabury, VA 55821",44722
CUST594287,Justin Kelly,kristenwhitehead@gmail.com,$436b5SZu0,9651199134,"827 Heather Corner Suite 678, Port Rogerstad, VT 12497",45610
CUST590429,Jeffrey Alvarado,smithchristine@marsh.org,yjv84Zjad),9718596626,"4098 Amber Curve, Bryanbury, SC 44739",44248
CUST626988,Julie Thomas,fnelson@yahoo.com,j7J_Qjgi$O,9006074660,"9496 Finley Brooks, Newmanberg, OH 84761",44560
CUST007071,Nicole Finley,mirandalorraine@jones.com,*192#Vg9oe,9136971634,"36871 Edward Cove Suite 415, New Ianshire, RI 89742",44626
CUST534588,John Fernandez,erikadams@hotmail.com,s1^M7Sny(3,9581018095,"Unit 7309 Box 7914, DPO AP 86899",44390
CUST237399,Michele Smith,johnsondavid@mitchell.net,aWM^s4o3&9,9794426511,"149 Hensley Mountains, Crystalhaven, WV 53266",44143
CUST087789,Scott Richards,barrymckinney@hotmail.com,^+J3CwcILP,9522729977,"214 Michael Islands, North Raymond, GA 08684",44185
CUST185521,Jennifer Clark,kristinaweiss@moore.com,^40xOKtwN3,9369111855,"8134 Ashley Dale, Elizabethmouth, CA 56379",44405
CUST109880,Zachary Taylor,jasminecollins@tucker.com,)iGJR%sHy0,9874447331,"481 Pope Overpass, Smithstad, TX 23622",44246
CUST532761,Katherine James,mgreen@gmail.com,R72$4^WiKg,9634518668,"8681 Sawyer Cliffs, Lake Vickie, SC 19706",45009
CUST917655,Angela Cordova,apage@allen.com,7Ek(3SVrp^,9418248803,"08789 Little Estates Apt. 414, Elizabethfurt, PA 09982",44195
CUST682659,Adrian Barnes DDS,ulester@powell.net,N4G&$8MiUv,9798342437,"566 Deborah Mall, Mckinneyland, TN 37514",45035
CUST665857,Patrick Saunders,sandersleslie@gray-carroll.com,3t)wC&se*9,9518291113,"754 Edward Way, Timothyhaven, OH 35325",44910
CUST844509,Walter Johnson,meagan41@conway.org,Jw^kQ3Vcs1,9411756655,"8324 Schroeder Locks, Reyesport, AK 08740",45684
CUST172210,Kayla Hernandez,victoria92@young.com,(PA&z!Anh4,9401568876,"1247 Chad Squares, New Susan, PA 71311",44885
CUST444242,Kevin Ramirez,ystevenson@owen.com,zl8LohGV*Z,9745388632,"14497 Megan Squares Suite 560, Susanstad, IN 77325",45843
CUST462732,Colleen Cruz,judyvance@gmail.com,g)^4Pyie87,9805738918,"0596 Christine Vista Apt. 148, Millerberg, ID 91351",45103
CUST914722,Gina Holloway,thompsonmario@murphy.net,!S35_U3b2c,9698800259,"12664 Austin Circle, North Bradley, UT 99197",44605
CUST505053,Brandon Moore,jared65@castillo-johnson.com,voW5LHjw6$,9362109229,"78280 Megan Island, South Micheal, HI 51735",45299
CUST028632,Kristy Brown,andersonstephanie@peterson-chambers.com,e#v54GBmYx,9790296407,"527 Klein Island, Jacquelineville, SC 56570",44582
CUST088485,Karen Flores PhD,erin05@gmail.com,&s!VJC*T79,9693020106,"324 Ronald Cape, West Tommyland, MO 06522",44683
CUST459431,Jeffrey Beck,irodriguez@hotmail.com,(FTru0ti5T,9496071423,"063 Heather Mill Apt. 268, Wallaceside, CA 08479",44066
CUST198413,Pamela Mcclure,theodore29@gmail.com,9b$6UREmk5,9402775017,"1334 Derek Divide Suite 048, West Joshua, MS 98850",44620
CUST319875,Jeffrey Johnson,sandramoore@hotmail.com,HQe)5Qhd#2,9904324502,"7422 Kelli Shoal, Masonstad, KS 00692",45450
CUST736346,James Cooper,hosborn@yahoo.com,=+tFf8Tu9Z6,9945035161,"332 Virginia Radial, East Christina, NY 66219",44436
CUST583640,Robert Lopez,mary43@rogers.com,!&@CQAtbl4,9613901545,"26860 Maldonado Skyway, Ashleyview, NY 13343",44565
CUST058493,Kimberly Morgan,alexanderjermaine@yahoo.com,EagW4FqdY%,9853321111,"791 Laura Hills Suite 405, Port Margaretport, CA 55619",44646
CUST547675,Candice Simpson,pughtimothy@heath.com,_U)U1Tga97,9371738052,"299 Valerie Lake Suite 984, Morrischester, CT 27306",45806
CUST882111,Scott Rivera,kristinrocha@hughes.info,!t0DcBRW4i,9627831033,"27573 James Island Apt. 152, Garciaburgh, NY 53890",44272
CUST160336,Zachary Austin,cassandra57@yahoo.com,$LVFCm4z$9,9889404240,"803 Crystal Cliffs Apt. 327, North Kyleborough, ND 84312",45224
CUST360608,Richard Jones,jonesthomas@miller-bradford.com,1h9EAn0&)G,9967885606,"9459 Allen Pines, Toddborough, WY 83288",45412
CUST806260,Kelly Callahan,duarteann@smith-richardson.com,GMd7OP_ec#,9969194442,"6105 David Trail, Shannontown, ND 49554",44215
CUST206417,Karina Meyer,bellbrittney@moore-bell.com,X!HI)1Ac+J,9661847728,"90274 Edward Prairie Apt. 266, Jesusside, NY 63821",44596
CUST862395,Hannah Grant,jennifer95@garcia-pennington.biz,$9QtMmrNAa,9383802422,"72734 Vanessa Ports Suite 867, Rebeccabury, MS 66079",45338
CUST809132,Whitney Steele,tiffany36@gmail.com,6NL6K+KvM#,9767196857,"747 Susan Row Suite 038, Port Chad, KY 70344",45541
CUST274606,Jennifer Lynch,jennifer48@yahoo.com,_*!Z2yLy%H,9806306465,"902 Henry Extension, West Michaelton, ND 84736",45597
CUST027212,Hannah Adams,kevinwalker@yahoo.com,)6MLOaJwO9,9860056352,"Unit 8356 Box 8117, DPO AA 52029",45695
CUST175851,Hannah Cooke,gonzalezapril@mcgee.com,fH%r2zNvPQ,9347622949,"00882 Matthew Crescent, Michaelbury, IA 51398",45550
CUST222016,Cindy Clayton,chenbobby@conrad.info,5o)Vtqx6^y,9814434488,"03632 Gardner Cliff Suite 925, North Christopher, IL 33529",44938
CUST985540,Mrs. Mary Hammond,carolsimmons@yahoo.com,p(0P9TmWRb,9297420164,"84783 Thomas Loop Apt. 921, East Brittneyview, MD 53588",45463
CUST018658,Robert Parker,smithkenneth@terry-johnson.org,k#5n3H1jUD,9903089230,"378 Kerr Trail Suite 785, Douglasfort, CO 30533",45269
CUST576554,Tiffany Johnson,salazarsamantha@gmail.com,GoUdph3s)5,9013888595,"711 Cline Road, Nathanielport, LA 65014",45558
CUST774235,Ebony Wilson,cgutierrez@hotmail.com,4OZ7Pq)C)N,9596446695,"10916 Emily Turnpike, West Erik, SC 23390",44126
CUST835306,Veronica Hunt,smithcassandra@gmail.com,6yfL5D)y*$,9372784038,"903 Ashley Prairie, Rodriguezstad, MT 04339",44111
CUST799204,Jerry Perry,stephanie31@gmail.com,R2(Dm5fO%y,9248872323,"89302 Scott Lakes Apt. 204, Brownside, KS 89667",44726
CUST388856,Jennifer Miller,gina44@yahoo.com,aFT1eXaK)8,9955149156,"76039 Austin Drive Suite 038, East Jefferymouth, DC 24755",44961
CUST424022,Yesenia Thompson,nicholas16@garcia.com,*pX751Hx!C,9414128129,"5238 Joseph Shoals Apt. 161, Angelastad, GA 37667",45675
CUST033063,Jeffrey Hale,hawkinsdavid@taylor.com,C72p^PmZ^8,9668516510,"100 Kelley Orchard, New Troy, TN 38529",44342
CUST005757,Russell Little,kwilson@gmail.com,1pBN!9ZtL%,9369469658,"5203 Leslie Brook Suite 722, Sanchezshire, HI 64044",44924
CUST934453,Seth Stanley,cookteresa@torres-craig.com,4j4YudFtu$,9179171774,"215 Stanley Locks Apt. 380, Wagnerville, AK 60981",44194
CUST022990,Joshua Krause,christopher73@salas.net,!kXL^V7b6K,9116025067,"420 Kayla Curve Apt. 926, Micheleville, DC 95124",44744
CUST336370,Michael Atkinson,emily58@roberson.com,8)#d@Cyc#w,9183370535,"4912 Andrews Walk Suite 117, Heathermouth, AK 50849",45102
CUST909508,Brenda Harper,changian@gmail.com,7*T3Ko7e^4,9879665685,"1428 Jonathan Heights, Stevenbury, AR 07272",45212
CUST435392,Jennifer Aguilar,jennacook@gmail.com,y*l1St$Hs9,9778850766,"628 Haney Pike, Greerland, NJ 49623",45464
CUST779649,Erik Stokes,johnsonpaul@yahoo.com,K2GgMw0U@c,9166379760,"617 Carter Causeway Suite 102, Palmerhaven, AR 37838",45208
CUST410399,Jerry Martinez MD,rebeccawhite@ward.com,!AieA_ap8a,9075428776,"862 Andrew Village, Michelleshire, WA 71307",44567
CUST713568,Crystal Morton,cthompson@miller-davis.org,z#)8@Cm!YW,9845255745,"650 Harrison Divide Suite 533, West Marcus, NY 51959",44864
CUST529344,David Parker,cynthiacosta@gmail.com,pgoCqJfe+0,9455287081,"4932 Joseph Isle, East Matthew, NC 67641",45644
CUST562514,Sue Horne,jennamurray@gmail.com,#PgrGba%0w,9877961833,"6457 Raymond Court, North Susan, AL 44391",45311
CUST773594,Paul Fox,brianparker@gmail.com,Gq!5RaZcvb,9175185846,"15285 Ryan Key, Mendozaburgh, SC 55026",44063
CUST715843,David Campbell,donaldmata@sherman.com,RdIgrFg9^8,9452744913,"667 Amber Key, South Marie, WV 80754",45618
CUST182008,John Zuniga,peter12@johnson.com,7(*4&IHhm*,9618787047,"088 Snow Lakes Apt. 402, South Tiffanyberg, MN 09505",45067
CUST369306,Michael Dickerson,jeffrey47@yahoo.com,960s+%Diq@,9517413065,"38532 Hays Island, Thomasburgh, ND 09009",45117
CUST372167,David Walker,jesusestes@serrano.com,Ih*8DaMdZd,9776674077,"7586 Heather Centers Apt. 561, South John, CT 49468",45058
CUST286320,Charles Arnold,orozcoelizabeth@walker-mason.com,L@d09CxhNa,9676739488,"9221 Dennis Expressway Suite 119, Port Christopher, FL 98001",44680
CUST575143,Alexander Hall,fjohnson@gmail.com,(1CNN3Unn$,9491028723,"2642 Jones Bypass Apt. 211, East Patricktown, ID 06680",44719
CUST509423,Jennifer Stephenson,cunninghamandrew@hotmail.com,*9UJtz$1k2,9644143329,"9281 Daugherty Burg, Gailshire, NM 03095",45267
CUST052791,Dana Castro,taylor06@gmail.com,d7&938QohJ,9029192598,"94475 Landry Squares Suite 208, Littletown, MA 56593",44720
CUST809897,Lauren Jackson,edward67@jensen.com,!TOfKC^080,9852367022,"70703 Hurley Forest, New Paulaside, AZ 81898",45824
CUST348353,William Evans,charles05@gmail.com,)rNnuGF6f8,9874633540,"USCGC Harris, FPO AP 89350",44547
CUST016287,Rebecca Harmon,danny03@hotmail.com,%fOc9Cp@%N,9682447825,"05018 Anderson Pass, South Cindy, NV 46786",45728
CUST894546,Rachel Boone,ypalmer@molina.com,^ad8Y@f1yN,9478905934,"2411 Luis Viaduct, Shawshire, LA 84743",44061
CUST444486,Christopher Wagner,richmondisaac@huffman.com,B@#1Xw*7xv,9526129698,"USCGC Martinez, FPO AE 81211",45589
CUST386340,Joseph Snyder,tiffanygutierrez@yahoo.com,S8GwTRwW_i,9446653018,"7521 Jackson Ports Suite 917, Morrisland, LA 23035",45040
CUST620156,Brady Smith,deborahsmith@hotmail.com,+a6(QIBb+s,9010671883,"052 Harry Wall Apt. 771, Shepherdberg, IL 99006",44109
CUST131268,Angela Nixon,mooremonica@morrow.com,^d^PBZ8Ts0,9021427828,"901 Briggs Trail, Justintown, FL 45107",44071
CUST798524,Dr. Joanna Hill,castromolly@hotmail.com,W)b1nTiaN_,9187874945,"0822 Bishop Glen Apt. 065, East Christina, SC 55318",44450
CUST470733,Gregory Foster,lloydbarbara@gmail.com,f9UHrqE))j,9839844728,"30190 Hamilton Lane, Port Scottstad, WI 04570",44726
CUST703603,Stephanie Moore,martin30@hotmail.com,=+o2_IqXAib,9387653730,"9925 Debra Passage, East Elizabethberg, UT 66700",45330
CUST932543,Daniel Williams,maria64@gmail.com,8e#jxkGq%z,9538502558,"968 Hernandez Island Apt. 333, Dianaport, MA 31827",44668
CUST115723,Kayla Jones,justin74@hotmail.com,z!8^8FAaHr,9553749390,"19873 Timothy Point, East Amytown, NE 59889",44565
CUST689891,Jerry Strickland,ylee@hoover.biz,8kVCJGAb*_,9001082865,"788 Schmidt Common, Mariahberg, LA 93756",45193
CUST785962,Brandy Sims,uhernandez@gmail.com,&C%N4Yy9W4,9023710879,"8209 Stephanie Shore, Micheletown, ID 43730",44983
CUST821226,Alexis Hernandez,christian53@yahoo.com,$mi2HapuYX,9336983232,"505 Soto Ridges Suite 407, South Michael, AR 09509",44941
CUST032303,Holly Stuart,deborahwilson@rodriguez-warren.com,+a8Eg1RmP#,9069624628,"2140 Walls Trail Suite 556, Lake Tammiechester, WA 58584",44517
CUST838713,Melissa Anderson,vincent72@hotmail.com,#3vE#gxT23,9059203471,"PSC 6577, Box 2067, APO AP 08793",45532
CUST295300,Nicholas Bass,williamsnicholas@alvarez.com,MiB^pGj5&8,9410857625,"USS Strong, FPO AA 80926",44301
CUST302561,James Wells,careymichael@grant-davis.org,!f6WaziGg5,9489172010,"850 Tracy Parkways Suite 400, Desireeland, PA 05457",44627
CUST525572,John Phillips,kirkjanet@hotmail.com,%07_PcNhC!,9018812539,"808 Bryan Village Suite 767, East Juanside, IA 85021",44530
CUST260595,Susan Bailey,gonzalezsergio@yahoo.com,Cvg1fDKe#v,9272090593,"2867 Anna Streets, Samuelberg, NM 83820",45031
CUST285940,Jamie Riley,pattersonelizabeth@andrews.biz,g*+1aHXqzO,9826092039,"4668 Brandon Ramp Apt. 359, West Danielberg, IA 50644",44247
CUST201940,Kathryn Craig,yreeves@gmail.com,kc5GPGdL&),9789254783,"41256 Thomas Bypass, Cartermouth, ND 58251",44967
CUST450112,Sarah Lopez,kelly60@castro.com,5y1@9Piy4V,9287490505,"2832 Paul Manor, North Randy, OK 45411",44394
CUST810131,Jose Hicks,allenjennifer@yahoo.com,8^NjuI8s#0,9458113575,"20650 Turner Squares Suite 505, Bartlettton, MI 42276",44552
CUST687904,Kelly Mccullough,ftaylor@livingston.org,RZ7+KWv5x+,9755675724,"046 Randolph Groves, Coxchester, NC 85111",45034
CUST725357,Katie Mckenzie,jeromebowen@hotmail.com,$X1hsL2fUK,9062521713,"Unit 9141 Box 5990, DPO AE 15826",45046
CUST357464,Glenn Hamilton,jenniferhopkins@koch-robertson.org,_&xPW*i)8n,9878877209,"69360 Higgins Branch, Murrayburgh, AL 45292",45053
CUST150427,Matthew Williams,gonzalezjaclyn@gmail.com,1gBUdBL(@@,9879232683,"896 Ashley Mountain Suite 570, Lake Nicolefurt, AL 48367",44959
CUST439163,Tracy Ellis,uthompson@hotmail.com,Z2Worumx#P,9119029330,"3267 Bush Glens Apt. 651, Garyport, HI 87679",44847
CUST661361,Dakota Garcia,jamesdavis@deleon.com,21#74HUcah,9457199788,"4943 Nicole Trail Apt. 180, West Tammyfort, WV 04215",45789
CUST385179,Riley Smith,vroberts@gmail.com,ZI!19BYy#L,9861838487,"857 James Junctions Apt. 752, Whitehaven, NH 28979",44871
CUST211650,Teresa Lopez,frankmendez@hotmail.com,$0p*CIHu0o,9986261719,"4539 Cooke River, Nathanielville, ME 22552",44177
CUST510970,Vincent Ward,mccoyjames@gmail.com,F7W)#J0k(w,9122265269,"52444 Nolan Throughway, Lake Catherine, FL 07891",45383
CUST023152,Alexa Ewing,awhite@gmail.com,Ib4fKns%_z,9367972560,"01504 Jones Cove Suite 576, South Justin, OR 98210",44721
CUST592355,Lawrence Hebert,thompsonmelissa@gmail.com,)5Tbryhc5Z,9550631032,"08697 Michael Course, Williamsonhaven, TN 04992",44820
CUST468175,Emily Short,fhardy@yahoo.com,!iY%_cHe1g,9362828272,"60855 Hughes Forge Apt. 224, North Thomasville, SC 42607",45534
CUST225292,Jonathan Cox,michael28@mckinney.com,B3jSqHk1#2,9780332478,"Unit 7725 Box 2783, DPO AE 30989",45347
CUST939564,Kevin Casey,mark57@hill-tucker.biz,@na(3Vodxf,9352532354,"288 Stephens Freeway, Johnsonport, OK 99279",45447
CUST099264,Patricia Smith,alexandramiller@gilbert.com,56Qm1Txe*R,9232017575,"547 Crystal Forest, Jameston, NH 11145",44711
CUST106548,Heather Clark,conleylance@gmail.com,P6xbQi*l(W,9850253196,"82373 Macdonald Squares, Taylorstad, NY 96670",44997
CUST846788,Christina Lopez,kathleen29@yahoo.com,#&Yj3ojK8B,9028070226,"19640 Newman Terrace, Wangbury, SC 59677",44766
CUST404015,Matthew Carr,apeterson@sullivan-johnson.com,wy0^pZg_%1,9571090332,"57236 Dixon Extension Apt. 193, Martinezshire, KY 04142",44492
CUST056782,Laurie Shepard,wcasey@webb.info,$L*0Q4x)8*,9564405382,"42975 Rachel Villages Apt. 873, Yangview, CT 44439",45085
CUST135721,Susan Brown,tracycaldwell@gmail.com,q@6+Drk@E),9717715102,"377 Cristian Burg Apt. 051, West Sandraburgh, HI 03364",44466
CUST799969,Amanda Holland,dianaboone@hotmail.com,6fMSvfN^+N,9638785437,"PSC 2438, Box 6047, APO AA 95733",44774
CUST211915,Kathryn Barnes,omata@clark.com,Tch6I$gb%^,9971067335,"8273 Turner Skyway, West Diamond, NJ 96706",44981
CUST293079,Thomas Howe,armstrongchristine@yahoo.com,Jv!bq1WhAE,9140241803,"07348 Kevin Inlet, West Aaronville, SC 76961",44734
CUST848951,Michelle Morgan,melissaharper@yahoo.com,i@E#2NPt!l,9091487527,"0532 Patel Mountain Apt. 388, Danielberg, MA 23821",44057
CUST605176,William Sandoval,ryanedwards@hernandez.com,HX7Hbq(v@$,9755077824,"374 Carrie Way Apt. 817, East John, WA 94474",44326
CUST817347,William Lynch,flee@kelley.com,SGr9S(vZ^H,9948753202,"14314 Ball Bypass, Benderview, AZ 79380",44022
CUST464297,Steven Miller,hernandezalison@hotmail.com,)5Q1O3VhW*,9545135036,"18115 Kimberly Key, New Vanessa, CT 30979",44769
CUST810657,Caitlin Rodriguez,ramirezkarl@gmail.com,)tE4JZDxwe,9536931660,"8088 Allen Prairie Apt. 869, South Christina, UT 87147",44960
CUST401677,Miguel Franklin,ryanthompson@yahoo.com,B88TaKavO&,9073882891,"2321 Jill Mews, Jessebury, AR 15560",45847
CUST960903,Christopher Bradshaw,ryangreen@dominguez-edwards.com,+0ujjcNk*t,9380067711,"910 Williams Plains, Maureenmouth, GA 99589",45099
CUST385316,Melissa Hess,carrollmarie@smith.com,MFs6iQkq%+,9373711856,"USCGC Gonzalez, FPO AA 72547",44069
CUST595072,Ashley Ayala,anna00@miller.com,cw1Lpl#b&@,9041733578,"08343 Stephanie Walk Apt. 905, Melissaview, FL 25230",45389
CUST565781,Nicole Olson,corey97@yahoo.com,#mFoxG1ku0,9763605852,"27666 Woods Neck, East Stevenshire, VA 32053",45047
CUST955752,Ariel Duran,joel62@yahoo.com,tY0CBTBd$7,9951831844,"633 Jennifer Passage, Danielview, MS 26280",45251
CUST492575,Richard Reid,samuelromero@jackson-jackson.com,5WX9Hrhy_J,9042288083,"08301 Hall View, South Edwardton, MI 20794",44601
CUST379749,Kimberly Jones,wibarra@williams-gates.net,k@l1k6Pfa8,9682695110,"372 Levy Camp, Caseside, SD 07112",44365
CUST263180,Adrian Rowe,xsmith@yahoo.com,F48LWsKA(A,9999644809,"152 Palmer Summit, Lake Theresabury, SD 84334",45071
CUST285955,Bryce Cruz,josephosborne@yahoo.com,l)w(18EyC4,9252189922,"5484 Kimberly Village, Smithfurt, TX 20453",45525
CUST665197,Stacey Edwards,lopezmelody@doyle-jensen.biz,f1DN&Uct(K,9544384488,"53676 Michelle Prairie Suite 396, Lake Kevin, TN 28019",45688
CUST304019,Angela Myers,thompsonrobert@hotmail.com,%xB7Lfl$9D,9023665906,"73426 Petty Meadow Apt. 162, West Dawnbury, CO 99666",45293
CUST373548,Victoria Williams,samuelhammond@gmail.com,*fL0Erz@93,9853513737,"4145 Benson Roads, New Erinhaven, MN 06808",45126
CUST344020,Thomas Johnson,brandon52@hotmail.com,*92+HAmy#d,9356153018,"63166 Figueroa Hill Suite 260, New Walter, CT 83463",45727
CUST757978,Jennifer Castro,dmartin@yahoo.com,#$m48MiwrH,9067155323,"62410 Steven Unions Apt. 992, Lake Patrick, SC 74646",45726
CUST313556,Jennifer Mcclain,everettjames@clayton-davenport.biz,nBZ3w0la^4,9207132132,"770 Erin Branch Apt. 067, Crystalmouth, HI 77905",44394
CUST151632,Victoria Brown,mackenziewhite@rollins.org,HH)a0N7sd*,9176728996,"108 Lane Stravenue Suite 229, New Allenchester, NV 65010",44121
CUST057462,Sherry Thomas,bobbysmith@gmail.com,I6Fgr9Hl^q,9046332313,"71782 Jenna Ports, Lake Luis, MS 16336",44478
CUST836942,Bethany Clark,icoleman@hotmail.com,_8qzdAgL6c,9736140870,"862 Bryant Prairie Suite 106, Walkerchester, VT 04227",44742
CUST333558,Sandra Ray,simmonsmatthew@gmail.com,)P)CGN5i$7,9181896800,"46665 Esparza Hollow, Silvamouth, NM 90998",44564
CUST076458,David Powell,jennifer18@knight-jones.com,!aIPPKg$a4,9858552839,"320 Timothy Locks Apt. 126, Karamouth, MI 34078",44124
CUST791700,Mark Williams,qmorgan@dennis.com,MYhU50_k_9,9604520309,"63021 Patrick Summit, Heatherhaven, NH 73557",45786
CUST169696,Andrea Smith,robert05@yahoo.com,xNG3aFeuX!,9854954010,"2912 Latasha Circle Suite 583, Smithchester, MI 11194",45154
CUST550066,Raymond Wall,fitzgeraldmichelle@aguilar-lowe.com,v39B2lFw*J,9569029652,"270 Jackson Cove, Lake Michaelville, ND 17140",44677
CUST862451,Teresa Wilson,donna70@wagner.com,*^42Jof3%T,9570971439,"376 Knight Track Suite 253, South Pamelaburgh, WY 00655",45312
CUST128135,Patrick Morris,christopher32@fleming.info,4#q4Fido&_,9583499011,"463 Crawford Square Apt. 710, East Robert, VA 65710",44866
CUST015638,Kenneth Brown,garrettrobinson@rodriguez.net,U@rl4RJz20,9886346549,"0135 Manning Pine, New Mark, NC 84195",44237
CUST847358,David Rivera,karinareed@jensen.info,fk_dqZ12!6,9009961954,"Unit 9051 Box 7742, DPO AE 58992",45004
CUST633625,Mr. Bradley Stewart,deborahwatkins@hall-cruz.com,+(8b5L+j3*,9995484050,"66894 Woods Alley, Gallaghermouth, NY 07821",45627
CUST240631,Jamie Castillo,ortizkevin@wells.com,dya3Hu(%f$,9207197352,"4817 Mccoy Lodge, Lake Stephenmouth, KS 88651",44949
CUST977142,Benjamin Robinson,paul97@thompson.biz,!4b5DzDCdZ,9308882347,"282 Tanya Corners Apt. 817, Jeremychester, NY 32192",45793
CUST341769,Sandra Dixon,emily27@adams.com,)vXH^nuy1M,9747331383,"435 Hancock Ways, Lake Jessicaburgh, VT 26965",44505
CUST996094,Benjamin Moore,emily98@burns.com,(W1gIdk_^M,9568117375,"2330 Compton Vista Suite 124, Lake Donna, CA 38485",45135
CUST899440,Keith Beck,fordangela@gmail.com,@nmVUBtq6D,9538218273,"94872 Andrew Key Apt. 024, Williamview, SD 98929",44916
CUST625424,Krystal Bell,fpacheco@hotmail.com,+V8KxYGo)@,9034918465,"9279 Hodge Islands, West Sarah, MS 55314",45059
CUST746680,Monica Morales,lori00@kim.com,^hHEBNmw*7,9034001123,"78979 Matthew Lock, West Williamfurt, CT 45563",44503
CUST794523,Natasha Conway,bakershelley@hotmail.com,6sI#fkNK&b,9451986125,"8301 Lauren Ranch, Cynthiaville, TX 83270",45618
CUST596766,Gregory Waters,william10@yahoo.com,JpDQ7R2m++,9568276304,"284 Daniel Ports Suite 809, West Marcus, MT 16964",45228
CUST795364,James Rowland,melissa58@parker.net,4fBKKXst_%,9885718961,"6527 Johnson Fords, New Melaniefurt, MI 55311",44776
CUST383146,Jose Wright,smithkatherine@hotmail.com,0h6Oh@$0m$,9584600645,"863 Ruiz Cape, Greenshire, MA 66610",44710
CUST934774,Brian Graham,brooksbryan@gmail.com,(3WkFx#lQq,9021942815,"6917 Vanessa Spur, South Colleen, ID 09703",44453
CUST690230,Kimberly Stone,zleon@gmail.com,J_79RfF0$k,9334102873,"PSC 4759, Box 4338, APO AE 24019",44343
CUST157676,Andrew Howard,steven53@yahoo.com,5iy+4qTy$^,9295898117,"95204 Robert Locks Apt. 561, Brownfort, MD 91241",45787
CUST888765,Catherine Adams,johnsonphillip@clayton-baker.com,l!4OtyvW%Q,9030923772,"16883 Mcfarland Union Suite 711, South Susan, PA 24987",45815
CUST222907,Dr. Travis Smith,rjohnson@yahoo.com,U@0U+Xea_^,9423800833,"7020 Wilkinson Islands, Ericchester, MD 69514",44558
CUST893463,Cynthia Pena,boyermarco@gmail.com,q1)^8Dr&Dw,9419663918,"007 Moran Ranch, Port Tamaramouth, NJ 44998",45035
CUST524125,Stacy Vega,eric28@crosby.info,8uldMJzf&1,9558035458,"94623 April Forge, South Charlesberg, WV 07065",45441
CUST581447,Rachel Martin,bgarcia@yahoo.com,!kL4RPd$#O,9703697491,"68291 David Locks, Williammouth, NV 51281",44928
CUST624430,Parker Fox,katelynboyle@owens-hensley.com,16)4DNDqD$,9594114877,"3401 Peter Road, East Denise, NV 37885",45588
CUST783376,Mrs. Janice Roberts DVM,william97@hotmail.com,5@4INy_XmV,9290982092,"9704 Francis Isle Suite 128, West Christopherfurt, ND 73210",44526
CUST885723,Dr. Michael Lutz,osmith@gmail.com,@4Ij#*pfu!,9287415821,"06622 Adam Place, Yvonneberg, OH 27950",44732
CUST880772,Vanessa Thompson,seanwilliams@smith-fernandez.org,PY8Po&F4_&,9428248608,"PSC 5020, Box 8454, APO AE 96847",44226
CUST588345,Kenneth Good,dsmith@williams-lawson.com,(+h8C0HuaS,9284417994,"Unit 4796 Box 5626, DPO AP 97083",44193
CUST040494,Sharon Fuller,maxwellpope@ryan-hill.net,6j)SGL%x#5,9919778977,"5456 Jones Points, South Robert, ND 34112",44380
CUST092705,Jenna Richardson,ysantiago@yahoo.com,0euWjtoo(B,9717854830,"49255 Roach Rapids, Port Davidside, AR 89760",45735
CUST346827,Daniel Estes,natalieharris@nixon.com,_7NEx%V1#A,9546051827,"USS Williams, FPO AA 14810",44303
CUST593852,Sharon Dyer,edwardwalker@gmail.com,(qfJwABp46,9287717126,"77451 Snyder Curve Apt. 295, Lewisbury, MN 94382",44700
CUST089250,Cynthia Morgan,prollins@nelson-levy.com,*4AUD%vw$R,9102507983,"72603 Cory Curve Apt. 397, North Stephen, CA 22907",44129
CUST385047,Erica Thomas,jillhill@gmail.com,^^n70Fdl3k,9418072777,"3013 Pope Ridges Suite 092, East Christina, FL 03694",44649
CUST897166,Krista Herrera,jasonsavage@hotmail.com,(5iU_3FghI,9139338876,"USNS Alexander, FPO AP 02547",45472
CUST204556,Ashley Weeks,christy78@gmail.com,qe2MH2xl^a,9473988308,"106 Garcia Vista Apt. 804, Pearsonburgh, MA 66135",45048
CUST053276,Michael Burke,leblanclynn@bell.net,)Ho#hfel^9,9856182978,"3766 Amanda Tunnel Suite 767, Mooreport, MS 12272",44436
CUST380427,Michelle Davis,cperez@gmail.com,tA49BJksN^,9893512130,"00627 Maxwell Junctions Suite 768, Blankenshipborough, IL 10811",45331
CUST470548,Daniel Price MD,michaelbeasley@yahoo.com,)4R%VEU8%b,9586415184,"PSC 9225, Box 4525, APO AP 53130",45403
CUST480690,Jason Simon,jennifer25@serrano-juarez.com,u49$BiM$!@,9001422251,"84532 Mark Point, Christinaview, UT 75477",45035
CUST915429,Tyler Munoz,usmith@shaw-shelton.com,+0FgyhiV$l,9682492425,"173 Avery Inlet, Laurabury, VT 48669",45302
CUST786612,Justin Miller,ramirezchristina@gmail.com,^8L+8^vPTO,9618657176,"726 Dylan Stravenue, Lopezmouth, DC 68756",45644
CUST494218,Melissa Barnes,awiggins@jennings.biz,Z%(9Tb0iSE,9532435329,"45249 John Turnpike, Haleyshire, ND 21077",45396
CUST668984,Michael Mcconnell,tgreer@yahoo.com,(t1D+oO9c+,9732677370,"513 Jenkins Neck, Port Maria, WA 82875",45182
CUST661010,Janice Boyer,raymond87@gmail.com,IyVR+6Nz@@,9307880378,"21477 Brian Brook, Williemouth, MD 66489",45771
CUST968737,Anthony Bird,sandra52@yahoo.com,#ISayX8h1X,9207390142,"365 Murphy Coves Apt. 423, North Jasmine, DE 18533",45580
CUST880429,Lisa Hansen,sheliawells@yahoo.com,yIPk6NaG^6,9390637957,"4551 Norma Skyway, Fergusonborough, OK 87305",44834
CUST029865,Steven Farrell,wyattcourtney@marks-cook.org,StTXAWnv%3,9796469269,"7229 Johns Land, Colemouth, SC 74900",45278
CUST731590,Mr. Michael Barber,chelsea29@hotmail.com,$2A3UIkWS*,9296703190,"29154 Vicki Common, Port Laura, OH 69763",44490
CUST861586,Rachel Davis DVM,ajones@mccoy.com,^5ZOmhbq)6,9746122439,"73701 Emma Crescent Suite 099, East William, IN 43972",45360
CUST831455,Lauren Rivera,david90@kim-rodriguez.info,kH$+7HTy_v,9485825862,"82214 Vazquez Flat, East Albertton, CA 08355",45085
CUST646094,Linda Davis,parkswilliam@hotmail.com,(ZmlAEJb3r,9456569914,"9077 Evan Rue, Phillipsstad, MO 69246",44525
CUST236209,Alicia Kramer,shelley97@yahoo.com,f*Y1aSai)P,9027461900,"8831 Jonathan Path Apt. 678, Lake Michaelfurt, NE 95650",44942
CUST542688,Monica Davis,karenreese@whitehead.com,$V%Z5Nlno5,9562957728,"5505 William Parks, Ryanside, AR 86473",44040
CUST573757,Jenna Anderson,michael29@gmail.com,jcM$FV&P$2,9275781464,"USNS Fox, FPO AE 57108",45719
CUST704510,Terri Nielsen,danielcunningham@yahoo.com,#09m4+QdlL,9391750044,"5706 Cindy Shoal, Loganview, MN 69904",45204
CUST496776,Sharon Gonzalez,jgamble@gmail.com,8_P5NTz^m&,9977036605,"636 Wolfe Drive Suite 264, Williamston, AK 94087",45125
CUST318558,Terry Garza,nicole79@perez.net,c)8LsujA#^,9566057173,"091 Schmidt Village, Jessicaview, DC 12625",44888
CUST460811,Carlos Perez,qstewart@gmail.com,A2Y&Dfca)b,9454024117,"31003 Garcia Circle Suite 724, Stevenville, NC 69791",44658
CUST455688,Eric Navarro III,poconnor@hotmail.com,2u9VRnko&t,9393082275,"512 Ramirez Path Apt. 824, Jonathanstad, NY 64637",45496
CUST442913,Steven Beck,ocampos@hotmail.com,$d&YdSQuz2,9197079731,"1571 Angela Dale, West Shawn, AR 26321",44386
CUST930465,Catherine Harrell,melissafowler@nichols.com,^L5gLRxH2q,9796025010,"672 Bartlett Views Apt. 715, Travismouth, MS 54150",44309
CUST017468,Joshua Castillo,stacy70@coleman-campbell.biz,f!l9Nj7XX_,9221084042,"909 Clark Key, Danielville, IL 01247",44548
CUST183857,Robert Nelson,brian02@hotmail.com,Fk&Lvlx@&5,9837737022,"1629 William Summit, North Roberthaven, IN 64712",44426
CUST641525,Melissa Phelps,hgray@hotmail.com,L7nEKv4+%c,9980863272,"356 Michael Light Apt. 099, Lake Davidside, TX 68985",45834
CUST943823,Rebecca Doyle,patrick87@gmail.com,+6HdVV3TQ^,9304120473,"02003 William Unions Apt. 486, East Elizabeth, CT 58170",44110
CUST462858,Charles Clark,ashley32@hotmail.com,jXU&TFOG!7,9215210267,"90041 Ramirez Bridge Apt. 931, Lake Justinbury, CO 49461",44471
CUST665729,April Martinez,vmason@hotmail.com,*2K@v@km_S,9296443553,"588 Traci Station Suite 706, Collinsfurt, CO 32743",44494
CUST953952,Mr. Fernando Robinson,tbrown@reynolds-long.com,0GXFmsBJ+l,9068644320,"55730 Meyer Brook, West Annaville, GA 85201",44556
CUST096232,Eugene Ibarra,amyjohnson@yahoo.com,(75Liju9eY,9000769058,"84677 Andrew Track, New Kristen, CT 07505",45656
CUST878128,Matthew Gross,greenjoseph@hotmail.com,+oA2JrhKK!,9618989792,"8647 Pamela Springs, Jermaineside, NM 96071",44954
CUST023561,Chelsea Bailey,joy55@gmail.com,%1PjrkrFhv,9265044264,"75092 Michele Ranch, Maldonadoshire, NE 74098",44586
CUST548736,Joshua Costa,bergergary@stout.biz,KGr1E%r!@Y,9741200361,"Unit 6123 Box 7516, DPO AA 21430",44653
CUST761185,Juan Jones,zjackson@gmail.com,&aqKZheO7n,9805037594,"28768 Johnson Center, Guzmantown, HI 51070",44072
CUST958388,Troy Kerr,michael23@yahoo.com,2d7LPvkxS+,9330465293,"62585 Erickson Inlet, Thomasport, GA 07898",44673
CUST815509,Samuel Baldwin,sabrina43@gmail.com,$sz*F1N&x3,9519985041,"6885 William Overpass Apt. 351, East Leslie, UT 15091",45798
CUST682492,Julia Henderson,whill@wilson.com,UA1WSrvJj&,9777046950,"94229 Scott Junction Apt. 175, North Carrie, PA 99304",44645
CUST063748,Kimberly Juarez,tammy43@yahoo.com,&JmIe6b1V0,9170941997,"USCGC Boyd, FPO AA 72142",45842
CUST283407,Barry Alexander,xrichards@estrada-williams.com,3!on85Swcm,9407978761,"Unit 0398 Box 7560, DPO AA 03780",44180
CUST958638,Jose Cooper,csavage@bell.org,WM1M!iQO*),9470022398,"41231 Patrick Rapids, Thompsonport, SC 99295",45598
CUST273708,Nancy Cruz,fcontreras@gmail.com,))9@NS(fka,9021414510,"7043 Marissa Club, Pattersonmouth, MA 65006",45495
CUST780047,Michael Weaver,crystal89@townsend.com,H%76oVb#HZ,9649160469,"35206 Gonzalez Walk Suite 033, Jackfort, WV 88481",45041
CUST097569,Andrew Jensen,melanieshaw@hotmail.com,c7jA3vfw)7,9382001729,"10129 Michelle Underpass Apt. 690, Mitchelltown, CT 57941",45022
CUST876620,Laura Perry,kadkins@larson-taylor.biz,)e3H!BtNS6,9825762918,"4294 Miguel Passage, South Christophermouth, UT 40148",44329
CUST762691,James Miller,hickskristen@gibson-mejia.com,+0(J_qD8(2,9638507945,"514 Tamara Trace, Mariaburgh, NH 18710",45128
CUST827565,Barbara Nunez,richard16@gmail.com,GXlh9jZp_^,9557202391,"8183 Zachary Overpass Apt. 788, South Charlesmouth, IN 66179",45415
CUST015412,Carol Harris,wmartin@gmail.com,5cT2&y%%^2,9505078380,"02573 Mark Springs, West Crystal, NV 57308",45356
CUST116200,Kyle Russell,parkermadison@collins.info,!28TfZTn%K,9946169842,"032 Gabriel Harbors, Randolphbury, MN 54864",44360
CUST781452,Kimberly Fox,williamsjesus@gmail.com,p$5rgQvm$#,9727022686,"38531 Heather Turnpike Apt. 589, Gallagherhaven, KY 75543",44654
CUST199686,Brandon Middleton,bboyd@yahoo.com,_PdL66QkvJ,9530579429,"781 Gordon Course, Rebekahtown, SC 10457",44108
CUST929203,Carlos Lee,ojones@rios-gonzalez.com,wwl7baLWr_,9207048995,"USS Stone, FPO AE 25957",45241
CUST636836,Margaret Reynolds,lopezlaura@palmer.com,f6Ucgx&a$o,9697067242,"14298 Ronald Mountain Apt. 447, North Adrianaview, MA 01965",44949
CUST943999,Martin Baker,riverakaitlyn@vasquez.biz,+7Fmsw)472,9458400773,"0253 Hernandez Glens, Davidstad, WY 03147",45438
CUST578059,Margaret Morrison,rebeccasampson@fischer.com,873$JTx2)7,9891531344,"5245 Meagan Track Suite 912, West Benjaminside, AZ 85273",44835
CUST857976,Gregory Mack,robert64@hotmail.com,LO0^P!Yc*6,9857431611,"USNV Brown, FPO AP 89504",45005
CUST841966,Matthew Villegas,robertkeith@phillips-jackson.com,Y&&w9HAwk*,9416198963,"PSC 1780, Box 1662, APO AP 48696",45140
CUST895184,Joseph Lewis,davidsmith@blake.org,z2RYwEI0*g,9894286013,"2490 Terri Stravenue, East Andretown, KY 00541",44039
CUST837536,David Ruiz,mwilliamson@vega.com,zOOAGyPf^5,9073102650,"6461 Jason Shores Apt. 216, South Katrina, TN 23180",44409
CUST582525,Sara Roberts,brettcampos@gmail.com,H1(I7m)m#z,9214324939,"4650 Stephenson Crest Suite 204, Alexberg, OK 71369",44677
CUST110608,Nathan Beck,jasonperez@gray.info,$&E%#lub38,9997332901,"7764 Allison Camp, North Markbury, MN 55451",44207
CUST869635,Sherry Davis,reyesbrian@miller.info,uR4AUFoSm+,9881335049,"7269 Jeffrey Extension Apt. 721, West Rebecca, OK 29210",45097
CUST693402,Jon Salazar,christina53@barnes.org,PP9I7UWl0+,9950022548,"74274 Rachael Creek Apt. 943, East Charles, ME 44384",44732
CUST715858,Crystal Taylor,porozco@bond.org,^xjsYL7K6w,9603958983,"35887 Moore Mount, Kimshire, AL 26113",45678
CUST686247,Cynthia Smith,jerry20@donaldson-williams.com,_7D4t9*yn6,9027941966,"58705 Aaron Square, East Matthew, OH 23052",44783
CUST956511,Joseph Schultz,okennedy@gmail.com,&Zd$37Avfs,9416384139,"6510 Ronald Corner, Lake Shirleystad, MT 81934",45815
CUST388678,Brianna Romero,hickskristen@hotmail.com,D^+8MqKnbJ,9502878987,"7775 Angela Track, Edwardsmouth, OH 25784",44491
CUST174134,Nathaniel Ward,charlesmiller@hotmail.com,*6B2Jb)!5g,9853412570,"USNV Lamb, FPO AE 11409",45545
CUST057047,Cheryl Vang,hayesjohn@yahoo.com,_Y3&Ftdlv3,9393717371,"Unit 9030 Box 8721, DPO AE 60094",44205
CUST744637,Jessica Swanson,sara94@yahoo.com,&8tVnwmSt_,9936555540,"522 Walker Rapid Apt. 136, Jodistad, WY 69215",44662
CUST978709,Andrew Alexander,phillipskimberly@yahoo.com,^9FMDzi#df,9202939633,"1699 Davis Islands Apt. 808, Osborneview, MI 20534",44814
CUST284542,Matthew Rose,paige46@stewart.org,9$w4RSx(Nq,9248564169,"84245 Cohen Key, Lake Cynthia, WI 85490",44278
CUST983778,Katherine Moore,yoderannette@shaw-jackson.com,@DiHtfag4R,9178374554,"44890 Mark Keys, Rosestad, WY 36675",45454
CUST754301,Kenneth Baker,stewartchristie@daniel-myers.com,5^AQnU1O^5,9364250772,"53694 Ashley Roads Suite 187, West Amy, MD 93220",45783
CUST833837,Todd Taylor,danfowler@jones.org,88Hn7r80^k,9971318155,"79298 Matthew Courts, Ruthview, PA 78394",45116
CUST607402,Kimberly Giles,matthewdavis@yahoo.com,_)G1HifdaT,9186215545,"807 Michael Spur, Lake Christopherland, MT 81374",44218
CUST797991,Elizabeth Harrison,jacob00@yahoo.com,ix947GEdW&,9225450688,"9689 Rodgers Trail Suite 528, Elizabethton, AZ 39751",45251
CUST174662,Jacob Mcintosh,fisherryan@beltran.com,fvx&82Pt^w,9136770572,"2962 Angela Lake, Anthonystad, RI 68912",45016
CUST960732,David Williams,shellyrobinson@brown.com,0CGAfuGv(2,9901549150,"59667 James Track Apt. 127, Josehaven, MO 02367",44159
CUST761315,Melinda Lawrence,taylormcfarland@gmail.com,BD5cKA1e$O,9400996033,"241 John Causeway Suite 576, Lake Stacy, KS 77885",45468
CUST208256,David Willis,fosborn@hotmail.com,#uStkwvRh8,9738775785,"20920 Fields Ford Apt. 963, Martinmouth, NY 25950",45118
CUST590973,Rebecca Martin,john11@jackson.com,$b5aHL(n&g,9390279083,"059 Thomas Way, Port Thomas, IA 34996",45378
CUST908672,Meghan Perkins,alexanderamanda@gmail.com,L#e8WVc4V^,9534289672,"63948 Webb Vista Apt. 897, Amandaside, AK 49111",45757
CUST652523,Kelly Blevins,hbrown@molina.info,!^R9JAFlN8,9757347525,"0876 Patton Gardens Apt. 654, Port Steven, CT 14318",45053
CUST580454,Lori Smith,meganmiller@gmail.com,E9q5Whqt_p,9983631284,"1806 Nicole Extensions Apt. 909, Port Taylorshire, RI 44814",45256
CUST079447,Kyle Wang,scottjones@hotmail.com,^3G1+Fqzuu,9367169703,"64544 Brown Isle, Port Alexander, NM 78359",44755
CUST458914,Mark Moore,david86@yahoo.com,1vsMsuZ*%Q,9932771540,"7064 Dominique Light, Jenniferburgh, UT 35421",44900
CUST327235,Samantha Oliver,lori80@gmail.com,6uVovLLx*U,9910070432,"20876 Deanna Plains, New Tammy, IN 91456",45482
CUST736807,Douglas Adams,jacobross@hotmail.com,6PrTNnFg^c,9518105486,"112 Joshua Cove Suite 693, Lake Sarah, ID 62856",44085
CUST931648,Richard Lane,dharrison@lane.com,qY1DXFjbM_,9599448818,"370 Chambers Causeway, Pearsonport, VT 50976",45095
CUST705755,Michelle Thomas DVM,lindacross@gmail.com,)#Nr2h0K0o,9906578157,"3178 Frazier Islands Suite 749, Lake Seth, OR 32257",45194
CUST372070,Gary Walsh,caitlinnichols@gmail.com,158%Iwyr+T,9657869072,"8765 Wright Street, Kimburgh, UT 00623",44183
CUST594537,Alex Phillips,riveraraymond@matthews.com,&QS40uKhz*,9048541786,"6769 John Oval Suite 442, Brianberg, OH 87247",44667
CUST091394,Ricardo Watkins,lholmes@yahoo.com,wrN1G3Nx^2,9045831446,"0478 Kirby Port Suite 862, Johnsonmouth, CT 10258",44045
CUST054571,Shane Lewis,robinjenkins@mcmahon.com,yw9Blkkg+$,9544597404,"79134 Nguyen Squares, Sharonberg, UT 31798",44384
CUST100004,Shaun Hubbard,michaelmitchell@miller-rush.com,$17MUwu2%O,9000474558,"7938 Natalie Lodge, Andrewside, AZ 16245",44677
CUST757817,Joseph Krause,amitchell@weaver.org,ru@8pJtHNt,9230230898,"873 Perkins Village Apt. 482, Robertsonport, MD 96682",45410
CUST083166,Michelle Rios,gonzalezbarbara@hotmail.com,)7KZnTsc%_,9096002859,"91461 Jessica Hollow Suite 870, Michaelstad, IA 95940",45294
CUST998157,Tammy Evans MD,colin18@yahoo.com,yV9!NuJc$k,9544679188,"4654 Samantha Road Apt. 235, Port Deborah, MI 45782",44487
CUST802030,Cynthia Holland,alyssajackson@hotmail.com,O6d1iMzz^),9354599516,"39003 Fox Lodge Suite 792, Port Charles, CT 43539",44304
CUST855168,Elizabeth Richardson,stevensanchez@johnson-jones.com,ef1DrBMi5_,9913671926,"9038 Cynthia Loop Suite 733, Popefort, ME 98043",44305
CUST539415,James Schneider,jeffreyfoster@parker.info,!&4&WXSvUU,9375914898,"9073 Howard Ports Suite 885, Ericshire, TX 68955",44976
CUST556738,Ricardo Mitchell,adamschristina@sanchez-scott.com,#di3Hh!b50,9015070539,"59780 Jones Extensions Suite 252, Vanessafort, NC 67900",45370
CUST728490,Jessica Carr,crossjustin@wilson.com,*5RNotax#L,9851629101,"395 Yang Lodge Apt. 824, Hayesview, MT 15569",44897
CUST733935,Kelly Martin,danielle41@vega.net,I8#a2Smi+3,9101195187,"123 Campbell Prairie Suite 168, Pittmanhaven, MS 17022",44412
CUST085688,Brian Cruz,spalmer@miller-smith.com,(I8ClCOvf%,9637891053,"PSC 8060, Box 6260, APO AP 70158",45776
CUST151215,John Ruiz,qrobertson@hotmail.com,(Di3TCAfs+,9741259224,"2828 Zimmerman Prairie, West Cassandramouth, VA 49138",44252
CUST322931,Brandi Jimenez,rebeccamccormick@smith.info,H14KMBaI)5,9195852944,"891 Williams Pass Apt. 464, Lake Anthony, OH 17794",44780
CUST972211,Carolyn Smith,jperez@gmail.com,_4K$CWzw9$,9061673497,"Unit 3363 Box 1040, DPO AE 97456",44046
CUST035677,Michael Valencia,gabrielle36@yahoo.com,ecACmiH7$8,9175008769,"327 Mitchell Mountains Apt. 767, West Marisaport, NE 24957",45531
CUST220359,Andre Collins,fsmith@rios.com,%(160Vfrc*,9726460199,"970 Elizabeth Pine Apt. 046, Rachelmouth, WI 38911",44055
CUST506284,Tami Rivera,kathryn73@morgan-rice.info,(IE0aUin)(,9568208899,"4019 Mcconnell Track, South Lori, SC 09793",44905
CUST114544,Bethany Davidson,plopez@hotmail.com,XZAzm^Il(8,9940490445,"614 Morgan Isle, Amberview, NJ 66819",45545
CUST525446,Philip Barr,samuel54@yahoo.com,!rDhSDRgH8,9086244633,"303 Wilson Green, Russellborough, NH 22835",44495
CUST266002,Michael Gomez,gyoung@yahoo.com,$xScxy8C8k,9353419127,"USNV Rich, FPO AE 89314",44578
CUST375925,Jennifer Silva,nhayes@gmail.com,)x5y1YdYrF,9154926187,"65602 Flores Circle, North Marytown, VT 18753",45684
CUST964648,Ms. Jodi Davis,kimberly73@gmail.com,S)8lKrb6W(,9350378285,"677 Martin Junctions, Grayhaven, ME 65181",44298
CUST205417,Kelly Haynes,torreselizabeth@garcia.com,0$6BpT!aa8,9795298100,"04694 Laura Plains, Schmidtmouth, NJ 26015",44281
CUST156591,Cynthia Walsh,sarahdiaz@hotmail.com,6l^KhhIZ)5,9420456424,"866 Kenneth Point, Lake Kathleenview, LA 75988",44712
CUST840548,Anthony Randall,andersonjoe@gmail.com,q@U*9TWwlq,9499106319,"015 Rice Lock Suite 771, Lake Sandra, OH 27215",45110
CUST895589,Elizabeth Rose,aroberts@little-hoffman.com,n)qj4Z@r#I,9619549793,"2733 Brittany Brook, New Angela, AK 49646",44630
CUST523254,Megan Smith,omiller@gmail.com,Q$DB6fHX&1,9535871149,"186 Pamela Fork Apt. 080, North Karenfort, TX 77092",45367
CUST461700,Brandon Mullins,bcarey@hotmail.com,h8@_%vpi#M,9830163689,"4004 Smith Mall, West Samanthamouth, MD 17219",45580
CUST914971,Craig Brooks,chenandre@wolfe-miller.com,aJ+R7O+rh_,9655328260,"PSC 8891, Box 1918, APO AA 29660",44037
CUST982302,Julia Gardner,millerashley@martin.com,^Y+5QWyN2C,9747032835,"67483 Jason Hills Suite 511, East Alexandra, SC 49893",44532
CUST785872,Jennifer Garcia,eric55@ortiz-marks.com,1VPQ^3LqUR,9403327625,"06334 Lewis Village Suite 408, Janicebury, TX 17988",45415
CUST639584,Nathaniel Edwards,perezbrian@lewis.info,(TKVspYmh5,9678786102,"501 Denise Tunnel Apt. 605, North Loganland, OH 80082",45161
CUST703454,Richard Oneal,briggscarl@yahoo.com,(!ZO+7iDkM,9539913972,"00546 Jeffery Stravenue, Roberthaven, PA 84440",44552
CUST946000,Luis Yang,ocabrera@campbell.biz,*4tDetH3C_,9937997702,"83411 Dominguez Meadow, Port Danielmouth, UT 08560",44913
CUST770758,Russell Sutton,hunter89@johnson.biz,$LrMSLf6#1,9314937375,"7306 Thornton Vista Suite 134, South Bryanshire, NE 25798",45468
CUST264096,Christopher Scott,johndavis@harris-richardson.info,p5EWp$mU)g,9237028413,"370 Freeman Parks Apt. 004, North Lindaview, WA 32047",44965
CUST485870,Carol Bush,jeffrey52@gmail.com,)XWPT(h3R$,9524947226,"78084 Julie Via Suite 430, South Alexandermouth, LA 92128",45500
CUST680478,Kristina Smith,alyssacooper@gmail.com,@+JdlgXx&6,9908364066,"5095 Samuel Roads, Cassandrachester, NH 82981",45256
CUST138349,Eric Mccoy,fuentesjohn@tate.com,r#91KTNwx),9914233186,"31257 Tiffany Fords Apt. 502, West Patricia, OK 17579",45652
CUST972093,David Reyes,maria78@yahoo.com,0AU14X$p$@,9653500610,"PSC 4539, Box 9699, APO AP 63777",44940
CUST324287,Kristopher Castro,rjames@stein.com,*4UKs(sx%H,9343379767,"USCGC Miller, FPO AE 50067",45016
CUST950783,Jeffery Drake,nelsongary@miles.info,$1B6ixzGQM,9383307302,"209 Marcus Gateway, East Maria, NE 98401",44935
CUST368973,Tracy Morrison,robinharrington@yahoo.com,^!UU%v_EQ4,9335617043,"86433 Natalie Landing Suite 486, West Erikaton, OK 92098",44979
CUST006486,Jose Kennedy,qmartinez@king.com,^0#pbMVxY0,9314572024,"373 Thomas Crest Apt. 804, Reginamouth, AL 41427",45005
CUST201978,Nancy Gilmore,taylorcarolyn@cruz-woods.net,4j7GGlH(%m,9947550906,"529 Mendoza Hollow Apt. 082, North Frankchester, WA 13750",44382
CUST687176,Dawn Nelson,ccruz@berg.com,8$Q5jAOZ9h,9812344869,"318 Gonzalez Branch, Terrytown, KY 19013",44407
CUST573255,Shawn Mccullough,matthewwilkinson@howell-spencer.info,%+6nA3iYzj,9530381011,"01943 Carlos Field Apt. 718, Brownchester, PA 87561",44748
CUST336801,Alexander Wells,ejohnson@gmail.com,AXC7vPSuh^,9441542566,"16587 David Islands Suite 168, East Christopher, LA 54792",45266
CUST665608,Michele Lowe,ujones@yahoo.com,3CQv7Sa7@d,9591592907,"3273 Shepherd Dale Apt. 189, Riverafurt, NM 53334",45339
CUST887232,Brian Daniel,chasewright@hotmail.com,$705LPd%D@,9647970334,"5593 Brandon Landing, Lake Whitney, NJ 35754",45271
CUST376743,Catherine Velasquez,williamweaver@schmitt.biz,U5G((Kb7&D,9689943326,"75546 Martinez Squares Suite 218, Lake Brandonville, WV 16152",45745
CUST876439,Lindsay Arnold,ywebb@hutchinson.com,05RubYvQ)#,9850571106,"83365 Johnson Circles Suite 884, New Michael, PA 08893",44733
CUST652011,Jason Owens,michaelblake@yahoo.com,_L1HEOkCS1,9720128971,"774 Keith Mountains Suite 872, West Robertstad, KS 50445",44110
CUST572642,Jessica Smith,theresatrujillo@yahoo.com,)^XmDL!hd0,9667895062,"8916 Jasmine Roads Suite 815, Lake Kevintown, KS 76351",44358
CUST947144,Andrea Braun,pluna@yahoo.com,7iZVjic@%3,9760424915,"PSC 5294, Box 9800, APO AA 97309",45818
CUST826635,Michelle Steele,susanpham@yahoo.com,DnVbekXx_1,9934076955,"248 Stephen Loaf, New Adamland, DE 71077",44937
CUST940554,Jennifer Ramirez,jayhogan@jones.com,%B%0SnLBgd,9844656869,"195 David Courts Suite 003, West Jacksonburgh, MO 17851",44831
CUST524983,Alexander Woods,christophercastaneda@anthony.com,eXTl68#z&0,9079188529,"4375 Dunn Island, Lake Brian, MA 05114",44767
CUST891130,Nancy Smith,michael53@yahoo.com,CD9BQm8Al%,9039456328,"605 Calvin Loop, Lake Elizabethchester, MN 40323",44764
CUST399919,Sandra Camacho,james62@estrada.com,)d1+FxoqDN,9981376757,"01031 Christopher Dale Apt. 580, Mataburgh, ID 52658",45224
CUST056872,Jennifer Padilla,billy30@smith.biz,r8EBnE5z(b,9419303011,"91412 Harris Squares, West Arthur, NV 91504",45497
CUST162527,Amy Williams,kmitchell@garrett-jensen.com,_2UCT!@Sd5,9862802337,"Unit 1009 Box 0772, DPO AA 17654",44106
CUST447322,Mason James,hcarlson@lee-wilkinson.com,D9L7*IBv&S,9675606306,"320 Hansen Turnpike, Leslietown, TN 89039",45302
CUST080319,Pam Wise,heather44@yahoo.com,(zq)8YPo*0,9726837188,"9387 Hayes Inlet Suite 031, Carlosview, MI 51718",45368
CUST198977,Wesley Spencer,austin16@yahoo.com,AqC99Bi^_J,9306335455,"021 George Course, Lake Laura, NH 30127",44086
CUST647133,Madison Nunez,patrick99@clark.com,*q926DEdGL,9043782080,"74888 Michael Turnpike Apt. 185, Colemanton, VA 75458",45414
CUST417679,Michael Reynolds,john92@hotmail.com,!uIDf^In7x,9595743956,"5209 Edwards Motorway Apt. 782, Lake Erin, IA 96065",45758
CUST955740,Michelle Dickson,alexanderwilliams@molina.biz,mvJ8PWXOq&,9935147282,"68625 Stephen Avenue, West Ashley, NY 52534",45345
CUST368661,Sandra Willis DDS,mark22@jones.com,DL)6CFg5hf,9373538899,"2808 Lane Row, Hunterbury, MN 74316",44921
CUST494415,Jacob Barnes,lwise@khan-williams.com,$MYU16RxO+,9922275793,"814 Hannah Ville Apt. 918, North Robert, TN 25311",44784
CUST225721,Maria Jackson,miamueller@morris.net,hsBn5DR++4,9854917638,"99408 Preston Crossroad, West Carolyn, UT 81810",45791
CUST417837,Jeffrey Alexander,kelly92@ayala.info,70%JIba#^Q,9360136842,"533 James Alley, Jenniferchester, DE 53833",45553
CUST818933,Darrell Rivera,christopher50@gmail.com,^xWxgGuX_1,9109302492,"399 Hess Fall, East Hector, VT 71767",44119
CUST775526,Mario Moore,johnmendoza@gmail.com,qDZV_5&c#2,9757582616,"596 Jacob Plaza Suite 415, Ingramberg, CA 18658",44306
CUST280834,Kathleen Jones,bryanttimothy@hotmail.com,!0D8vS(kUm,9743790723,"087 James Key Apt. 633, Howardland, TX 69646",45255
CUST279385,Tony Johnson,adamstimothy@yahoo.com,#HbEZ0bI%9,9470567050,"516 Anthony Views, Conleyton, NJ 36227",44367
CUST295060,Cassidy Pena,barkertina@gmail.com,f)^7Zmbjhk,9476493766,"Unit 2133 Box 1399, DPO AP 15402",44777
CUST961394,Dr. Jessica Reynolds,tstewart@yahoo.com,(5nbmw&wZ5,9459429753,"88929 Jenna Spurs, Martinbury, OH 93262",44910
CUST879722,Jeremiah Rubio,kathyjensen@hotmail.com,4aILI04s_o,9735866773,"47954 Pamela Stravenue Suite 108, Dorseyhaven, OH 06173",45602
CUST399905,John Huang,bob02@webb.com,ri+6uO)qER,9829376171,"7329 Eric Parks Apt. 633, Josephbury, MS 87371",44846
CUST098726,Bruce Briggs,joseph79@waller.biz,l0yQ6$q_^o,9965030058,"68490 Carol Union, Bowenville, MN 48699",44351
CUST196629,Robert Turner,normaguzman@gmail.com,#9FpT8I2&!,9874433274,"PSC 4608, Box 2243, APO AP 99497",44805
CUST017939,Robert Rivera,tranjoan@nichols.com,J(9tWbIMQc,9464749855,"57829 Kristin Road Apt. 609, North Brittany, CA 48076",45326
CUST753444,Anthony Curtis,roy17@glover.org,95@G3Uso*#,9520072890,"838 Peterson Lodge Apt. 876, Lake Michaelborough, WA 76207",45392
CUST475032,Colleen Fitzpatrick,chandlercarol@hotmail.com,$csa3Au$C5,9789396696,"86923 David Road, North Donnafurt, AL 30410",45408
CUST677327,Kimberly Harris,hjohnson@gmail.com,*xp4ZmGj+s,9056937877,"6786 Joseph Knolls Apt. 839, Lake Nataliechester, MO 78378",45317
CUST513213,Jessica Williams,rachelclark@sanchez-williams.org,P6b#Sy#c(6,9199585872,"583 Palmer Islands Apt. 865, East Seanbury, WY 70678",44106
CUST454418,Jackie Phillips,andrew03@yahoo.com,gC5IDgaT$V,9016577468,"08101 Sarah Unions, Austinbury, OH 96573",45648
CUST110969,Andrew Williams,keith02@hotmail.com,#rQJHYJwB8,9876297427,"56778 Bailey Springs, Port Ronald, NE 51725",44257
CUST907600,Shawna Harrison,apierce@miller.info,LiTY$Haq!4,9057266067,"20673 Sandra Throughway Apt. 041, West Matthewhaven, ME 58078",44280
CUST638609,Charles Meza,joshuaochoa@gmail.com,e5)4_8EcAh,9470256975,"99011 Rowe Forks Apt. 943, Lake Josephberg, MO 47148",44970
CUST340983,Rebecca Jones,michaeljuarez@kirk.org,Nlec3Fo3+@,9822922205,"4517 Goodman Corners, Katherinebury, AZ 82752",45541
CUST214780,Richard Wilson,anthony60@lee.com,C%O8YBWd8S,9323853333,"39524 Davis Plaza, Davidchester, OK 96326",44192
CUST011363,Taylor Reynolds,jasongeorge@hotmail.com,368GXGw))Q,9619395789,"93094 Sullivan Trail Apt. 664, New Tommy, DC 57658",45556
CUST486018,Mitchell Griffin,michael77@coffey-holmes.com,fw&7X1Bvd8,9252113341,"089 Michelle Dale, Castanedafurt, TN 86961",44167
CUST959020,Stacy Fernandez,nicholas47@benjamin.biz,N_!5l8Um3Z,9664726106,"2193 Rodriguez Passage Suite 558, Donovanstad, VA 94906",45248
CUST762163,Jaime Atkinson,djohnson@mills.com,x#1dEQs2!q,9117989022,"561 Hubbard Plain, Scottfurt, VT 35488",44634
CUST324443,Angela Hunter,uwalker@velez.net,@M4EQOdekV,9699728861,"2527 Robert Square, Port Lori, AZ 86571",45253
CUST192176,Shawn Wright,millerscott@gmail.com,B+f0q0Vq5O,9909523424,"30794 Virginia Road Suite 061, Port Steven, OR 46830",44595
CUST761443,Wendy Kemp,kimberly67@thornton-davis.com,$Pq1YhsN(S,9698174292,"0697 Bauer Junction, Brianside, HI 07707",44794
CUST836489,Erica Hale,cherman@harper.info,2$6B3wKvwC,9705128926,"682 Jensen Hill, Port Justinshire, NC 61168",44706
CUST380346,Susan Allen,cclarke@gmail.com,$E1%4hAh(C,9752300518,"879 Stephanie Knoll Apt. 931, South Cynthiaport, NY 21488",44867
CUST107477,Brittany Sullivan,pfisher@hotmail.com,ur%9#ZmOVJ,9805242041,"48501 Johnson Causeway, Port Williamville, KY 75830",45669
CUST591864,Helen Campbell,tonysweeney@yahoo.com,^2M6j9qk#W,9013809125,"0120 Samantha Harbor Suite 660, Hillfort, OH 87185",45105
CUST196224,James Smith,twilson@lee.com,_*4MinA#1e,9152172277,"975 Brewer Loop, Whitemouth, NJ 76156",45263
CUST962344,Patrick Schwartz,qbailey@hotmail.com,iF(XzxrE^4,9974451893,"80556 Bradley Freeway Apt. 094, West Ernest, RI 67013",44105
CUST499064,Breanna Wilson,meghan81@jones.com,2Zc4SscwX!,9044886142,"382 Joseph Trace, Brooksfort, WI 15795",44711
CUST872007,John Martinez DVM,martinezgina@obrien.net,N!2!T0ukdI,9745068190,"11836 Barnes Garden Suite 087, East Joelfort, PA 05548",45377
CUST514520,Shelby Jackson,frostcrystal@gmail.com,^g%l6!zd4Z,9647161452,"7697 William Cliffs, Port Nicole, MA 34789",45056
CUST707590,Robin Morris,brownjesse@hotmail.com,8fXK%*sn)5,9825335849,"6092 Leslie Key, Mccarthyhaven, IL 31798",45154
CUST526579,Mrs. Rebecca Thomas,fmoore@gmail.com,+qm@Bt)X45,9272680860,"853 Virginia Views, Josephfort, DC 22086",44782
CUST736471,Collin Wilson,kristina47@hotmail.com,&3QOxpuy26,9397402243,"3452 Torres Roads, South Jasonville, CT 85774",44995
CUST130650,Dana Lloyd,julie57@duran.net,&1jhIkJs1Q,9331493886,"1090 Kevin Squares, Jasonberg, SD 55484",45740
CUST434012,Tina Hampton,vanessadelgado@giles.com,*73%G+(ghP,9566375782,"867 Jacob Fords, New Amanda, DC 97204",44232
CUST956776,Kristin Johnson MD,watsonheather@yahoo.com,c@5xE+3mUn,9750904306,"676 Evans Island Apt. 477, Barbaraton, HI 64635",44973
CUST709127,Vincent Fisher,olsonanna@gmail.com,!4L#4wZw*j,9584541879,"65155 Reyes Ferry, East Bradley, PA 43657",45487
CUST233519,Robert Gillespie,staffordaaron@hotmail.com,=+ynNZ8Ob&q,9343316687,"10782 Ayers Glens, Zoeborough, UT 29121",44339
CUST008477,William Sharp,erinjohnson@gmail.com,nJk3dTsEy_,9332220580,"082 Sloan Isle, Prestonstad, AR 75541",44095
CUST225857,Mariah Smith DDS,cameron27@wright.com,T%9hPm*Afx,9709581378,"040 Small Branch, Lake Jacqueline, LA 61234",45157
CUST588980,William Frederick,whitejames@gmail.com,2^K4%SWa#G,9637968600,"USNS Patel, FPO AA 79328",45606
CUST432604,Michelle King,nleon@gmail.com,H8Kzp@Yu$$,9157603774,"86867 Scott Fort, Scottstad, TN 65456",45549
CUST595369,Samantha Walters,deborahking@yahoo.com,Z+@Z4#DmKE,9268706709,"3953 Albert Pines, Thorntonland, AZ 36993",45088
CUST177663,Curtis Bradley,hernandezmark@brown.com,Z)7)JlXz_o,9822019830,"6072 Steven Mission, Lake Brianmouth, IL 64150",45431
CUST442388,Jennifer Li,george75@flores.biz,_nwe1Zr9l+,9399590262,"1398 Ashley Forge, South Andrewmouth, IL 96886",45772
CUST835988,Deanna Johnson,julian99@chapman-curtis.com,$VHxb8g&1U,9092188695,"98749 Maria Haven, Rasmussenbury, MT 36989",45268
CUST519809,Erin Wu,ysavage@hotmail.com,EW@0JfeGz#,9088028649,"68884 Haley Village Apt. 823, West Kathy, NM 86774",44773
CUST730911,Joshua Gonzalez,catherine91@hotmail.com,)Z^5RF0u@u,9653370454,"817 Reyes Roads Apt. 163, Christopherchester, MT 85497",45169
CUST976967,Maria Mullins,edwardsbrandon@yahoo.com,)(O#RuJba0,9120434124,"1919 Cook Fall Apt. 123, South Terrymouth, ND 66378",45052
CUST961533,Jordan Payne,kevinnguyen@harrington.com,ZgY5tXrv)q,9576589002,"PSC 6418, Box 3013, APO AA 18762",44523
CUST880656,Manuel Cook,yflynn@adkins.com,^%2AzpleLz,9221125839,"91801 Jones Stream Apt. 868, Alyssaburgh, AK 35961",44802
CUST789532,Holly Wise,jessica75@hotmail.com,d68DvgQv*&,9567998027,"54434 Clark Viaduct, East Katherine, MO 33309",45550
CUST069041,Jack Castillo,cassandra69@yahoo.com,!O2@PCjV5C,9748242607,"6778 Peterson Haven, North Sandra, ND 07167",45524
CUST674089,Miranda Gross,atkinsonkristina@hotmail.com,*7%BEH^7mZ,9105727078,"6380 Philip Course, Perezland, MO 14440",45825
CUST669568,Stephanie Hardy,brookssandra@yahoo.com,_UpNSJlG2a,9452637722,"73742 Morris Isle Apt. 470, Christinaton, AL 84541",44024
CUST203382,Tammie Duran,jacobcontreras@gmail.com,)su2!Aku#$,9352526314,"448 Sydney Ramp Suite 507, Smithberg, VT 13854",45777
CUST491113,Sean Lopez,grivas@gmail.com,j2VPd+3f!&,9542966664,"8060 Patterson Plaza, Millershire, MO 46930",45546
CUST743363,Jennifer Long,hstevenson@gmail.com,u02znGtjH),9605610901,"73798 Carpenter Port Apt. 333, Port Jenniferton, MI 84329",44224
CUST911441,Jeffrey Key,rodriguezjohn@boyd.org,!9B+UJ)__c,9338273209,"23052 Norton Estate Suite 976, Jakefurt, KS 08177",44418
CUST511515,Nancy Day,rtate@ellis.com,zm)7U5cAv(,9754235133,"304 Linda Crest Apt. 608, West Rayton, DC 66616",44460
CUST141698,Arthur Cantu,idavis@harris.com,6s7kBV^^P$,9156260740,"904 Hart Park Suite 156, South Tasha, MS 81632",45111
CUST820279,April Bartlett,justin91@thompson-smith.info,&Q5OKqVLxi,9232461320,"6394 Austin Lakes, Arielmouth, MN 78841",44314
CUST383071,Annette Moore,yolandabell@fisher.biz,!C1GDo%WB(,9801095920,"9414 James Fields Suite 925, West Christopher, CO 19724",44507
CUST080608,David Orr,jessicaho@wallace.com,(CPqw7K@)5,9569670990,"3127 Walker Alley Suite 499, Colemanville, WA 20957",45298
CUST280379,Joshua Coleman,dyerlaura@lang-young.com,@oYm_dchU6,9948327263,"Unit 3059 Box 1924, DPO AE 95621",45573
CUST663308,David Edwards,stevemartin@horn-juarez.info,3)KAOP_d$4,9768327593,"14292 Heidi Trafficway, Robertside, GA 92113",45656
CUST335267,Dustin Franklin,samanthadaniel@hotmail.com,$viuw7Rcvx,9804318569,"953 Welch Fields, East Ronaldchester, IN 37378",45589
CUST878379,Timothy Palmer,isabellanelson@reyes-gordon.com,_sZYz0xMM8,9371446671,"579 George Walks, South Billberg, IL 55740",45654
CUST469439,Jennifer Simon,epratt@brady-hale.com,*IO7wEOq)8,9505366466,"USNS Ramirez, FPO AA 10486",45003
CUST109010,Miranda Sanford,kevin84@sanchez.biz,&8QvIzTMhn,9112760325,"5183 Tony Vista Suite 274, East Jeremymouth, NC 74488",45084
CUST806874,Bradley Yates,xmckenzie@gmail.com,lTQHkj5v@4,9703364982,"361 Rachel Shoal Apt. 049, Mccannborough, TN 04746",44678
CUST516958,Allison Vasquez,tonyalarson@yahoo.com,gEiX(3Gh@y,9958817061,"904 Green Junction, East John, RI 52112",44578
CUST413809,Tiffany Bailey,cstrickland@gmail.com,9iZ@6DgI%y,9538039098,"628 Cooper Pines, Josephmouth, WI 03686",44045
CUST774728,Jeremy Manning,jeremiah34@schmidt.com,*5NPcebBRJ,9578799594,"765 Brown Shoals Suite 346, Burnettfort, NH 27927",44394
CUST281645,Karen Lopez,carrollsarah@brown.biz,7zCnse1Y_T,9149354634,"PSC 4812, Box 9218, APO AE 41436",45172
CUST599547,Allison Kelly,millercourtney@yahoo.com,(fj7*1AeEN,9643991754,"978 Robert Wells, Margaretbury, MD 65049",44622
CUST322952,Austin Davis,wramos@yahoo.com,*9N@ssRG%_,9615902374,"PSC 3926, Box 8767, APO AE 30050",44414
CUST254241,Jody Anderson,brettbernard@shelton.com,n&5!0AytaS,9632613359,"335 West Crossroad Suite 638, West Robert, MT 67788",44600
CUST064963,Emily Alexander,dawn25@gmail.com,8hQ6CIrh$Y,9328966983,"419 Bradley Well Apt. 410, South Gregory, CA 68208",45832
CUST336446,Brittany Patton,kevin20@thomas-morris.biz,z1YN5bLO@6,9470547083,"USCGC Hernandez, FPO AP 37181",45689
CUST950592,Katherine Fletcher,schmittjulie@hotmail.com,tgr5tJm*o$,9521503603,"5204 Gregory Drives Suite 307, Mooreville, DC 53457",44994
CUST406783,Wendy Rowe,dakotaberry@johnson.com,uw!Z53Dy$r,9162992792,"575 Christy Manors, Martinezchester, MS 92741",45355
CUST765997,Jorge Long,andre03@gmail.com,8^!Hqdg&%o,9529398689,"429 Charles Street, Ericmouth, SD 58762",44778
CUST802489,Stephanie Davis,jennifer21@hotmail.com,&1TSbMcydD,9637861249,"USS Gonzalez, FPO AE 63330",45647
CUST763669,Kathy Thomas,zmitchell@hotmail.com,O+60UTDtX%,9599188822,"1656 Kelly Course, New Angelaview, PA 75298",45652
CUST868051,Cheyenne Johnson,zzimmerman@gmail.com,30&1BNWh#b,9281347731,"09628 David Isle, West Wendyton, RI 81162",45728
CUST341836,Kenneth Williams,jesse32@williams.net,5n(Ev)bV^4,9156974637,"18341 Bush Passage, East Timothy, OK 64108",45034
CUST775681,Kristine Hart,scottsanders@howard.net,^H4rJ8Ak($,9386446989,"636 Paul Cliff Apt. 861, West Kristinland, WA 83053",44484
CUST313508,Howard Anderson,derrick36@gmail.com,^FA4Df2H9Y,9990952448,"739 Harmon Tunnel, Port Lori, HI 70553",44669
CUST276020,Jacob Rivera,kjackson@fleming-randolph.com,O(5wYd0k&o,9908446802,"187 Myers Point Apt. 506, Annaside, WY 93242",45157
CUST071841,Lori Rodriguez,yatesmichael@hotmail.com,R_H^GdX4xe,9304222172,"USCGC King, FPO AA 92275",44234
CUST582173,Whitney Diaz,michaeltaylor@snow.com,2j6Ht#wxt&,9836952878,"5527 Paula Divide Suite 804, Karenview, WY 68838",44060
CUST872727,Mary Alvarez,hancockdavid@bailey.net,*83Vpi_b7x,9238260191,"6111 Cuevas Gateway, Santanaland, NY 74674",44390
CUST505702,Daniel Butler,sandra35@martinez.com,A2UOlJFt%i,9132436150,"03532 Barnes Islands, Jeffburgh, NV 83724",44892
CUST440035,John Caldwell,michaelflores@lee-flores.com,7CTEaLNp%$,9931078765,"663 Salazar Fall, Cherryside, AZ 74678",45135
CUST014199,Brianna Pacheco,juliejones@hotmail.com,@fu1MxVf$S,9775243695,"16335 Boyle Squares, West Jasonton, KS 45512",45128
CUST161706,Lori Lee,shannonmontgomery@hotmail.com,*ET9QqcdFV,9706379350,"3392 John Square, New Christopherville, TN 31573",44868
CUST539411,Chad Morris,crystalware@hotmail.com,Qn87fSXi#n,9784689028,"7500 Barbara Rapids, Maryville, ND 17409",45716
CUST775437,Robert Cooper,amanning@gmail.com,+9GnYHTxaY,9566564398,"387 Jasmine Causeway Suite 566, New Heather, NM 74074",44835
CUST248555,William Bush,joy39@elliott.com,1+^3UNv%i_,9032030761,"5995 Horton Knoll, West Michelleton, NY 38013",45374
CUST655116,Kathleen Davis,aking@gmail.com,g+y*P8Gpb0,9828244486,"93888 Sullivan Ports, Curtisfurt, ME 15257",45205
CUST121238,Jill Stewart,beth53@graham-golden.com,+zw$4uAof_,9557542727,"70029 Hardin Forest, North Alejandroshire, ND 73451",45502
CUST293054,Eugene Nelson,sara58@hotmail.com,sC_(9QXz)+,9128424264,"4233 Catherine Pike Apt. 377, New Billyton, MN 52163",45056
CUST144309,Micheal Wilson,ffarrell@hotmail.com,v9eGoJg8+B,9657445975,"PSC 9859, Box 3436, APO AA 92256",45546
CUST538030,Peter Collins,fisherwanda@marquez-washington.biz,$(5Pg1ye@8,9896396065,"6955 Klein Ville Apt. 817, South Davidmouth, MO 91309",44656
CUST651239,Sharon Lopez,christopher89@hotmail.com,@sp0T!t7i^,9081487037,"0911 Deanna Spur, West Joshuaview, NY 74253",45094
CUST666303,Margaret Jackson,brittany21@gmail.com,2m3FDnvg(c,9297618863,"0374 Hart Heights, New Gregoryview, MS 47869",44879
CUST686114,Karen Allen,adam05@stewart-cabrera.info,!%n^V0MaHE,9805693576,"458 Julia Road, Reedview, OR 28169",45224
CUST332445,Stephanie Mosley,marilynfernandez@martinez.info,O!^l3uGl*7,9135123517,"4983 Michael Ports Suite 103, New Pamela, IN 63837",45439
CUST019559,James Davis,stephanie14@harvey.com,N(6GQOlkt%,9933615325,"73272 Davis Parks, New Justin, NM 07318",45815
CUST974261,Matthew Mann,myershunter@yahoo.com,^w@Ark4bq7,9096386311,"14591 Robinson Viaduct Suite 725, Rodrigueztown, ND 09247",44103
CUST395315,Brian Chen,heatherperez@gmail.com,%6(OJ6Syd_,9998229704,"520 Mary Valley, Baileyberg, NM 89683",45422
CUST248698,Lisa Davis,seth92@gmail.com,%utOJ_kpQ6,9489493426,"4736 Linda Wall, Tammymouth, NM 56306",44129
CUST925882,Kevin Robinson,philip36@estes-gonzalez.com,D*e7%VIq#0,9527972057,"541 Smith Canyon Suite 744, Maryview, AL 65372",44255
CUST968640,Elizabeth Mckenzie,ylee@johnson.com,)KQbr0U3u1,9071746763,"49044 Fields Forge Apt. 309, Port Jeremiah, NE 21746",45821
CUST417930,Kiara Park,amber33@hotmail.com,xCMTGDyc*1,9770170309,"8067 Amy Haven, Hayesville, DC 76428",44959
CUST432694,Lori Lucas,sweeneychristopher@johnson.biz,*6BUv2nJ#p,9888909783,"9723 Catherine Route Apt. 531, Charlesburgh, OR 80147",44151
CUST551190,Steven Thompson,mitchelldeborah@yahoo.com,B@TVMz8C(7,9426421173,"86414 Rodgers Tunnel Suite 690, Anthonystad, MA 31093",44507
CUST966079,Nathaniel Lewis,william69@ryan-cooper.com,iY9UOyqq!d,9520547847,"38680 Riddle Green Apt. 004, East Cheryl, IL 65946",45422
CUST616635,Stephanie Howard,jessica74@rocha-sanchez.com,7+a45RqL!i,9976793330,"2839 Smith Throughway, Moralesville, OH 89203",44183
CUST536404,Sheila Hopkins,amy06@garcia.com,*0*2ExhbXP,9311445908,"3285 Michael Lock, Morrisside, WV 75782",44272
CUST946719,Jose Robles,jasmineayers@gmail.com,)0SdxxiybI,9432415119,"7764 Darius Island Suite 701, North Brian, MN 71774",44720
CUST508897,Mrs. Amy Bailey DDS,david28@gmail.com,^nsj3XzGXF,9500322761,"77239 Amy Trail, South Frankside, AL 99769",44715
CUST299878,Ana Moon,alexanderalicia@gmail.com,NdgXZ$sm#8,9792777023,"147 Patricia Crossing Apt. 454, Ianfort, MA 96848",45672
CUST004562,Brett Walton,scottnelson@yahoo.com,!k5V*h4l+5,9950212685,"360 Giles Locks Apt. 825, New Ryanchester, VA 81950",44158
CUST955926,Cesar Young,ewingderek@gmail.com,8ST11Wv4&g,9378571287,"598 Lisa Burgs, Johnsonhaven, KY 84950",45412
CUST618688,Mary Dalton,cfields@hogan.com,@S5ldO!cec,9907295651,"680 Ray Ridge, West Mark, KS 08754",44680
CUST042501,Marcia Olson,devinberry@yahoo.com,SI1@0Wwl!S,9370626151,"324 West Spurs Apt. 819, Lake Jonathanville, TX 10019",45306
CUST438371,Mary Nelson,russell20@hotmail.com,!5mCUtg$f^,9781815951,"545 Valdez Courts Apt. 038, New Stevenview, ND 23891",44777
CUST414643,Marcus Howell,ashley57@allen.com,X)51@ZfqMx,9961432497,"881 Jessica Drives, Newmanshire, ID 25382",44819
CUST429998,Craig Kelley,mcintoshrachel@turner.com,oG9Qzfwft!,9910239553,"191 David Ridges, Jeffreyport, WV 24273",44468
CUST614810,Emily Thompson,ggaines@roberts-mccann.com,@qL7^NDs%$,9390597896,"9054 Caitlin Lights, South Nicholaschester, KS 67719",45796
CUST792557,Joseph Rice,orodriguez@yahoo.com,Dr99L$tX)b,9462699569,"923 Webb Isle, East Joshua, WY 36005",45178
CUST646522,Kimberly Hopkins,jimenezmonica@gmail.com,35Dd84pm+w,9432530698,"9810 Kathleen Path, South Debrachester, CO 48560",45635
CUST747158,Emily Flynn,kanderson@stevens-perez.biz,Q_6*YKSG4f,9108437703,"2159 Flores Mall, Sandersland, WA 00989",45410
CUST095724,Gary Snyder,aprilsmith@yahoo.com,$4$9EM7zb5,9092443986,"6946 Davis Summit Suite 131, New Andreahaven, FL 17034",45385
CUST191223,Nancy Johnson,richard59@prince.com,kij7DqIT@_,9378043156,"059 Gabriel Hills Suite 323, Mccormickbury, MA 04717",44958
CUST228244,Renee Smith,bradley49@hotmail.com,^EjJCaEcA3,9682960030,"9458 Owens Haven, New Kathleenland, OR 30996",45206
CUST831654,Alicia Taylor,stephanie51@lopez-king.com,(^k)jKRok9,9104873268,"97281 White Squares, Katelynbury, NV 55926",45676
CUST475713,Amy Solomon,lisa79@gmail.com,6W^4Uu0RN+,9372399939,"30889 Jenna Ports, Millermouth, TX 45880",44583
CUST492683,Pamela Leonard,mary00@luna.info,**73ZNic#I,9811510555,"42864 Brian Flat Suite 046, East Jeremyton, PA 04159",44696
CUST078196,Monique Jacobson,mcintoshkimberly@yahoo.com,Qb71GKFpn$,9919526716,"430 Levy Fall, West Matthewmouth, RI 72028",44700
CUST389607,James Banks,mcdonaldtimothy@garrett.com,Tc#cnKET(1,9286246725,"19957 Daniel Glens Suite 579, Smithmouth, DC 24497",45585
CUST643601,Meghan Richardson,shane21@hotmail.com,=+oNWNqsVs9,9031892353,"515 Jenkins Views Suite 567, Murphymouth, NC 05076",45666
CUST655349,James Williams,uavery@gmail.com,9!fZu3l2&J,9959399169,"4277 Burgess Station Suite 998, Medinaside, OH 28656",44025
CUST565594,Laura Blackwell,brandonmoore@gmail.com,Tp9mEYm6#o,9766147001,"7295 Lee Brooks Apt. 317, West Jorge, TN 59937",45293
CUST243394,Jennifer Rowe,tiffany38@hotmail.com,#wH5y$Kp$*,9031110994,"PSC 6876, Box 4434, APO AE 60365",44835
CUST821920,Mark Velazquez,coxlaura@reyes-martin.com,2Cu3VFq$(),9738185215,"187 Pearson Cape Suite 571, New Charleschester, WI 43584",44166
CUST795660,Emily Ramirez,crystal25@wright.info,r02)VPqKj$,9536549541,"58597 Paul Fork, West Jamieland, IA 79925",44920
CUST521458,Stephen Peterson,clarklisa@hotmail.com,kBDZHwtg(4,9270179906,"52796 Jones Centers Suite 452, Duncanstad, NE 44292",45287
CUST351883,Gary Adams,woodsangela@yahoo.com,b8+dXsMI*9,9498734678,"PSC 0426, Box 7037, APO AP 34907",45570
CUST644175,Jill Ferguson,popeangelica@yahoo.com,#vP0Bv!rfi,9377127975,"93961 Erica Inlet, Lake Derrick, MT 80126",44552
CUST719425,George Powell,eric93@hotmail.com,8L1MqUkt^P,9121321716,"8699 Massey Mission, Robinsonshire, CO 93359",45365
CUST593463,Diana Horton,pmitchell@gmail.com,=+RkNpdZjU3,9424608149,"00550 Victoria Inlet, New Haley, MN 69506",44428
CUST119172,Terry Owens,owells@gmail.com,+sGGal%H!1,9185686588,"590 Deborah Harbor, East Maria, ND 84751",45241
CUST346384,Jeffrey Singh,stephaniebates@hotmail.com,&WdKRsxc6z,9653163839,"1561 John Locks Suite 260, Lake Jimmyside, VT 35136",45831
CUST286978,Robin Anderson,vgarcia@blackwell-thomas.com,3fU9mpIL)t,9177004961,"PSC 8005, Box 4082, APO AA 60647",44415
CUST964812,Karen Tapia,justin59@gmail.com,!0^6R$s)QR,9444843444,"18201 Eileen Circles, Jonathonberg, UT 80237",44471
CUST499724,Todd Lee,ybarnes@gmail.com,5e615LeS^5,9530745010,"04833 Ethan Unions, West Maryton, HI 48199",44849
CUST563949,Debra Randall,bautistakathleen@dodson-moore.info,J^bd9Lcy50,9073062969,"025 Keith Walks, Davidfort, NY 19687",44867
CUST576660,Scott Stanley,moorenancy@yahoo.com,_6T%n9yly3,9158296272,"7766 Bradley Locks Apt. 622, Codyfort, MN 40352",44750
CUST008540,Timothy Hamilton,taylor00@mejia.com,$VUVrYTkC9,9679815040,"182 Kayla Lakes Suite 560, North Erinhaven, ID 16647",44831
CUST916020,Ryan Brown,ulee@gmail.com,K4F9tzos%l,9176039363,"257 Smith Inlet Apt. 793, Tateburgh, LA 09718",45775
CUST339746,Omar Davis,caleb67@yahoo.com,*Wb8Wkjo#&,9864337404,"22468 Pierce Meadows Suite 447, Mullinston, ID 23748",44150
CUST703768,Anna Ayers,devinvillanueva@hotmail.com,#F%Y6MOm^2,9181183862,"674 Middleton Dam, West Kenneth, NJ 93249",44153
CUST334483,Justin Lucas,grantjones@arnold.com,=+pfEMJ5T5G,9247181189,"82649 Long Neck Apt. 166, Daymouth, RI 31763",44427
CUST660104,Brendan Freeman,donald01@clark-gilmore.net,@u4UBy1dFG,9667546190,"520 Hunter Forest Apt. 891, Lake Scott, MA 88426",44684
CUST586316,Steven Harris,katherinereyes@hotmail.com,r_ZLh6Amb9,9184993166,"PSC 2893, Box 8237, APO AE 88482",44796
CUST461569,Kyle Wallace,robertkeller@pearson.org,=+T9J2Gen*6,9064901741,"256 Martin Lock Suite 794, New Haleyburgh, MI 56256",44590
CUST080825,Charles Larsen,wayne67@li.com,_6WLOX^)Lf,9666408179,"9696 Watkins Ranch, East Miguel, SC 93818",45002
CUST467899,Stuart Shepard,annroth@barnett.com,Z)4B@3c!fu,9748228433,"61461 Atkins Creek Suite 377, North Alexchester, CT 61095",45416
CUST930543,Tim Baker,zpollard@hotmail.com,#H7HJQkg@4,9665107035,"28976 Isaac Point, Hurleyhaven, IL 90625",44833
CUST675127,Erika Griffin,choijack@hill.biz,!tVx7Nyw5s,9128469614,"33597 Kimberly Way, Lake Ronaldfurt, MD 40504",45756
CUST302147,Kimberly Webster,samantha65@hotmail.com,$5YK%eHavk,9396337435,"786 Rogers Burg Suite 965, North Stephaniechester, UT 94297",44629
CUST600559,Antonio Cooper,evelyn42@yahoo.com,%40ABr5D3(,9906687799,"52749 Teresa Ford, Wheelerville, AZ 52550",45478
CUST129588,Rebekah Howe,andrew39@maddox-williams.com,*RfORz+e3w,9770964530,"7745 Lawson Run Suite 214, North Drewhaven, AK 28433",45158
CUST912695,Erin Olson,williamstaylor@wilson.com,*di^+4LiYy,9654094015,"0793 Christopher Underpass, Lopezside, NH 99362",45543
CUST346937,David Savage Jr.,hernandeztara@gmail.com,*3zaZJO9+z,9359185566,"41367 Erica Path, North Jared, WV 36282",44595
CUST740796,William Castro,linancy@calderon-rich.com,P9XKSryk@d,9195778353,"5708 Jose Parkways Apt. 852, East Michaelshire, NE 12095",45600
CUST696045,Abigail Cain,cwright@hotmail.com,8(l80iXg$^,9053134034,"7625 Parker Port, North Holly, AK 57463",45108
CUST616289,Selena Navarro,lstanton@zamora.com,&5XMCZbe*9,9862245462,"96030 Berg Hollow, West Matthewhaven, NE 88669",45842
CUST255948,Mrs. Natasha Kirk DDS,carterangela@silva-hess.org,j5RW_ZUz!D,9248132174,"USS Coleman, FPO AE 57243",44197
CUST711373,Sabrina Nelson,michelemiller@hansen-mcdaniel.com,Q*7Ru7wl@w,9202885564,"894 Terri Mountain Suite 225, Gabriellefort, DE 28498",44667
CUST137811,Jared Johnson,donald68@gmail.com,i1nJxl+N_D,9681546901,"69755 Moore Isle, New William, AR 95447",44795
CUST333922,Roberta Anderson,ryan64@gmail.com,O6A9)Quf#_,9893582865,"95978 Tiffany Center, Port Kimberlyside, MA 07918",44022
CUST228623,Erin Lawson,osullivan@hotmail.com,!zjMo50*75,9129125925,"Unit 0407 Box 0189, DPO AE 28237",44128
CUST029674,Jeremy Lynch DVM,zortiz@yahoo.com,@g0QsqMo_s,9039985510,"8725 Angela Track, Christopherview, OR 16251",44717
CUST772783,Alexander York,tthomas@krause.org,l+5sRZVwH3,9232224538,"61659 Rice Parkway Apt. 266, West Zachary, AR 87783",45306
CUST801507,Renee Moore,robertstracey@gmail.com,n_m2JFHy!b,9185358160,"494 Phillips Turnpike, East Travis, SC 74816",45170
CUST023231,Peter Boyer,dennis37@hotmail.com,B$8j5Uwa5a,9389418892,"Unit 1901 Box 4881, DPO AA 72153",44892
CUST300851,Tammy May,millshannah@perez.com,=+u4OcpmaRq,9608688946,"306 Taylor Crossing, Arianafort, KS 63696",44031
CUST628455,Jason Chung,elizabeth08@salinas.com,84tAo60!_g,9039586102,"82464 Emily Lane, Laurenside, MT 64532",45608
CUST957374,Timothy Ward,carl59@medina.com,3sQ!GYlq_z,9943277273,"558 Eric Fields Apt. 342, Graystad, MS 07863",45279
CUST262441,Robin Davis,mpearson@caldwell-dominguez.com,(ht0WgUZpU,9221232423,"5228 Micheal Avenue Apt. 487, South Michaelshire, OR 78700",44780
CUST994352,John Strong,gschmidt@guzman.com,$7L9ii_jdU,9797584648,"09474 Sergio Garden, South Davidville, TX 88023",45577
CUST155442,Martha Lee,angela16@wood.com,*SS+fG%S6t,9654581386,"7936 Ward Roads, Rodriguezfort, NV 98238",45459
CUST417676,Jamie Baker,lisastone@olson-mitchell.com,R)$0Uxw2W8,9661893226,"2689 Baldwin Mall Apt. 675, Lake Billy, WY 31204",45411
CUST356684,Jessica Stone,fmedina@yahoo.com,^&r9ZOu8Nk,9642575117,"8235 Tina Squares, Port Joseph, NY 48870",44146
CUST637402,Amanda Russo,kyle66@gmail.com,_2cCzOSvhq,9520482749,"0056 Jones Hill Apt. 461, Lake Danielle, NH 41265",44321
CUST018228,Ryan Liu,nicole85@gmail.com,(&$4Q8ubjJ,9441404659,"244 John Point, Jonestown, AK 99788",44650
CUST087210,Kara Boyd,greeneralph@alexander-patterson.com,svM5Me$X$f,9903377785,"73537 Brian Mills Apt. 317, Washingtonbury, ME 72836",44913
CUST314612,Jennifer Reeves,rlopez@hotmail.com,zr7NyDYd%9,9392266579,"40058 Perez Greens Suite 713, West Ronaldmouth, SD 86921",44961
CUST878848,Gabrielle Best,hansonjohn@odom-olson.biz,M3C$JOjs+J,9755602479,"18954 Nguyen Grove Suite 595, New Jenniferbury, MA 37650",44098
CUST718112,Elaine Martin,fcollins@gmail.com,fULb1^Fm^5,9617164081,"4212 Hall Viaduct, West Omarberg, SC 02773",45594
CUST534927,Diana Lamb,caitlin27@kirby.org,tc%k8MBy4),9216988241,"9130 Mata Fall, East Michaelstad, UT 39101",44672
CUST859373,Heather Gray,kimberlyross@yahoo.com,%qtOODbt1G,9498965817,"54166 Rogers Wall Apt. 848, North Kathrynbury, SD 28765",44726
CUST676323,David Lutz,connie87@gmail.com,ya6M%^cFL%,9434205243,"76894 Jeremy Dam, Lake Josephmouth, MD 35878",44621
CUST119244,Sharon Johnson,monica01@yahoo.com,6wW4XvKs@r,9018109160,"685 Holland Prairie, Lisahaven, IL 06057",44303
CUST345166,Samantha Morrow,nmills@mccormick.com,^j70%GVu!W,9932354700,"807 William Harbor, North Lukehaven, VA 32104",44788
CUST627250,Jennifer Jones,kevinthornton@myers-mcmahon.com,+8C6N(Zh#&,9020677687,"333 Holder Alley, East Donald, MS 19252",44119
CUST653068,Kimberly Robinson,ntaylor@wilson-roberts.com,j98TaDlEy(,9739077200,"9402 Betty Freeway Apt. 641, Ericchester, NJ 78752",44463
CUST141866,Victoria Moran,kristenscott@gmail.com,!5zNYwKots,9189076036,"Unit 9722 Box 2519, DPO AE 98082",45307
CUST281490,Patricia Cochran,youngjason@taylor.com,0Q!0wWKj%T,9884365015,"8029 Andrew Street Apt. 535, Oliviaton, NM 49009",44833
CUST739148,Larry Franklin,ywilliams@flores-jacobson.com,^nsW$aaY69,9271212152,"949 Christopher Rapid, Hallbury, WV 21094",44404
CUST127207,Jessica Green,kelsey62@gmail.com,vitP1vMm$3,9800745367,"82652 Russell Fords Suite 494, Lake Tiffanystad, LA 42212",45369
CUST355128,Katherine Smith,bobbyjordan@yahoo.com,*Pi1GUx24F,9689101281,"216 Powell Orchard, West Ericaport, AZ 49826",44637
CUST658844,Cole Vasquez,matthew35@harmon-flores.biz,7bVC83JAZ%,9920422418,"87717 Nichols Ports Apt. 981, East Kelly, HI 10092",44873
CUST523927,Kelly Andrews,bushjoseph@contreras.com,!cLnO$fy!2,9765045686,"USCGC Sherman, FPO AP 75759",44355
CUST886528,Anita Watson DDS,xmanning@ruiz.biz,(o2EYyWvE%,9818332799,"6325 Peggy Row, West Victoriabury, MD 61256",44826
CUST186979,Sophia Oliver,roseholly@jones.org,#74JTDq@E4,9721428927,"99902 Jimenez Row, South Heathertown, CO 03107",45217
CUST995591,Stephanie Conner,cgarcia@bennett.net,zk9XELFm^@,9096387945,"44643 Salazar Keys Apt. 108, Woodwardville, PA 98885",45232
CUST992715,Alexandria Gutierrez,francisgeorge@yahoo.com,CD6jJ_lkr_,9986809916,"937 Stacey Dam Apt. 429, South Regina, SC 65815",44843
CUST442642,Victor Serrano,brenda92@vance-wright.com,d7o4hvFa#(,9619707361,"0985 Nolan Springs, New Ericchester, KS 82205",45627
CUST547479,Brian Elliott,navarrokatherine@gmail.com,##6VDpt*Hx,9665456656,"95162 Figueroa Meadow Apt. 392, Moorechester, KY 97074",44858
CUST266126,Nathaniel Hood,wmartinez@hartman.com,3^1PkJr_t),9114447969,"0370 Angela Bypass, Sandersview, NV 67278",44227
CUST763898,Sabrina Smith,jaredcarter@scott-jones.info,(U4NE&ksEL,9496764515,"48899 Mcconnell Spurs, Port Ashley, MI 80350",45265
CUST869461,Jeffrey Marshall,millernicholas@gmail.com,4^8C35g5^+,9553908208,"4677 Theresa Throughway, South Timothy, RI 15483",44068
CUST129701,Casey Berry,wmiller@ewing.org,+C8i7LywE3,9575504595,"6654 Cox Stream Suite 039, Lake Kimberlyhaven, AK 14297",45000
CUST079854,Maria Smith,wsimmons@foster.com,Sr71S3hI_6,9643359969,"3371 Brendan Ridge, Kendratown, VT 35426",44743
CUST466812,Brandon Long,cynthia66@morris.com,L%sW^4Tm#O,9002586561,"Unit 0617 Box 6824, DPO AE 89559",44980
CUST280690,Morgan Curtis,emilyrivera@walton.com,5B00Fyhx5!,9831395057,"4710 Keith Lane Suite 756, Kristinland, AL 19337",45189
CUST260583,Sean Foster,brooksrobert@gmail.com,a3wqX7Mg+H,9706070938,"PSC 4255, Box 1559, APO AP 93984",45344
CUST488369,Carolyn James,evansdavid@hotmail.com,v)Z*5KouM3,9485464788,"18509 Katherine Mission, Charleneside, MN 34790",45697
CUST041421,Lorraine Stone,taylor41@yahoo.com,!Kc6qVuKwi,9678581270,"1189 David Shores, Daybury, WV 49866",44111
CUST577264,Robin Carlson,chloeschmidt@yahoo.com,*9VmZxf)lV,9936182535,"PSC 0754, Box 3253, APO AP 76746",45006
CUST728270,Jennifer Palmer,lauriebenton@garcia-nguyen.com,vt1GliAv(Y,9934676141,"224 Scott Locks, Tracyborough, FL 88716",44872
CUST203823,Sara Gonzalez,huertawilliam@yahoo.com,Bw&lsgCE!2,9025564504,"4249 Jeremy Extensions, Lake Jerry, CO 90655",44458
CUST991621,Clinton Gonzalez,charles25@yahoo.com,!f5UsAmOC*,9167317220,"1853 Schaefer Garden Apt. 054, Youngborough, NM 62572",45608
CUST183093,Bryan Todd,kelly45@baxter.com,@A6ncOh@NT,9027900002,"92422 Brian Courts Suite 424, Madisonville, RI 79903",44645
CUST832400,Eric Thomas,mmiller@campbell.com,@S@plvtoV3,9395620965,"8942 Henderson Mall Apt. 941, Evansmouth, ID 97218",44196
CUST639234,Jennifer Brown,vrandall@gmail.com,4(4YjRsFc&,9130571015,"Unit 8611 Box 2472, DPO AE 84260",44062
CUST921334,Robert Sherman,haneyangela@yahoo.com,^1iRQor97p,9260983323,"61787 Jesse Common Apt. 295, Lake Staceyshire, SD 32562",44336
CUST472384,Shannon Jimenez,amandapalmer@gmail.com,EabP1XIiW+,9676807205,"3230 Patricia Loop, New Blakemouth, NV 42620",44614
CUST011405,Rachel Ortiz,ygarcia@hotmail.com,!4I&6@cRhw,9729332381,"3266 Wiggins Plain Apt. 275, Jacobstad, CO 96298",45145
CUST794906,Justin Ramos,bergerkevin@yahoo.com,$78lqELzh@,9440528545,"Unit 7484 Box 8825, DPO AP 58374",45608
CUST330203,Robin Ellison,jhernandez@burton.info,M@5Ejlxpg8,9856846640,"4423 Paul Prairie, North Johnberg, WI 66490",44380
CUST677315,Kelly Lewis,heatherpoole@grant-campbell.com,_99v9bQyfR,9807554514,"880 Gaines Summit, West Tara, AL 23699",44984
CUST859451,Danny Daniel,jose71@choi.com,Vj2(S&uS_5,9388509389,"3532 Angie Spring, Port Stephanieview, MD 67188",44960
CUST296708,Brittany Martin,barrettdebra@pittman.com,Spc6Ccd5*9,9498692997,"6263 Samuel Island Apt. 660, North Michael, MT 43391",44839
CUST086657,Brian Harvey,jgarcia@wolf-marshall.com,9t*@%0Qn$+,9684739291,"55339 Nicholas Well, Christopherberg, PA 63916",45239
CUST769576,Kelsey Clarke,chambersrebecca@hotmail.com,Fm4Nopyn@C,9729637418,"Unit 6130 Box 6198, DPO AE 56284",44054
CUST025263,Dawn Cannon,rgrant@yahoo.com,#^U4qVxr7R,9314745542,"54884 Potter Light, Port Jessica, ME 64256",45358
CUST349503,Andrew Robinson,tammyperkins@johnson.com,^(f5Bh7j#r,9581285061,"86583 Riley Fall Apt. 862, Lake Willieshire, NH 04760",44281
CUST168541,Louis Chan,nicolemay@benitez.biz,Xi7CImGe%A,9795486131,"385 Maurice Landing, Elizabethmouth, NY 21380",44628
CUST359686,Patricia Walton,pettychristopher@wilson-allen.com,!TUJsbhzz9,9667367680,"651 Evans Village, Davisstad, SD 13173",44980
CUST378385,Cheryl Wade,lindsay77@yahoo.com,pV$3G0b6S*,9344573821,"1193 David Track, Martinchester, AZ 45385",44642
CUST086146,Debra Watson,bradley87@sawyer.com,P^3Ck0CuT+,9103031434,"025 Duncan Locks Suite 078, Port Joseport, AK 62492",44986
CUST872449,Zachary Terry,thomas60@hampton.com,!VSB1VHd(6,9584688813,"426 Arnold Rue Suite 326, Jasmineland, NY 84872",45661
CUST018605,Cory Peterson,ortegateresa@gmail.com,^8B+PI#d3F,9673991991,"657 Jennifer Ferry Suite 697, Morganchester, NH 10639",45343
CUST555217,Ronald Lopez,amy60@hotmail.com,U)4zREmv+$,9354410934,"29928 Schaefer Union, New Amyton, RI 29356",44483
CUST130654,Joseph King,kimberlysmith@flores-brown.com,yQ8L8npg#+,9607706721,"718 Hughes Isle, West Stevenberg, MO 94403",44473
CUST017356,Tyrone Mckee,lewistrevor@gmail.com,D*La59SeP%,9469365694,"971 Sanchez Village Apt. 106, Courtneyville, ID 24175",44797
CUST932201,Joseph Williams,brittanysteele@smith.net,F&3NRdHuIK,9169464876,"9182 Mayo Forge Suite 973, Espinozaberg, TN 93979",44407
CUST253902,Brian Ballard,uavila@perez.com,M_50oO)vH7,9390229159,"435 Shawn Extension, Torresberg, MO 12195",44230
CUST033725,Eric Miller,ymoss@yahoo.com,H$460D7rUF,9974771837,"958 Suarez Forks Suite 105, Crystaltown, WI 77567",44401
CUST383284,Kathryn Henderson,william18@gmail.com,%1Cc(npmIw,9532447498,"020 Jones Camp, North Charles, SD 44509",45188
CUST802222,Cassie Salinas,amyrivera@johnson.info,(WojBlVoj4,9878059797,"1564 Rachel Square Suite 223, Lake Andrewburgh, AR 83248",44092
CUST916025,Ryan Stevenson,vhill@gmail.com,u%^_x9VieK,9432996774,"5802 Hunter Hills, Carolshire, NH 73612",44816
CUST236828,John Phillips,cynthia98@brown-smith.com,)n1NIKafKi,9897465247,"7627 Stewart Unions, South Dean, GA 79906",45065
CUST878721,Sarah Ryan,vsullivan@smith-novak.biz,c64lVbQw!%,9459769267,"USCGC Shaffer, FPO AP 36063",44074
CUST722301,Angela Owen,nrobinson@arroyo.org,^f8FLY%l04,9775351151,"1811 Brian Ways Apt. 501, Jacksonmouth, NM 98802",45743
CUST516586,Derrick Murphy,dawnwilliams@cochran.net,G0y3Wn!)Z$,9253242056,"26656 Jacqueline Fork Suite 645, East Regina, IL 18363",44949
CUST777793,Ashley Downs,robert76@yahoo.com,+9vokdJV(b,9287938266,"435 Murphy Mill Apt. 983, Smithburgh, NV 89352",44343
CUST999484,Mark Hunter,smitherica@collins.net,uen0_NeVZ(,9602721726,"17460 Mary Glen, New Andrew, NV 51039",44173
CUST710167,Ralph Morales,thorntonroy@hotmail.com,*UN5C@qJ(!,9271773875,"436 Strong Falls Apt. 952, New Amymouth, AL 28740",44061
CUST599706,Dr. Eric Thomas,crichardson@gmail.com,o(27j9NZ9m,9515813157,"Unit 5968 Box 5176, DPO AA 84758",45685
CUST780537,Michael Jones,erodriguez@lester.com,V6$SiNl#^j,9481608238,"5999 Castro Neck Suite 918, East Sydney, NH 61320",45352
CUST505793,Andrea Rodriguez,lyonsveronica@miller-morris.info,z%75voNDIn,9837828410,"059 Melissa Manor Apt. 802, Kingmouth, VA 29338",45149
CUST415328,Edgar Rodriguez,sara26@gmail.com,cU1BrvIc*1,9726515379,"927 Owen Parkway Suite 477, West Curtisfurt, WV 55781",45408
CUST342352,Theresa Estes,james66@mcpherson-smith.com,*9$DV#g(Zx,9676262505,"567 Nancy Via Suite 367, East Erinview, OR 20164",44253
CUST870434,Dr. Kylie Powell,ccarroll@gmail.com,wOC3iTL)$9,9180739681,"755 Ivan Club Suite 969, Alejandroborough, CA 90750",44428
CUST247616,Kelly Perez,jeffery92@wright.net,I+2Y(PCs5),9692189256,"USNV Black, FPO AP 92282",45488
CUST665691,Carla Pearson,kevintaylor@hotmail.com,^oPYRcM896,9924319260,"468 Jessica Islands Apt. 586, East Michellebury, NH 29188",45335
CUST974846,Kimberly Thomas,domingueztyler@moreno.com,)6EHHWu8U2,9419103812,"067 Jason Mountains Suite 242, South Amy, NM 53695",44219
CUST866654,Jorge Reynolds,lawsoncharles@yahoo.com,&n7#O_qvo7,9488448217,"46038 Frazier Curve Apt. 478, North Danielle, MT 03688",44990
CUST512657,Kyle Beard,priceraymond@howard-gross.com,PO#3QNpdd),9976999045,"9834 Alexander Station, Knightchester, DE 81734",45556
CUST292900,Catherine Barrett,brian90@freeman.info,Yw%Hk7AawK,9938754251,"6658 Reed Crest Apt. 485, South Juantown, DC 16138",45055
CUST692341,Chase Palmer,courtney20@newman.biz,)xLNrGKlN2,9318128580,"857 Flynn Center, Williamsshire, MN 15871",45213
CUST705873,Danielle Navarro,kimangela@patterson.biz,=+@!hV3wn42,9289406845,"437 Walker Road, East Grantburgh, OH 09515",45140
CUST757286,Tracy Garcia,lisajohnson@jones.com,*XK9lYvbQ#,9581560607,"55214 Cassandra Junction, North Jordan, DE 23182",44536
CUST080821,Kelly Wolfe,qdunn@obrien-soto.com,7oaROj09)6,9254342016,"55769 Patel Crossroad, Barberville, GA 09530",44089
CUST621586,Donna Keith,nielsenmichael@yahoo.com,&c9ZqXRbT8,9055915184,"44020 Morgan Square Apt. 142, Rachelville, OR 48376",45205
CUST908232,Andrew Buckley,mesparza@travis.com,eM#9Z8szjY,9268782377,"985 Bradford Springs Suite 603, North Alexandra, ID 91181",44278
CUST106764,Michael Robinson,gregparrish@moore.com,g3C9YLuh+0,9567464641,"0312 Forbes Expressway Suite 992, Ingramport, NJ 79227",44921
CUST274892,Gina Sharp,tali@hotmail.com,8r9ZFiJo$t,9174422606,"428 Kelley Track Apt. 883, Garciaport, IN 39853",44802
CUST550782,Stephanie Pratt,mariah13@yahoo.com,P!3&QXnFLm,9202078760,"1776 Johnson Walk Suite 821, Stephensmouth, MD 10501",44762
CUST804857,Cameron Powers,sanchezlori@gmail.com,8aV!aDtc@A,9341331171,"149 Debbie Ville Suite 055, Port Christinabury, WI 21577",45103
CUST340771,Michael Mcneil,amy27@hotmail.com,&kk7PXnxVd,9265011147,"56653 Singh Cliffs Suite 565, Campbellville, MO 33415",44622
CUST523081,Jeremy Cooper,crystaljackson@yahoo.com,TG(2BK8huG,9888158188,"7366 Steven Summit Suite 629, East Annette, AZ 33859",45423
CUST073714,David Gomez,hdean@young.com,s&7GymngOV,9150757021,"PSC 0080, Box 5289, APO AE 68985",44549
CUST633767,Ian Gould,crystalwilson@gmail.com,5+QLjOub$4,9630024258,"7008 Wyatt Centers, Nunezside, AL 98891",45403
CUST498245,Alan Hanna,isabelbenton@gmail.com,_Da2JLsmj3,9822287275,"2093 Frank Plaza Suite 894, Port Austinton, MI 39960",44362
CUST613772,Elizabeth Leon,josebeck@martin.biz,D)@4H4^f9e,9157525460,"7303 James Camp, South Bonnieburgh, VT 31679",44314
CUST808104,Scott Wilson,bharper@yahoo.com,)mI54FrF+7,9770497157,"40432 Anna Mews, Pricefort, WA 03067",44114
CUST388094,Charles Conley,valentinejanet@gmail.com,wu9Ejoyw_y,9681352817,"PSC 8592, Box 3943, APO AP 40317",45780
CUST743236,Thomas Carter,jdixon@hotmail.com,%46Q@6ClVc,9811199199,"20688 Amanda Park Apt. 809, Goodwinshire, WV 36974",44944
CUST219265,Matthew Sanchez,fbrooks@gmail.com,U(3&dgnP_D,9779417199,"07376 Peggy Extension Apt. 969, Andradechester, CO 96649",44833
CUST783731,Pamela Contreras,rrodriguez@holt.biz,3W9PqS)H(3,9504669385,"50017 Tapia Squares, West Paulafurt, CT 80983",44309
CUST015889,Mark Fuller,thompsonmark@gmail.com,@6IUqIyxe^,9069423635,"553 Tracy Burgs Apt. 877, Lake Michaelton, WI 05445",44949
CUST447751,Joel Chen,stephanie23@yahoo.com,l92)3PXu%H,9839503256,"Unit 1480 Box 3877, DPO AP 03486",45232
CUST104617,Christopher Gaines,santiagocourtney@hotmail.com,7D1OOB7r@+,9788565677,"480 Andrew Squares, North Meganberg, AZ 43171",44710
CUST414067,Sean Jackson,thomasjohnson@valdez.com,axq9oS*fp+,9026623570,"710 Heather Passage Suite 372, East Davidshire, HI 54407",45471
CUST916902,Susan Davis PhD,stephanieclay@gmail.com,B@4pOp7aiA,9642477837,"846 Debra Glens Suite 045, Port Kimtown, OH 48275",45131
CUST357321,Sharon Crawford,crystalroberts@hunt.com,5P@4pAMqOX,9043608312,"610 Perry Expressway Suite 036, Greghaven, LA 86313",44419
CUST785469,Richard Doyle,hknight@martinez.com,!g5FWMxhN&,9152877099,"Unit 5815 Box 7482, DPO AP 96442",44121
CUST508176,Victoria Hammond,ycortez@martinez-reed.org,+^9Dsajh7y,9873818701,"262 Kevin Forest Apt. 351, Reginabury, NM 30529",45434
CUST846832,Timothy Wagner PhD,whitebenjamin@bartlett.biz,$CFxw0Nug+,9553017239,"7160 Michelle Divide, Nathanton, NC 75271",44853
CUST267040,Carlos Lewis,philiplee@morton.org,xC@r4Fog&O,9021828588,"30494 Booth Squares Suite 613, Cheyenneville, NM 44748",44581
CUST494638,Charles Williams,smithmelanie@gmail.com,)e9zepJa04,9714489531,"845 Watson Stream Suite 115, Reeseview, MT 94306",44500
CUST594654,Leslie Barber,ericcarrillo@mason-ramirez.com,)8QEj*49aE,9458344247,"32481 Montoya Loop Apt. 981, Jacksontown, ND 38273",44629
CUST881247,Jody Cole,dwoods@yahoo.com,4ws_3Jm%iJ,9753701934,"USNS Hoover, FPO AP 73803",45584
CUST437148,Luis Fields,janet56@gmail.com,y*5Q_B^g@f,9328095864,"99804 Brandon Mountains, South Ana, NE 69024",44697
CUST242237,Tonya Warner,obrown@hotmail.com,$7H+tpmE%L,9584242130,"5357 Victor Corners, East Jamesberg, AR 41131",45666
CUST012738,Leslie Spencer,nicholas32@bennett.net,#g2Ar#s+8F,9525551653,"71761 Amanda Lake, Goodmanmouth, AR 11964",44612
CUST780001,Linda Todd,william35@hotmail.com,2I8asBfH^&,9528636125,"671 Katherine Harbor, Baileyport, AZ 44556",45540
CUST532885,Keith Frost,kmaxwell@white.com,#2VdgWb1IK,9886450742,"56937 Rebecca Forks, West Rebecca, OH 39851",45191
CUST423334,Matthew Rojas,lmartin@yahoo.com,f9UM1SoU#z,9623007371,"6718 Hanna Land, New Nicole, MA 27270",44196
CUST320664,Laura Mccann,greenjason@obrien.com,qzu@Q1YP4_,9049621296,"21013 Frank Mountains Suite 875, New Nathanmouth, AK 09193",44277
CUST476422,Kayla Chavez,lwebster@gmail.com,D%H8C&MsAm,9557470386,"3750 Harold Pine Suite 761, Fullerfurt, MA 44117",44870
CUST825901,Kevin Collins,susan41@yahoo.com,*u(xClPuY2,9562103070,"3965 Lowe Lakes Apt. 850, Stephanieport, RI 62564",45138
CUST937554,Michelle Cline,patriciayoung@terry-turner.biz,%wd@TS6#m4,9245000014,"PSC 7687, Box 2241, APO AE 93410",44210
CUST638151,Rhonda Randall,rebecca16@flores-chambers.org,&%4OKMqsq),9164579859,"9570 Diaz Knoll, North Lisastad, IA 31983",45597
CUST053065,Erin Chapman DDS,harmontrevor@hotmail.com,$Jhl1GqE+9,9428175164,"32441 Sexton Radial, Bennettside, RI 33205",45650
CUST039489,Mary Giles,albert91@gmail.com,k*1Nnz$w4*,9685336046,"57238 Martinez Plains, Port Teresa, AK 58593",44970
CUST413733,Eric Ford,mason69@taylor.net,o9XNWs&p!T,9864705858,"019 Kathryn Garden, West Jamie, VT 79315",44925
CUST644881,Susan Porter,nguyenphilip@hotmail.com,aD_EA3XcU7,9732955115,"031 Melissa Overpass Suite 742, Davidhaven, MD 58487",44028
CUST174307,Scott Robertson,charlesellis@adkins.com,U3&ZSzOm*6,9997503776,"03991 Jackson Track, Port Caleb, DC 96781",45664
CUST745620,Deborah Landry,rileylauren@hotmail.com,fzBSS6Aos!,9903258499,"590 Flynn Manor, Millerville, HI 53433",45182
CUST672379,Jeremy Woods,hoodzachary@gilbert.com,#ar4F8Ol@d,9016787863,"39054 Garrett Canyon Suite 234, New Ray, KY 77661",45229
CUST680481,Peter Johnston,angelicatodd@rangel.com,%c3IPJcyTC,9105876329,"194 Sharon Green, East Georgeshire, ME 97139",44869
CUST554365,Lindsay Phillips,fjackson@gmail.com,HmD$$5Jm2z,9081530672,"7450 Daniel Shores Apt. 200, Mariabury, IA 79640",44700
CUST050560,Brandon Cruz,jeffrey13@yahoo.com,2eLg6OgT&O,9696404212,"74153 Joe Mill, Lake Michaelmouth, ME 50038",44192
CUST763470,Gregory Weber,pperez@gross-mitchell.info,+wV@3(Eg5z,9083505173,"3701 Kevin Shore, Bryanchester, IA 29837",44757
CUST158845,Nicole Walker,deborah48@hatfield.org,)J6sCShxAH,9999492796,"7442 Taylor Squares, Annamouth, MI 84338",44736
CUST601587,Walter Owens,ugibson@hotmail.com,^cWNveyAd5,9822481977,"0559 Katherine Mews, New Shawn, CT 70034",45412
CUST520450,Bradley Mcdaniel,rileyjohnson@esparza-taylor.com,^#g5jfZetR,9656116056,"711 Short Junction, Calebstad, VA 80203",45476
CUST136739,Anthony King,amychristian@yahoo.com,!1EIPa#o7F,9763713328,"22339 Smith Mission Suite 115, Doriston, OR 14508",44152
CUST235999,Evelyn Brown,uwalker@gmail.com,4eBngPph#1,9933496026,"90849 Tyler Valley, West Lisa, NY 05064",45531
CUST203685,Carrie Mitchell,paynedalton@hotmail.com,$8RryJrw%W,9173668479,"403 Osborn Forges, South Jacobview, AK 30263",45225
CUST612842,Joshua Turner,cookvalerie@yahoo.com,O*&t1HxF4g,9478692295,"PSC 3300, Box 8254, APO AA 30430",45024
CUST923180,Norma Sims,john02@gmail.com,g+9N98hLH^,9624948398,"966 Jessica Islands Suite 416, Lake Ryanview, HI 44742",44057
CUST080384,Robert Calderon,gonzalezronald@ho.com,(kSn!Y8o)9,9236151209,"54479 Wallace Flat, New Christian, OK 62362",45239
CUST668961,Sandra Thompson,woodlarry@gmail.com,DdQ5Wklmh!,9505640331,"82944 Case Spur Suite 052, East Carlosshire, VT 79917",44963
CUST528672,Elizabeth Baker,starkbetty@hotmail.com,Q!7XI&ooOE,9597427502,"1868 Austin Parks Apt. 395, West Brendaton, MI 67395",44259
CUST612291,Christopher Bailey,jennifer41@hotmail.com,$v829PnuUq,9530071257,"2428 Christina Lakes, Morganview, WV 38492",44842
CUST451429,Shane Williams,kevindean@yahoo.com,)9JT5heKSN,9447280934,"04677 Curtis Ville Apt. 816, New Amber, AR 22990",44347
CUST001395,James Hancock,batkins@anderson.com,3T_p5eRo#e,9760216208,"14969 Mitchell River, North Charles, ID 18289",45138
CUST221341,Erika Gregory,tkelly@roberts.com,ywEXBxIN(7,9250805023,"014 Robinson Key Apt. 380, West Mike, NM 51016",44799
CUST278822,David Horton,dennis19@yahoo.com,_7LDGJW59m,9105727693,"131 Molly Underpass Suite 416, Lake Allen, NY 92279",44614
CUST130829,Michael Rojas,selena08@gmail.com,$2YaFZt)#%,9508104911,"65936 Hannah Fords Suite 864, Ethanfurt, AZ 65718",44644
CUST571384,Deborah Taylor,karen32@hotmail.com,cWPPspay_1,9286331429,"35021 Moran Junctions Suite 201, East Alexandria, WY 36022",44526
CUST090895,Jay Guerrero,victor20@yahoo.com,@Y9YyOo_@@,9177755640,"446 Kerr Ports Suite 842, Nancyside, OK 85272",44239
CUST730677,Dominique Jones,yhobbs@mccarthy.info,^61lH^Qk%U,9144782621,"431 Christopher Stravenue Suite 258, Jensenchester, IA 14218",44086
CUST121188,Mr. George Williams,marcmcintyre@gmail.com,XSz6LVfjP),9046426299,"92935 Goodman Mission, Wallacefort, ND 64119",45513
CUST860708,Jessica Zimmerman,ericwalsh@gmail.com,@8x%CAFoza,9488214563,"952 Martinez Pike Suite 943, Lake Rebeccaport, MS 02954",44227
CUST245919,Janet Williams,robertgreen@hotmail.com,3T76Jg8B#6,9853677926,"8776 Samantha Land, North Toddburgh, CA 57685",45622
CUST447031,Christina Stevenson,kimberlymartinez@cruz-collins.info,2cHQa3Ex(b,9118010922,"PSC 1655, Box 8818, APO AA 92796",45321
CUST360829,Amanda Quinn,ibrown@hotmail.com,G%r8Gdiyc#,9915623458,"975 Vincent Trafficway Suite 606, Coxburgh, KS 50221",44972
CUST874634,Brittany Baldwin,joneskaren@gmail.com,!)0IXCkRg&,9141892829,"788 Natasha Fords, Lawsonhaven, CO 96692",45638
CUST251867,Kimberly Hamilton,lynn16@wong.org,)4kUS2yj^%,9770649505,"066 Hill Village Apt. 549, Loweryberg, MS 23585",45168
CUST401420,Christopher Ward,reynoldscarolyn@clarke.com,bh5M#nty@u,9580578716,"24945 Hayden Mills, South Zacharyland, ND 17219",45218
CUST909536,Sarah Fitzgerald,jose47@taylor.org,t@9KDHTaaf,9324841500,"1521 Adrian Trail Suite 928, North Michelle, NM 51192",45675
CUST118416,Crystal Smith,joshuathompson@hogan-cruz.com,+9G5+PuqZ&,9565062264,"Unit 7239 Box 9073, DPO AP 57931",45716
CUST490519,Pamela Arroyo,matthew71@gmail.com,jT7WUg*dK*,9448417598,"5016 Bianca Dale, Lake Glen, GA 72269",45694
CUST967304,William Rivera,brownlonnie@rodgers.com,&074#rvN9B,9776097919,"991 Sylvia Inlet Suite 218, Bakermouth, ND 63483",44218
CUST570649,Alicia Bauer,carol88@griffin.biz,%trIKhwI7r,9728570223,"102 Gregg Knolls Apt. 581, Laurenstad, CT 28191",44754
CUST769007,Theresa Moore,dixonmonica@kim.com,oa5C0ijR(V,9453773193,"58393 Jamie Plaza, Ramirezmouth, NH 70588",44382
CUST316280,Joshua Russell,tammy29@johnson-bridges.net,Muf3(IdB+!,9772408215,"2857 Lopez Mountains Suite 277, Kyleton, RI 51135",44559
CUST545598,Dwayne Osborne,chelsea78@yahoo.com,X9SOvAfR%y,9840963087,"879 Smith Plaza, Courtneyburgh, IA 01380",44982
CUST294248,Cynthia Calhoun,leeangela@gmail.com,61jI+LnS(a,9741416486,"22503 Bennett Crest Apt. 113, Morrismouth, HI 18399",44996
CUST375667,Randy Peterson,larsonbrandon@peters-bird.biz,v0&4(Va#@M,9282578130,"524 Raymond Harbors, Myersborough, IA 55172",44733
CUST856433,Miss Jacqueline Brown,zlane@andrade.com,)YuoB2Ai17,9882110264,"3125 Joanne Cape, Rodneyfort, WV 02303",44734
CUST351853,Travis Andrews,irobles@goodman.com,H_0FTe!o%C,9556206604,"05276 Ellis Lock, Hebertshire, DC 69518",45562
CUST206597,Christy Warren,ymueller@ramirez.com,lRqwEBjl@1,9929242378,"63040 Frazier Underpass, East Nathan, CT 95149",45130
CUST361537,Teresa Wagner,burnsanthony@harvey-kim.biz,4@J1Nast@M,9629093730,"966 English Island Apt. 487, North Davidmouth, NH 17222",44164
CUST227823,Emma Aguilar,johnsonallen@strickland-wall.com,b!$3ZqYAg$,9736131350,"68812 Barry Plains Apt. 054, Markburgh, MD 11040",44671
CUST654304,Anne Martin,ryan52@smith-mejia.net,O8USPBxR_w,9581212626,"96439 Joseph Locks, Medinamouth, ID 39768",45079
CUST132572,Dennis Lopez,thomasjessica@yahoo.com,*5FV0Qsc+9,9103880912,"615 Brittney Coves, Port Joseph, IL 23601",45812
CUST164395,Brent Hernandez,barbara43@stevens.net,aGoNn*ml@5,9779578460,"403 Johnson Plain Suite 020, North Allenland, VT 51958",45108
CUST725665,Cassie West,guzmanlatoya@richardson-howard.com,(1U35CPtL#,9205752090,"PSC 6019, Box 6474, APO AA 54411",44566
CUST538141,Robert Adams,ashley54@olson.com,=+W6YWidRr0,9835888038,"56529 Shaw Isle, Dannyside, WV 59295",45698
CUST402213,Sabrina Gutierrez,ebrown@yahoo.com,HY5CQnZjd(,9095777173,"09507 Cameron Lock, New Nicoleton, GA 21099",44565
CUST826038,Christopher Stevens,ryanhudson@hotmail.com,jx4QmspKQ(,9553908454,"073 Daniel Square Suite 204, Littlefurt, AK 25555",44532
CUST353591,Mary Willis,karen00@garcia.biz,#0Hd8Lyfqs,9245631837,"80316 Ballard Ford, Duranport, MI 30235",45685
CUST642911,Aaron Taylor,larry25@juarez-rogers.net,%@)p1MfiM_,9229464467,"348 Williams Roads, North Rebecca, KY 55468",45661
CUST083494,Wayne Bradley,cwhite@gmail.com,@bL9GjH9SX,9021630782,"325 Joel Fields, East Christinafort, NY 78692",45073
CUST930707,Sarah Ferrell,alison48@gmail.com,z6FW#VOk_p,9105104503,"726 Kevin Lights, Diazstad, FL 36763",44964
CUST569066,Michael Jordan,miranda66@little.com,h+2I%15gRS,9835414252,"070 House Spurs, New Leslie, NJ 25871",44136
CUST881775,Lisa Powell,agarcia@gmail.com,+3D$UExZY7,9580677449,"Unit 5276 Box 7817, DPO AP 81910",45738
CUST230106,Sarah Snyder,hollydelgado@allen.biz,6)OOKinO@8,9311580214,"297 Huynh Parkways, Port Connor, NM 57530",44812
CUST494266,Jamie Sullivan,lewisrobin@gmail.com,=+K4LtG4+IH,9229599222,"72289 Smith Mountains, Port George, DE 73922",45690
CUST398681,Christopher Greer,rebecca35@fletcher.com,c7FiIvBy$#,9919993072,"3836 Michelle Club Suite 740, East Michelleborough, OR 10989",44758
CUST204575,Marcus Moore,zhines@wilson.com,!4q%Q7tl*F,9732111029,"21930 Petty Keys, Cochranborough, ME 52614",45727
CUST547739,Crystal Martinez,rwilliams@gmail.com,^U6w3WyX%4,9988469324,"5143 Miguel Flats Apt. 731, Lake Joshua, MI 34840",45782
CUST792438,Tanner Kramer,alexis92@kerr-santos.com,j(6CbsPkC3,9047540892,"9448 Morgan Track, Olsenmouth, WI 24132",44362
CUST703668,Sean Romero,simpsonlaura@hotmail.com,4UrGotI9$5,9573825614,"52054 John Cove Apt. 976, Danielhaven, VT 31161",44794
CUST246537,Keith Johnson,jacquelinemartinez@gmail.com,y4SufVKi$8,9370172578,"161 Roy Gateway, New Dianamouth, AR 23303",45746
CUST456820,Denise Brooks,thomasdelacruz@orozco.com,I%fPB1Tf4!,9189253315,"8490 Lopez Hills Apt. 787, Barryburgh, WY 12583",45704
CUST738997,Lisa Chung,elizabethallen@hotmail.com,)46UeUaQj1,9918357398,"360 Chavez Junction, Williamside, FL 27372",45051
CUST210369,Aaron Christian,patrick95@roberts.biz,W4IC#4g0%*,9712407475,"13786 Jennifer Mission Suite 866, Carmenville, CO 08448",45480
CUST577230,Brandi King,williamcole@forbes.info,*MS!xp(j*7,9663620178,"98289 King Port, New Brittanyland, OH 30685",45554
CUST691631,Laura Spencer,steven23@yahoo.com,)7MCg62!(U,9818235600,"741 Price Plaza Apt. 941, Ramosfurt, LA 45087",45491
CUST582974,Stephanie Price,gbond@yahoo.com,b7K0vPih%R,9107505432,"64680 Felicia Courts Suite 002, East Travis, IA 04862",44720
CUST061156,Sheila Friedman,meyersjames@yahoo.com,2t%Y+!rh)),9599082357,"767 Wyatt Key Apt. 543, South Brettview, AR 02643",44219
CUST166608,Dr. Rodney Harrison,kelly71@hotmail.com,E6OWuijF&V,9147058873,"9155 Smith Knolls Apt. 528, Riverafurt, DE 86116",45102
CUST750192,Brandy Garner,craig87@baird.com,)3RlTpJV@_,9307474877,"158 Oliver Mill Apt. 259, Davidville, OK 52587",44463
CUST891234,Ronald Cooper,russellstewart@hernandez.net,WhyDGd55@3,9290479622,"USNV Conner, FPO AA 53398",44907
CUST513977,Donna Jimenez,jill60@hotmail.com,)hOn&noh5B,9673571750,"5167 Tonya Manors Suite 791, Wandamouth, MS 54924",45135
CUST082783,Zachary Allen,lvincent@yahoo.com,jcL7S14w)!,9357470903,"240 Jessica Spring Suite 994, Lisatown, NY 86385",44834
CUST212286,Rhonda Arroyo,escobarrobert@brock.com,%4QNN$tY&i,9251429484,"34888 Anderson Trail Suite 873, South Dylan, LA 73444",45380
CUST251891,Kathleen David,amandarangel@carter.com,@7lTPfhR^Z,9718775479,"70292 Johnson Harbor Apt. 515, Justinburgh, FL 74856",45612
CUST979505,Terry Harmon,robert47@gonzales.org,Gf0Cvb#_2),9555036029,"USCGC English, FPO AE 94546",44763
CUST803241,Eduardo Shields,crystal60@dalton.net,+p98GCh%13,9214927427,"760 Johnson Club Apt. 391, Jessechester, NC 56819",44278
CUST767431,Devin Hernandez,timothy69@gmail.com,Qi)%73BrBg,9244393112,"869 Smith Lodge Apt. 447, Colinborough, MT 60241",45266
CUST335264,Carlos Reed,jacobsbrenda@hotmail.com,G+41EP)8pt,9340647585,"PSC 3608, Box 9367, APO AE 64945",44840
CUST038198,Leslie Moore,haleynguyen@gilbert-flowers.com,gu)2_OOh6i,9595634395,"5713 Heather Mall Apt. 013, South Anthonymouth, TX 78223",44990
CUST783246,Zachary King,kyleharris@carter.info,*0YnVLn2X$,9269319692,"53043 Alvarado Coves Apt. 336, Jacksonmouth, IL 00847",44275
CUST958277,Cody Ramirez,griffinamanda@hotmail.com,)%Q6MDinsN,9705061528,"5125 Griffin Canyon Apt. 313, West Julieshire, NM 38379",44536
CUST989506,Jacqueline Gutierrez,ymiller@yahoo.com,eH05EP9kh!,9815007011,"84385 Howe Estates, Rossview, ND 42144",45781
CUST434853,Kyle Warren,vjohnson@hotmail.com,*bDHltbi61,9506730742,"80987 Fleming Run Apt. 704, Lambertside, WA 30820",45694
CUST672320,Brian Peters,michael00@flowers.com,^NpnEln()1,9764735764,"0791 Steven Walk, Coxborough, IN 86862",44759
CUST799808,Amy Peterson,denisenelson@hotmail.com,#gIO)JIhN6,9377185920,"7831 Hamilton Harbors, East Robinview, NJ 58155",44415
CUST560933,John Stewart,blake33@carter-webster.com,u)451VDx+5,9054804253,"936 Goodwin Spur, Garciafurt, DE 98359",44183
CUST555300,Rebecca Wilson,gzhang@gmail.com,x(6Y2re!p7,9884048656,"28808 Cooley Highway Suite 785, New Allison, WY 64090",45399
CUST935445,Michael Watkins,paulallison@kelly.com,T+1#LVSaHl,9757916588,"7722 Barrera Parks, Sharonstad, MT 91410",44447
CUST801953,Sheila Gardner,georgedaniel@gmail.com,nkOg+II8W+,9091354952,"6450 Vazquez Keys Apt. 949, East Tammybury, MN 61485",44486
CUST696233,Renee Hernandez,sarahgarrett@higgins-jackson.com,Ea^32WYij!,9427778059,"USNV Stein, FPO AP 44584",44202
CUST434427,James Diaz,walkerbrandi@bennett.biz,@^GDXnVoz1,9060126281,"854 Jessica Fort, Lake Matthewton, UT 17020",45144
CUST244351,Robert Black,dustin20@wilson.biz,Z)1VZ!$gEj,9983228703,"50743 Gill Forest, South Anita, AK 94992",45053
CUST259130,Sandra Morton,dianeblanchard@yahoo.com,&9KZAWJw1w,9827917359,"463 Bishop Squares Suite 279, Mckenziestad, CT 91730",45204
CUST170058,Tony Reeves,grayjudy@yahoo.com,g3jP)$i9*%,9443039808,"7887 Tracy Brooks Suite 965, New Loriton, KS 24094",45260
CUST979717,Juan Clark,awilson@avery-smith.org,gy6(TtjkS_,9317656772,"59027 Miller Harbor Apt. 885, Khanhaven, MS 86825",44962
CUST269977,Jennifer Williams,hchristensen@oliver.com,fy+SR8Gc6F,9034457684,"059 Erica Stravenue Suite 476, West Dustin, CT 61741",45643
CUST900118,Tamara Walsh,brandi86@hotmail.com,HgRB1E2f#8,9076349646,"82240 Michael Forge Suite 771, Timothyburgh, VT 72245",44526
CUST725002,Jason Neal,ericksonkaren@grant-morgan.com,BF7Q^p5J8(,9662780140,"0351 Patel Skyway, Port Charles, VT 18648",44648
CUST746432,Daniel Davis,justin42@mccarthy.com,rl0KCt4n!$,9578428604,"131 Alvarado Course, Lopezport, MD 95000",44534
CUST584230,Nicole Taylor,harrisbrenda@gmail.com,%4G!0k0bS7,9427322239,"3289 Caleb Inlet, New Ashley, NE 53507",44645
CUST277766,Matthew Beltran,bakerrebecca@gmail.com,w80rD+Dtf_,9342641387,"4713 Collins Locks, Lake Amanda, TX 40448",44766
CUST159215,Ryan Graham,mlee@hotmail.com,p89CY6x9f(,9207123302,"59768 Gordon Bridge, Port Timothyside, VA 80053",45614
CUST027922,Alexandra Boyd,jsosa@taylor.info,(9U)GP+h8$,9218238200,"2279 William Fields, Port Toddport, OK 21011",44870
CUST514900,Richard Woodward,anncowan@gmail.com,Vsu$5SpmPI,9094468711,"662 Rowe Well, Port Davidfurt, ND 59153",45726
CUST089564,Paul Cox,jeff84@davis.biz,#3mqnVfbgj,9089808406,"4802 Reynolds Spurs, Arellanomouth, CA 81359",45489
CUST465466,Sharon Bright,waynemathis@gmail.com,@hdRlsaW4@,9275825724,"PSC 1807, Box 3771, APO AP 44232",45444
CUST322296,Kathleen Lewis,smithgeorge@johnson-guzman.info,%59O(FSz%o,9533026448,"USNV Woods, FPO AE 09972",45206
CUST970460,Taylor Rodriguez,christina11@hotmail.com,+3#^cJ1m(+,9191608627,"985 Robert Crescent, Port Joshuaport, HI 15476",45680
CUST310587,Brian Johnson,jacob96@hotmail.com,^w8lx8Thuh,9576227041,"PSC 0211, Box 8220, APO AA 35932",44981
CUST336903,Brian Campbell,knappjon@ross.com,*+2FtmvL@y,9903181589,"6294 Evan Shoals Suite 109, Martinhaven, NH 72152",45295
CUST626028,Cynthia French PhD,davidcowan@gmail.com,v9WLx0Xe*n,9994606797,"07514 Graves Land Apt. 037, West Laurafort, NV 08368",44765
CUST830125,James Hernandez,allenashley@hotmail.com,5_+6UaeM%X,9330724447,"345 Sullivan Ramp, North Carlosstad, IL 88840",44499
CUST710538,Carlos Taylor,longsamuel@gmail.com,(LLwIG@Ll1,9374725809,"USS Lucero, FPO AE 12465",45717
CUST724790,Amy Woods,stephaniemiller@yahoo.com,HInHaKtx$0,9170557608,"249 Scott Lodge, Kimberlyfurt, PA 23314",45659
CUST636705,Jessica Wright,paul12@hotmail.com,)CYf55Jp@e,9323792255,"09320 Ashley Courts Apt. 530, East Codyview, OK 14453",45412
CUST478834,Anne Thompson,triciaedwards@quinn.com,%N^7XNp7*L,9280215363,"964 Sarah Views Suite 798, Sherryville, DC 35074",45119
CUST862996,Jerry Harris,newtontim@blackburn.com,)T_4$iNzQ+,9222016163,"5610 Nicole Courts, New Maryberg, NY 29659",44343
CUST720558,Deborah Mendoza,jasonross@edwards-diaz.org,!Hr0NNlu9#,9154824858,"2053 Garcia Forges Suite 399, New Theresa, DC 17751",45512
CUST452999,Maureen Morrison,grimesbrandon@mcintyre.com,(a(HrYJ48d,9241423730,"67413 Christine Lodge Suite 688, Lake Shaunmouth, NY 29153",45596
CUST983109,Jennifer Jordan,jsexton@carr-hanna.biz,_ND7oNTlg1,9334043422,"USCGC Williams, FPO AE 27623",44290
CUST852832,Carlos Carlson,martinezyolanda@yahoo.com,7TexxC9a*r,9699507097,"677 Roberts Canyon Suite 181, North Julie, AL 10778",44229
CUST391671,Robert Franklin MD,jasmine71@hotmail.com,63U4uQSG%0,9783925575,"1893 Diaz Meadow Apt. 764, Lake Deborah, KY 77699",44482
CUST353347,Destiny Torres,rodriguezlauren@gmail.com,^(!7Cv@zfe,9636777140,"PSC 3613, Box 2580, APO AP 84847",45422
CUST976610,Veronica Lewis,silvaangela@yahoo.com,mR&6Gy7D%B,9905663846,"703 Michael Landing, New Ginaside, WI 28129",44100
CUST443592,Kerry Johnson,nicole21@stone-wilson.net,Eyg(2YYs*#,9701840042,"07121 Collins Canyon, North Daniel, WI 29328",44942
CUST233935,Jessica Simon,jeffreywagner@hotmail.com,G8aKCc+*)#,9954015968,"PSC 1269, Box 0368, APO AA 73966",45783
CUST396255,Robert Kelley,susan64@gmail.com,%xQ3JHyRFe,9626079511,"USNS Patterson, FPO AE 16952",44289
CUST433147,Anthony Russell,brose@hotmail.com,g4SBcI2v&u,9979885906,"13646 Jimmy Fall, Lake Joshua, MI 44802",44230
CUST213820,Jody Schneider,codonnell@gmail.com,#9%A)Vtouf,9787252831,"876 John Burg Suite 404, Port Jeanne, VA 80533",45625
CUST296697,Janet Fisher,wkennedy@hotmail.com,+jt0P$Ijc3,9580983618,"911 Griffith Trace Apt. 703, Michaelmouth, PA 86293",44146
CUST698175,Amanda Morgan,davidhawkins@lopez.info,xl6#X1ZqO(,9546786564,"854 Dillon Ridge Apt. 833, North Jaredchester, IA 24700",45286
CUST174713,Matthew Craig,lindsay38@yahoo.com,M91wMRLe*0,9438782524,"8747 Laura Land Apt. 810, West Ronaldmouth, AZ 24485",44497
CUST934691,Lisa Reese,qbarrett@coleman.org,8mls2A3ve),9553903066,"67528 Amber Island, East Joshua, KS 83476",45521
CUST688421,Mark Mccoy,richardwise@barajas.com,$70Mbb%s^r,9647803477,"7888 Steven Manor, Thompsonhaven, KY 16285",45526
CUST137114,Nicole Johnson,joseph59@romero.info,%&9ArYaC%u,9297546079,"354 Dustin Summit, Rodriguezberg, IL 42696",44382
CUST920648,Jennifer Ramirez,jenniferaguirre@le-mclaughlin.org,__0BBBf9X5,9096727818,"8163 Justin Cove, Walterville, NE 06067",45152
CUST997497,Bryan Moore,kennethmclean@yahoo.com,e^R@0k7d!K,9040011810,"96735 Joseph Ports, Curtisside, IN 74984",45234
CUST149083,John Jacobs,jessicawong@myers.biz,_1Rv&lZNbs,9331781884,"2310 Gonzalez Bypass, Parsonstown, AR 94824",45311
CUST738075,Damon Boyd,ericrodriguez@gmail.com,!*9L5SpUa7,9271684791,"95186 Rachael Harbor Apt. 280, West Taylorview, PA 63993",45010
CUST272676,Benjamin Perez MD,heididavis@yahoo.com,Nz9*vWKvs!,9376959589,"593 Emily Canyon Apt. 211, Andersonmouth, PA 08405",44222
CUST410085,Judy Sanchez,fmason@jackson.com,!fegXM(j9&,9902571917,"82543 Butler Flats Suite 735, South Zachary, MA 21001",45840
CUST341644,Yvette Moore,dhoward@gmail.com,)2Uy)w7jX&,9707057856,"7352 Jon Groves, Lake Jacqueline, DE 50414",44880
CUST586569,Katherine Scott,joneswilliam@bailey.org,x!mbb0Suus,9206892595,"249 Laura Wall, North Walterbury, SD 89402",44204
CUST994126,Kirsten Tran,clifford96@hotmail.com,=+TUZwU7+E0,9997553094,"8156 Bradley Glen Suite 960, Brownmouth, SC 94257",44407
CUST873051,Jeanette Graves,laurenmoore@yahoo.com,H%M8B1ozKK,9640582834,"0220 Young Center Suite 755, Dicksonburgh, AZ 23404",45378
CUST745821,Rhonda Williams,keyjeffery@hotmail.com,7(s!IR4*+f,9769244280,"3852 Courtney Camp, Jenkinsshire, NV 91297",44427
CUST603327,Kevin Wade,lopezandrew@yahoo.com,*@4Z1KlqXO,9452314007,"363 Thomas Skyway, Kentstad, MO 65753",44243
CUST141073,Regina Rivera,sean08@gmail.com,@aa&5Yuk@7,9284668371,"021 David Glen Suite 408, Aprilmouth, VA 09070",45138
CUST102021,Kim Kirby,kwilson@gmail.com,eIy_3UbF$!,9295357721,"0176 Rachel Hills, Nelsonburgh, AZ 52939",44721
CUST135553,Joseph Young,fjones@trujillo-parker.net,&7DE_yK%2),9955665895,"65984 Brenda Crossroad Apt. 782, South Richardmouth, AZ 57354",44951
CUST735488,Tonya Torres,isaac10@gmail.com,sEcGgq$R@9,9824091023,"447 Pena Plain, Theodorefurt, MD 59053",45200
CUST013486,Jessica Carter,lortega@johnson.com,m#8W5d#a%@,9935086632,"25026 Castillo Hollow Apt. 880, Port Roy, DE 74694",45411
CUST093585,Patrick Riggs,ycoleman@lee-campbell.biz,u29MLeta@X,9850432825,"1385 Chapman Square, South Nicholasburgh, CT 52077",45575
CUST218237,Sarah Turner,wilsonanthony@downs.net,!lMQlJFxP7,9306124701,"309 Rosario Tunnel Apt. 687, Hebertview, NM 33447",44324
CUST330390,David Hahn,rbrown@rojas.info,kIU@)&qz#8,9947726094,"4466 Tammy Flats Suite 177, Port Scott, WA 46307",45748
CUST720266,Daniel Leon,scott57@gmail.com,f&8LZc+rWi,9085565942,"PSC 9297, Box 1242, APO AA 98578",45836
CUST099459,Danielle Mills,alexis80@fleming-cochran.com,&7XMXeS#Oj,9085553589,"549 James Courts, Hancockfort, WY 14051",44683
CUST326701,Scott Richards,msmith@hill-serrano.info,1aO8qQl8%8,9557472189,"6353 Estrada Rue, East Jeff, MI 47319",44186
CUST019404,Michael Mercer,mikaylafischer@smith.com,)mYdQKBp8o,9306374810,"513 Bonnie Avenue Suite 457, Walkerport, SC 14753",45671
CUST635266,Rhonda Cain,nsalazar@santos-davis.net,rKq)QjHy^2,9550670372,"556 Roberts Station, Arielbury, GA 02288",44502
CUST388774,James Gonzalez,kellycisneros@bridges.com,)f7Ewt3FHw,9708890446,"26632 Flynn Mall Apt. 165, Williammouth, WY 74295",44098
CUST359336,Rachel Perry,juliehenry@yahoo.com,8xgOGHz3+l,9980643346,"Unit 9258 Box 0098, DPO AA 52353",45397
CUST892692,Jeffery Griffith,vholmes@hotmail.com,Qs7i*Prxh@,9877097628,"7877 Sara Skyway Suite 782, Matthewsshire, RI 98392",44218
CUST277242,Tim Stanley,pwilliams@gmail.com,o@2K0u^NCH,9914625711,"761 Charles Shoal Suite 373, New Aaron, UT 79660",45444
CUST867173,Alexis Miller,ubrooks@hotmail.com,@9^T+Hb$5#,9329312111,"3288 Shannon Brooks Apt. 218, Martinport, LA 00851",45517
CUST687848,Luis Hansen,brandon77@yahoo.com,&N2gXnEZ(a,9948283931,"441 Stephen Forks Suite 450, Hollandton, LA 57030",44986
CUST356681,Scott Cook,chloe93@horton.org,J2KboOuv_q,9161223465,"715 Nicholas Causeway, Rosehaven, CA 90706",45251
CUST302948,Edgar Potter,kle@gmail.com,(V0nZN+l4E,9974821309,"52933 Mendoza Mission, Michaelhaven, NJ 80264",44201
CUST388101,Mr. Derrick Oliver,skennedy@olson.com,3%6K6Te^Du,9397239067,"PSC 0686, Box 7765, APO AP 53864",45539
CUST358544,Adam Love,juanwoodard@gmail.com,&JX$#QBr)9,9584020235,"303 White Expressway Apt. 466, West Elizabeth, SC 56796",44257
CUST968991,Eric Fox,garzawesley@carson.org,)*0+*QFi$k,9467317259,"162 Glover Key Apt. 773, West Amyland, IA 47538",44466
CUST660696,Robert Waller,melissa90@glover.biz,Q$T9RAFpft,9232401332,"334 Mitchell Brooks, Lake Sherry, ME 32375",45293
CUST071553,Amanda Valdez,csawyer@yahoo.com,tZOCMe4M&4,9489716688,"5164 Clark Lake, Martinview, LA 18990",44666
CUST028360,James Davis,barry57@hotmail.com,6F!V4Gyzcb,9580837640,"2377 Scott Point, East Matthewmouth, AZ 87779",45840
CUST393355,Allison Gregory,ithomas@macias.com,59VKz5@k)v,9053492410,"84096 Tiffany Circle, East Taylor, VA 89625",45551
CUST737797,Jordan Green,waltersanthony@gmail.com,jF#d31Pk!o,9460010004,"55795 Sandra Extension Suite 120, North Melissa, IN 45997",45615
CUST539810,Jeffrey Cole,kaylamartinez@brown.net,*7_PSAw^Zw,9831524046,"PSC 9213, Box 9985, APO AP 33373",45241
CUST180648,Ruben Mccoy PhD,gabrielleruiz@medina-avery.com,&8DTwCdM@3,9950559967,"03164 Janet Skyway, North Julia, LA 47743",44406
CUST125224,Kelly Fuller,mary01@vang.com,(De08RkMRv,9917280672,"39638 Camacho Mills Suite 160, Matthewstad, AL 55878",45498
CUST111671,Morgan Hansen,meganwalters@gmail.com,n+1wAqNya!,9403206410,"75676 Shaw Coves, Charlesfurt, CO 91885",45174
CUST278135,Donald Mclaughlin,danielflores@gardner-norman.com,!G8CnRxnx&,9297394104,"43521 Schultz Pike Apt. 021, West Amandamouth, MT 93158",45577
CUST133381,Tyler Fritz,olucas@smith.biz,Y^q4QD*mNJ,9494834249,"6017 Wright Court Apt. 265, North William, MA 69331",44795
CUST901573,Stacy Bernard,ryates@colon.net,J@(9OZPin3,9040486938,"88596 Matthew Track Suite 595, Rebekahborough, ND 50948",45211
CUST213733,Sara Lopez,nparker@hotmail.com,+DrO^#Ye54,9988992146,"069 Vanessa Manors, Robertland, FL 56597",44271
CUST495464,Alexander Gomez,jaimemartinez@hotmail.com,PW7eJoTP@d,9539835309,"6698 Madeline Plaza Suite 828, Erinton, WV 92510",45659
CUST797599,Christopher Marquez,sarahbean@bartlett.net,^wkd7Jso+l,9075867229,"260 West Burg, Dunnmouth, CA 93142",45139
CUST771107,Christopher Brady,christopher75@gmail.com,!7EW6H!w3P,9937511786,"378 Harris Union, Lake Robertobury, AZ 88681",44515
CUST306642,Tammy Camacho,derek27@austin.com,D(KGgDdz*6,9097925675,"3820 Elizabeth Loaf Apt. 613, Clarkfort, NY 23816",44469
CUST771113,Larry Patel,thompsoncole@foster.biz,b%5yduQ61c,9769578086,"7221 Jerry Ford, Mariamouth, IN 52551",45370
CUST564763,David Armstrong,shepherdrachel@gmail.com,%PRkAv@jF5,9427910884,"15049 April Courts, South David, SC 14049",44272
CUST893583,Nicole Burnett,elizabethjohnson@coleman.net,&)p$7C#b)6,9173916969,"3046 Susan Extensions Suite 227, Millsside, KY 55817",45441
CUST660216,Troy Carr,coxjennifer@grimes.info,$sC+LzEe6&,9892577184,"54593 Anderson Summit Suite 835, Loribury, NE 38174",45639
CUST125361,Gary Brooks,gonzalezheather@jones-stewart.com,_9bI@^La^7,9935220491,"PSC 2108, Box 4092, APO AE 17415",44064
CUST274174,Mason Herrera,goodrachel@yahoo.com,s2l8NvJsG@,9088972095,"746 Nicole Center Apt. 470, Port Jessica, NJ 69230",45031
CUST749943,Anne Hernandez,kboyd@sandoval.com,Z^Bv6gUx@0,9767400988,"090 Jacob Dam Apt. 591, New Jennifer, OH 75356",45498
CUST864458,Daniel King,hcannon@yahoo.com,Bk6V@JlbW$,9525298498,"52319 Felicia Knoll Suite 268, South Andrew, TN 74322",44477
CUST183520,Hector Romero,stuartjulie@coleman.com,@29WTfguO8,9953162135,"91101 Pham Islands Apt. 253, West Julia, NY 06476",45553
CUST155407,Kelly Vance,bscott@gmail.com,u^^7uNydSX,9083642400,"33494 Perez Stream Suite 378, Port Pamela, WY 25300",45044
CUST729703,Matthew Stanley,ngray@gmail.com,0NO1lfW1%u,9014241692,"7174 Derrick Overpass, Michaelchester, CT 41043",45717
CUST115083,Laura Page,alexiswhite@gmail.com,)rI4MgSqA7,9474992209,"0505 Jeff Harbors, Williamland, NY 13355",44944
CUST231054,Benjamin Garcia,taylorrichards@hotmail.com,R&5PTsQk@e,9173782780,"13997 Bradley Islands, South Nicoleborough, DC 98784",44753
CUST989601,Mark Reyes,josephbarton@yahoo.com,$57NI68udz,9211147115,"52577 Johnson Land, Olsonmouth, VA 83592",45048
CUST481566,Sean Rubio,david40@figueroa-mora.com,g41K7LeZ+O,9019698026,"98446 Sally Road Apt. 889, Richardsonton, VA 50087",45684
CUST851263,Donald Thomas,nicolevaughan@irwin-fernandez.org,9ql+1&Pau&,9057744594,"0897 Nancy Crest, Elizabethmouth, CT 43817",44443
CUST079940,Lacey Payne,audreyestes@pena.com,&6%MH%le(H,9663726389,"034 Williams Greens, North Christopher, NH 03398",45802
CUST137324,Robert Lopez,gmahoney@bell-bass.biz,k@6ZvZ+f8H,9959606134,"23674 Amanda Mall Suite 536, Cindyburgh, VA 94869",45207
CUST194220,Meagan Boyle,afisher@hotmail.com,)$Z4J#DwH!,9169112205,"USCGC Wells, FPO AE 51911",45330
CUST528756,Jill Cummings,ashley93@hawkins.biz,3@kL1$fz!P,9466602924,"3555 Tina Greens Apt. 183, Joshuaside, OR 09733",45500
CUST701407,Breanna Fernandez,ihall@davies.com,!6(h+Sth33,9263439840,"31930 Graham Trail, New Jeremy, PA 41342",45297
CUST260477,Tammy Peters,dodsonryan@hotmail.com,)0IPO#&gE#,9674152809,"PSC 0866, Box 7425, APO AA 80367",45809
CUST312530,Jose Neal,ryantroy@cameron.com,_!N4T4FhI(,9064569606,"04218 Manning Parkway Apt. 562, South Markmouth, NC 51246",44677
CUST336833,Carlos Lee,hpatel@yahoo.com,Hkz*04At&v,9009168828,"54170 Holmes Prairie Apt. 990, Deborahborough, IA 21057",44941
CUST538227,Daniel Phillips,colemanamanda@gamble.net,O4ZtWPhz$z,9302835190,"3792 David Summit Suite 158, Lake Michelleport, NV 27273",45516
CUST142840,Jeffrey Vazquez,sandovaldonald@gmail.com,4v6Srekz!%,9138961793,"063 Lee Fields, West Bill, CA 22167",44528
CUST298591,Christopher Garcia,turnertony@harris.com,p#o4%ZOipp,9725282342,"2111 Singh Freeway Apt. 955, Shawnside, OR 31134",44098
CUST402084,Shannon Adams,rachel23@gmail.com,!2fQSOi$a!,9615372349,"760 Pamela Shores, Matthewtown, AK 06534",45512
CUST577907,Hector Moore,kvillarreal@moore.biz,&3jotNpywz,9531416529,"78314 Cline Springs, South Shaneton, IN 35463",44212
CUST332283,Daniel Williams,timothy08@yahoo.com,N_0RqFLxHe,9526548750,"1570 Stephen Ranch, East Laurashire, NJ 03392",44252
CUST660341,Peter Ramirez,nsmith@gmail.com,##_AE1LW8s,9680715515,"6278 Sandoval Manor Apt. 878, West Michael, SD 31039",45746
CUST097661,Kathy Avila DDS,julia22@hotmail.com,%hJ(4dGj39,9077613000,"687 Larry Circle Apt. 605, Tiffanytown, IA 94891",45319
CUST972655,Rachael Mueller,julia69@gmail.com,n4pVD9tZ*4,9441568935,"508 Michael Spring Apt. 493, Dyertown, CO 15328",44884
CUST207044,Christopher Lopez,jasmine81@gmail.com,!yGeA_#xr6,9765837883,"644 Danielle Neck Apt. 354, Victorshire, MS 45052",45631
CUST521874,Blake Hall,johnsontyler@yahoo.com,h*9u8EYd7R,9294217325,"85124 Bush Avenue, Tannermouth, CO 47008",45297
CUST099376,Mark Johnson,harrischad@newton-navarro.info,@t#eD6VqCE,9105387112,"15749 Peter Green Apt. 931, Rachelfort, WI 48319",44328
CUST410094,Michelle Snow,gpetty@klein-hughes.com,E!%0r3ZiZs,9658261459,"315 Leslie Plaza Suite 547, Colemanfurt, TN 77680",44864
CUST604906,Latoya Evans,juliasexton@thomas.info,G)6474Mkc6,9373468367,"1796 Villanueva Freeway, Dylanfort, OK 70941",44905
CUST122803,Louis Lang,brandon69@cox-aguirre.org,W!)3HkN_G7,9091831173,"834 Alexandra Shoal Suite 509, Kevinborough, AZ 45516",45513
CUST495136,Maxwell Cox,luiscarter@bell.com,@d13UCMnpR,9282023595,"5565 Rebecca Lakes, North Michaelshire, ME 44172",44612
CUST438953,Amanda Garcia,ralvarez@king.com,8KdMR)qq&7,9361222513,"576 Moore Tunnel, Williamburgh, WY 67206",44295
CUST786740,Shannon Collins,murphydanielle@hotmail.com,8YFteEr$(w,9919712181,"22944 Michael Village, Michellestad, NJ 21488",45063
CUST418454,Patricia Jones,jcortez@gardner-dickerson.info,0f9WPY03p+,9824043537,"92834 Courtney Islands, Martinezton, WA 76507",44553
CUST250141,Jessica Gonzalez,eschneider@gould-mills.biz,7S8WQ_iYo(,9139502551,"6947 Rhodes Cliffs, Diazstad, WA 83684",44780
CUST881566,Roberto Rhodes,bryan21@marshall.com,Fs6WmOJ%X+,9556270175,"190 Burns Curve, Michelleside, NJ 02408",44726
CUST389597,John Martin,ryanalexander@yahoo.com,8!i3IMhw^N,9091655843,"6369 Anderson Groves Suite 937, Barronport, KS 35947",44511
CUST961187,Kelly Jones MD,julie70@cole-sims.com,&&FiOjsaZ3,9571007018,"PSC 7206, Box 0816, APO AP 10062",44100
CUST911472,Erica Oconnor,michaelwade@carson.info,pj)vFl6W)4,9873843842,"5911 Doyle Spurs, Williamview, PA 51812",44208
CUST957110,Randall Salazar,christianstone@yahoo.com,2#UnufQ^$^,9519264799,"190 Warner Station Suite 247, New Derrick, CO 70177",45673
CUST980087,Corey Burns,kevinherrera@dixon.biz,)N6cKbRI*5,9446649079,"624 Benson Mountain Apt. 749, East Sarahland, SD 93955",44600
CUST749853,Amber Wright,michaelarnold@hudson.com,Mw19J0ck@5,9031917115,"772 Cortez Club Suite 751, New Patrickstad, TN 46679",44201
CUST873424,Edward Barnett,martinezjacob@hotmail.com,%TUUZCy2C4,9829213179,"407 Bruce Spur, Jeremyborough, IN 32603",45255
CUST393382,Leslie Douglas,rushlaurie@gmail.com,aCx(7s_fF%,9319916337,"481 Angela Greens Suite 834, East David, HI 60319",45621
CUST609768,John Griffith DDS,garrisonnicholas@hotmail.com,#2sONfG2l2,9166742500,"06681 Bird Ways, Lake Sean, WI 51158",45767
CUST745209,John Jones,iclark@parker.biz,)_7TyIb3iO,9274018879,"990 Warner Rue Suite 178, Lake Tanyafurt, CA 59175",44648
CUST781494,Paul Zavala,mendeznathan@yahoo.com,*zD1Yb4%Iv,9830363256,"Unit 6733 Box 3654, DPO AP 18429",45843
CUST003721,Jeremy Thomas,dalenelson@hotmail.com,$gO6aT8zs5,9827884815,"PSC 5245, Box 0623, APO AP 67934",45821
CUST473057,Stacy Brown,kvelasquez@hotmail.com,p!1(#4ycVK,9807762610,"5301 Brittany Court Apt. 795, Floresfurt, IN 79697",45470
CUST792042,Christine Taylor,nicolereyes@diaz-johnston.org,(omWeEW$m7,9775897949,"639 Corey Run, Kramerburgh, ID 71217",45430
CUST036119,Donna Miller,katherine71@burton.com,4+&4Dlzb78,9810032409,"PSC 9375, Box 5397, APO AE 13287",45504
CUST561783,Shelia Silva,jerry70@hotmail.com,49Zf7iZv@&,9510255965,"100 Hall Mews, Ibarrahaven, NJ 78376",44531
CUST216910,Melissa Medina,melissa30@gaines-esparza.com,&$D7zb@Vq1,9798656755,"83817 Timothy Point Suite 809, Lisaborough, MI 73685",44504
CUST525624,Justin Ramirez,carlos64@kane-rogers.com,j+Wb7#Gb&T,9757622502,"2280 Bryant Villages, New James, KY 90315",45680
CUST201602,Martin Lester,barreraarthur@burns.info,)1uUJjMuAD,9042344463,"25888 Jackson Village, North Andrew, NJ 65208",45147
CUST268557,Jeffrey Miles,mcdonaldkelly@chavez.net,dm4MZf&jV(,9387254048,"PSC 4707, Box 8066, APO AA 49910",45815
CUST396592,David Townsend,john84@blake.net,W&1v^Nq2Z+,9008963082,"28095 Krista Harbors Suite 760, Blairborough, MA 93413",45368
CUST575881,Amber Bennett,stricklandamanda@hotmail.com,P@5yeR)qX&,9025969238,"30014 Mary Creek, North Patriciamouth, MO 35478",45511
CUST320248,Autumn Shepard,joseph00@gmail.com,Jx9QH6cy_w,9757143828,"94649 Scott Brook Suite 400, Lake Patriciastad, AL 90843",44090
CUST806070,Larry Jones,joseph48@gmail.com,!k3NC^_sQ6,9376659491,"271 Theresa Stream Apt. 515, Lopezchester, AZ 86008",44465
CUST897413,Charles Gill,jeffhayes@valdez.com,)4GHByrz(3,9631513463,"29772 Brown Streets Apt. 782, East Richardfort, OK 29877",44636
CUST256416,Stephanie Robinson,davidhall@gmail.com,Yt4t9ZAu8!,9590684144,"913 Fernandez Junctions Suite 944, Lisaport, SC 11352",44907
CUST755418,Susan Barrett,mjenkins@ibarra.info,O*B@1%^y(U,9711486798,"93526 Juarez Unions, Johnsonstad, MN 36396",45463
CUST943994,Jerry Rivera,kyle57@smith.com,j#H1Oq1kUC,9751957460,"9073 Tammy Glens, North Karen, MT 42794",45683
CUST365204,Amy Hopkins,isaiah89@hotmail.com,E6!QNpB_)2,9012580129,"2091 Lang Manor, Davidhaven, ME 59839",45344
CUST173067,Anthony Perez,ivillarreal@rice-black.com,Ow^35GMzv^,9212548918,"67302 Nicholas Mill, Richardmouth, MA 67870",45356
CUST733217,Patricia Baker,thompsonemily@gmail.com,z8XN5nob+&,9109055666,"78307 Vincent Brook Apt. 011, New Jennifer, MD 97558",44732
CUST998783,Dean Fitzpatrick,gabriellee@clark.com,%Rh8G&n1Z6,9880458159,"05799 Robert Passage Apt. 227, Merrittfurt, AL 75734",45159
CUST107081,Angela Hardy,armstrongbrittany@griffin-crosby.net,tqF@BeXr*0,9232424749,"935 Rice Street Suite 482, Lake Amanda, NM 63264",44705
CUST794128,Sarah Whitney,tdoyle@harding-garcia.biz,$VFrZvy3w6,9629610900,"PSC 9328, Box 7019, APO AA 67533",44942
CUST286918,Meghan Wiley,fergusonjohnathan@doyle.com,)QpX6O6gH0,9728454932,"PSC 0882, Box 6007, APO AA 26531",45409
CUST492350,Christine Robertson,ohart@crawford.com,^)8mP^*xb(,9977279150,"28988 Eric Divide Suite 494, Ramirezberg, LA 22862",45090
CUST702954,David Lopez,xmack@yahoo.com,#H@s5XYbXe,9557979135,"9678 Pamela Union, Nicholsfurt, MO 03631",44813
CUST428512,Dustin Mcdowell,kennethorozco@gmail.com,EsS6LMtx*3,9027961562,"92464 Danielle Dale, East Tina, KS 64335",44252
CUST653663,Kendra Rodriguez,nicolebauer@gmail.com,!ZN5sUao#Z,9634789108,"51885 Foster Spur Suite 730, Port Grantville, ND 75251",45311
CUST359872,Barbara Sanford,savagemallory@gmail.com,^Pr3Fea(bb,9689556326,"36481 Gardner Crossing Apt. 719, Kathleenview, CO 83810",45702
CUST974583,Anthony Everett,fbrock@yahoo.com,%9VokLfMwt,9937587878,"7744 James Mills, New Robertborough, WI 49142",44269
CUST853448,Dillon Hopkins,rwalker@rodriguez.com,+jBRMqg19*,9402491482,"27304 Schneider Mountain Suite 760, Jeffreyside, NV 37844",45200
CUST287855,Morgan Stewart,tlopez@park-morrison.com,X6w0y3Im^b,9321015751,"480 Christopher Inlet Suite 702, New Jose, IL 40534",45705
CUST632517,Amy Johnson,donna95@yahoo.com,+H2Kx#av6$,9901766097,"Unit 8795 Box 1852, DPO AE 34855",45148
CUST424041,Ronald Rodriguez,stephaniecohen@gmail.com,eM(K4jLyX$,9436907386,"6522 Rebecca Harbors, Fordchester, TX 57702",45584
CUST262008,Terri Maddox,karen47@yahoo.com,^QU9Ztgi!n,9098560085,"021 Brown Lakes, Michaelmouth, SC 77145",44646
CUST561634,David Brown,larry64@yahoo.com,G(2hYC5yq$,9750154411,"981 Wallace Knoll Apt. 321, East David, IL 76799",44490
CUST285019,Jessica Baker,ashley45@lewis-vazquez.com,dYvt97)v(7,9262839827,"99779 Brooke Mill Apt. 726, Victorport, MN 45769",45317
CUST577479,Leslie Daugherty,ygarcia@dean.org,=+nG2fj3Tx4,9126067131,"013 Lindsey Plaza, Port Samuel, MO 36995",45157
CUST501337,Ashley Taylor,gravesjoshua@williams-nelson.net,^XtKObxbi6,9530276465,"235 Christina Camp, Port Benjamin, CT 24468",45647
CUST629164,Ivan Kramer,troyhoward@gmail.com,&n4PuvcGRX,9882569387,"9136 Roger Underpass Suite 411, Youngside, AK 26195",45731
CUST921139,Amy Ortiz,michael48@james-taylor.com,^!UQe)wZ5L,9628117669,"071 Patricia Dale, Port Dustin, PA 98274",44101
CUST219158,Rebecca Ramirez,iflores@gmail.com,!1MrQMYrwk,9758113745,"8289 Nathaniel Mountains Apt. 047, Hernandeztown, WV 69063",44023
CUST945351,Brenda Rogers,watsoncarlos@yahoo.com,S+0rYq4rKL,9150028606,"35675 Davidson Lakes Apt. 205, Ellenview, MT 47278",45094
CUST057632,Jeff Ferguson,ggill@dorsey.com,Mo_XLzFi+9,9346703333,"37181 Rodriguez Keys Suite 910, East Stephen, ND 70314",44558
CUST276699,Christopher Montgomery,smithemily@alexander-roy.com,8Ndhf*ta)J,9984582613,"0270 Daniel Square, Port Nicholasstad, ID 72263",44656
CUST851670,Ann Huber,wjenkins@yahoo.com,lR83RhPeE),9536998439,"PSC 9178, Box 9272, APO AA 84651",45354
CUST484105,Patricia Brown,lori82@hotmail.com,D!#GB7EqZz,9139475895,"Unit 7847 Box 0768, DPO AA 24187",45488
CUST392208,Joel Cunningham,cheryl18@yahoo.com,U@_x1FtA8),9440101090,"56211 Crystal Drive, Phillipville, UT 87529",44796
CUST771718,Kathy Mcintyre,murrayangela@gmail.com,n3HtZotn*(,9154515953,"USNS Pratt, FPO AP 93643",44914
CUST613604,Stephanie Bell,rtorres@sandoval.com,C4d90lYo*(,9042097973,"91895 Ochoa Village Apt. 350, Shannonburgh, NE 45676",45746
CUST665948,Emily Higgins,ramseychristine@alvarez-lester.com,^10_1FvuRI,9525923617,"9208 Daniel Street, North Henrystad, ND 62683",44778
CUST716478,Lindsey Mccullough,thomasveronica@gmail.com,6x0G0dLh*%,9727953396,"7633 Bobby Pines, North Luisville, MA 65302",44873
CUST101535,Robin Coleman,mburton@gross.info,A2$5J)PrA$,9430516573,"426 West Street Suite 676, Leeside, HI 45389",44414
CUST895968,Monica Stewart,jenny96@collins.com,#4M5e8JtzP,9780173688,"286 Susan Place, South David, NV 91593",45465
CUST027817,David Rosales,christopher72@thomas.com,*9NHutk!ax,9267819146,"Unit 5141 Box 6150, DPO AE 58085",44525
CUST821804,James Hughes,baileylisa@yahoo.com,@xFji!(iu2,9177031898,"59791 Edwards Harbors, Brianhaven, NE 48371",45684
CUST237628,Diane Weiss,kevin03@roberts-robinson.com,Pb5JocS*N_,9966996692,"023 Amber Valleys, Lake Charlestown, OH 54526",44233
CUST153652,Rebecca Jones,bridgestyler@harris.net,5u+AoN6(+r,9073888245,"8810 Shannon Ports, Vanessastad, PA 76035",45145
CUST468463,Daniel Lee,andrerodriguez@mitchell.com,#7X^TZ%8!e,9607107282,"90337 Keith Fort, Lake Gary, RI 76748",45485
CUST186338,Samuel Gray,gibsonrichard@clark.com,!+1V!j+Dv*,9587491378,"445 Robert Manors Apt. 261, Greenstad, WY 69035",45063
CUST064135,Ryan Hartman,julie02@yahoo.com,fLv6YAFgX^,9457527130,"49694 Miller Meadows, Heidifurt, GA 64042",45584
CUST801860,Amber Hernandez,wherman@miller.biz,d+5Y_kNYKb,9165208676,"266 Gregory Manors, South Thomas, AR 33936",45243
CUST056862,Jason Evans,rubenharris@santos.com,*A0uyACa&#,9852933912,"4599 Olivia Circle, New Lindseyport, ID 31002",45351
CUST165109,Tracy Patterson,vincent32@jackson.biz,u6dFHgK#+a,9123093344,"3561 Barnes Creek Apt. 135, Port Jamesport, SC 48522",45798
CUST974294,Jesse Taylor,robertmarks@gmail.com,(1B%Jj_z#N,9388238566,"830 Summers Knoll, Sparksside, GA 08643",45601
CUST968519,Jason Hendrix,jennifer70@yahoo.com,M^Mom!X8_3,9780830577,"713 Drake Extensions Apt. 527, Shannonport, CT 66569",45809
CUST112836,Bryan Galvan,bgolden@nunez.net,^_nAQN!q4c,9894056737,"040 Sanchez Shoal, South Kathleen, IN 07099",44033
CUST906672,Melissa Nguyen,tammyhayes@walls.com,)qqS39RonS,9518644035,"USS Clements, FPO AE 88101",44941
CUST216254,Micheal Roberts,tparsons@anderson-brooks.com,oFT$HMzj&8,9042388162,"Unit 0223 Box 8921, DPO AP 07061",44876
CUST631546,Anna Kim,teresa47@gmail.com,g$oBYuNO*8,9824649407,"7360 Patricia Villages, Danielberg, NJ 25088",45797
CUST545284,Krista Fowler,evanscynthia@sandoval.com,$8XZmO#LSU,9436913482,"569 Emily Loop Apt. 430, Lisaport, MT 02199",45443
CUST554453,Jesse Jones,hallbethany@mccullough.com,)pkBg1gdX2,9723687195,"341 Ryan Rapid, West Michelle, PA 24577",45061
CUST097806,Daniel Holland,robert23@dougherty.net,$9SpEbw0B5,9011306511,"94917 Joseph Light, Lake Heather, WA 58196",44478
CUST611089,Linda Kelly,sydney73@yahoo.com,_ZJUYg(ID3,9376998612,"05937 Bianca Circles, Port Angelaport, UT 30562",45195
CUST137818,Michael Jefferson,elizabeth92@yahoo.com,#%x6NkdDbH,9037564238,"2615 Woodard Parkway Suite 145, North Juliebury, KY 74214",44965
CUST978489,Luis Cooper,prestonchandler@yahoo.com,)jAvj0%**5,9564648199,"028 Kimberly Circle Apt. 220, West Markville, NM 40525",44076
CUST685762,Nicholas Hamilton,canderson@yahoo.com,N0fuGvYp#f,9807209207,"224 Lauren Stravenue, North James, LA 71439",44999
CUST530713,Melissa Keller,david41@kaiser.info,fu18MOEyQ*,9934178934,"9239 Rebecca Drives Suite 041, South Thomas, CO 97059",44398
CUST419303,Joshua Newman,tyler01@gmail.com,w*&E9BHm&9,9163607824,"20669 Hobbs Corners, Townsendborough, VA 43855",45517
CUST443532,Alexander Owens,porterjessica@nguyen.com,)0dguV8sNK,9839320669,"46795 Janet Port Suite 470, Richardtown, SD 09988",44487
CUST706538,Tiffany Fox,marthareed@sanchez-hall.org,RuJvLBLZ&4,9376945573,"PSC 5982, Box 3785, APO AA 96752",45808
CUST906861,Tammie Garcia,johnboyd@gmail.com,*OAvL(7Ps0,9546586583,"44343 Thomas Circle, West Lorraine, KY 10426",44095
CUST818598,John Bradley,gonzalesjoe@gmail.com,!@1AdnY8HP,9651390565,"569 Curry Light, West Kristen, NC 66617",45772
CUST766703,James Kane,vkey@gmail.com,)PaSh2+oN1,9102698394,"7626 Kyle Gateway Suite 106, Port Adrianmouth, VT 45122",45591
CUST759899,Laura Hebert,michael65@andrews.com,Q^63R0ikw(,9181640894,"USS Brown, FPO AP 61313",45001
CUST033988,Julia Thompson,andrewodonnell@gmail.com,f#4Jw9yt+Z,9029019424,"667 Gray Lock Apt. 556, Karafurt, VA 75873",45832
CUST647580,Jonathan Williams,leonard17@yahoo.com,k#WH6WopU+,9060426881,"USNS Hamilton, FPO AA 88183",45294
CUST748700,Shirley Price,jeffreymoody@yahoo.com,3h)BZSeK&0,9451665875,"2469 Thomas Fords, Ronnieside, MN 75242",44474
CUST646683,Nicole Li,beth67@yahoo.com,wZ*Z6Bol%*,9913748804,"2544 Brittany Alley, Port Joseph, CT 82740",44040
CUST986610,Leonard Delgado,williamswesley@williams.com,P)z)1FEwxx,9319154579,"654 Jimmy Knoll Suite 655, Foxmouth, AL 80696",44464
CUST063880,Christopher Powers,harrisdavid@gmail.com,Zcv_34WjSD,9111498587,"486 Katie Fields Suite 551, Grahamstad, WI 25378",44658
CUST695940,Amanda Washington,gonzalezmary@hotmail.com,n0ZsSatA&U,9385752400,"3136 Andrew Islands, South Laura, NY 13798",44733
CUST926169,Jeff Hines,keith13@hotmail.com,*Y)P4UhqE(,9177577116,"044 Glenn Falls, East Angelhaven, AZ 99206",44636
CUST515297,Amanda Spears,martineztanya@hotmail.com,$8&5jDJeIE,9274908434,"549 Banks Fields Suite 136, East Rose, CT 83876",44411
CUST178261,Janet Young,deannawalls@yahoo.com,)5OqnKxfhM,9017841684,"8006 Carrillo Wall, Richardfort, OR 09455",44152
CUST258668,Kimberly Fry,afranco@hammond.biz,@eykYtL%@2,9788475274,"1928 Cook Lodge Suite 869, South Gary, KS 78009",44446
CUST977020,Peggy Humphrey,danielleblake@ramos.biz,+6YzmTCXdE,9389183181,"399 Steven Summit Suite 842, New Christopher, UT 08968",45253
CUST588183,Rachel Ferguson,lkelly@yahoo.com,D5TCllh1(8,9403005802,"191 Wong Trail, Knoxport, NH 89406",44739
CUST129883,Jessica Dorsey,alexander08@smith.com,Z+47BaSTs$,9514103896,"Unit 0575 Box 0728, DPO AA 67914",45743
CUST810903,Yesenia Scott,bushrobert@gmail.com,F1*L7GdB%4,9425256137,"19118 Pope Squares, New Robert, IA 80598",45031
CUST745825,Luis Wood,nrivera@young-munoz.com,wF2NKBt&X^,9052438975,"3200 Wang Lodge Apt. 657, North Brooke, TN 87478",44398
CUST773683,Raymond Lowe,icox@mendoza.com,Ne$Zya(b&4,9771429801,"2283 Martin Village, Jacquelineland, MO 14514",44990
CUST642173,Rhonda Burns,matthewskaren@yahoo.com,&0otUyFy8x,9743632508,"3582 Heather Course, Lindseyburgh, AL 65322",45618
CUST477665,Jay Clarke,lance66@yahoo.com,9zv6pHuiX(,9388944568,"72972 James Roads Suite 638, Michaelchester, AR 73115",45684
CUST152967,Ryan Ross,boydvirginia@hart.com,Vzt2iUzhk*,9403331823,"358 Jennifer Route, Fowlerstad, TN 13883",45742
CUST869722,Olivia Powers,ltran@gmail.com,s0mRvEo0*A,9099335126,"26420 Lewis Fork, Janeview, GA 25267",45459
CUST796744,Timothy Richardson,xmason@hopkins.com,4$psTb)q(V,9446836289,"66750 Hurley Ville Suite 104, Richardview, TN 70331",44410
CUST997304,Adam Valencia,ipadilla@smith.biz,p2o+Oc(_*@,9500228082,"627 Troy Route, Billyland, IN 25819",45367
CUST254385,Kevin Rollins,hughesandre@hotmail.com,^at6KV&nhm,9538366493,"719 Christopher River Apt. 953, Cohenchester, MD 98624",44540
CUST264893,Lori Dennis,robinpittman@hotmail.com,pQoKJ06u&2,9858923787,"48622 Rivera Plaza, East Frank, VA 52730",44524
CUST184635,Jennifer Wilson,cwise@yahoo.com,B^T3WOfi^!,9172191250,"700 Anderson Fork, East Joseph, VT 77404",44283
CUST203723,Edward Lewis,piercechristopher@smith-newman.com,flq5OSh%Y%,9710240954,"60246 Amanda Stream, Kevinfurt, MN 20843",45398
CUST456858,Christine Young,danny97@lewis.com,DKZA73Qx#b,9353828067,"89190 Timothy Ridges, Cooperland, KY 23383",45016
CUST727801,Tricia Walsh,xgarcia@hotmail.com,JD0edVxbk(,9647008200,"59421 Lawrence Oval, Brownland, ND 30777",45431
CUST755743,Robert Moore,roger70@chavez-lopez.net,)iX*wVXy7n,9932552448,"68380 Harris Lock, North Ryanberg, IN 39743",44105
CUST823251,Kathleen Walton,baileysmith@rogers.com,7Dx0Q1mD_E,9638049336,"71102 Hernandez Valleys, Cherylport, MO 60392",45329
CUST205170,Mr. Aaron Bridges,brenda15@berry-martin.net,cb9wASMnA&,9573301801,"6207 Amber Prairie Apt. 456, Lake Steven, WV 48118",44148
CUST627964,Christina Shah,thomas68@porter.com,^z0I8L@+0_,9932351621,"83340 Matthew Ville, Lake Charlotte, VT 63053",44653
CUST589521,Lori Huff DVM,hubbardnicholas@gmail.com,)4kAF!Ri$x,9283364884,"10844 Brittney Islands, New Andrew, FL 42698",44476
CUST637784,Cody Morris,wjohnson@reeves.biz,*xAIHyU85v,9513964291,"62116 Johnson Cape Suite 368, Dawsonfurt, DE 03494",44576
CUST216675,Elizabeth Hayes,stephen87@lucas-jones.com,F5ISFMdg&*,9135294598,"7119 Ruth Mission Apt. 020, Barrontown, MI 23995",45734
CUST573307,Cassandra Gibson,fhebert@hotmail.com,%4(SNrAk#d,9075427326,"00885 Miller Cliffs, West Jennifer, OR 08231",44877
CUST617760,Jason Woodward,wmanning@hotmail.com,9hDRySut@(,9132451163,"1818 Wright Ports Apt. 589, New Charles, FL 71740",44180
CUST000330,Antonio Orozco,trevorsmith@gmail.com,RVmlE1x$*5,9680940469,"9015 Sandra Locks, West Sandraville, NM 66176",45517
CUST905295,Grace Williams,kennethgriffith@hotmail.com,*1mVHw#y!3,9613490534,"7059 Lozano Wells Apt. 817, West Vanessaburgh, RI 34387",44110
CUST317375,Martin Gonzales Jr.,padillamichelle@yahoo.com,$5Ko87lZON,9985427761,"39778 Mcfarland Field, Keithberg, AK 44604",44574
CUST320100,Paul Nichols,margaretholt@yahoo.com,#(!0&MGtNi,9775974933,"0718 Aimee Isle Apt. 611, South Martha, AZ 48648",44487
CUST491421,Elizabeth Graham,pottsdiana@patterson.org,z_M1+Wpn#*,9079275970,"611 Hernandez Springs Suite 664, Port Erinshire, MN 73687",44096
CUST217637,Matthew Gibson,cohenkristen@higgins-jackson.info,gT4oBYl!^7,9002691053,"60080 Evans Mount Suite 769, North Alanville, MD 55768",44373
CUST186339,Michael Beltran,fordalicia@hamilton.com,(2DfneXzaW,9173045717,"6990 Rose Well, Harrisport, FL 47391",44863
CUST043287,Andrew Weaver,kenneth55@gmail.com,(&*uCkb&^2,9475395133,"425 Christopher Road, New Heather, AZ 40702",44713
CUST780328,Heather Lam,bonnieschmidt@yahoo.com,+9Tz6&zjrg,9663079052,"02874 Copeland Mill, Johnsonberg, OH 03297",45398
CUST612005,Julie Gordon,donald50@gmail.com,B5%QKeQP$y,9426664557,"973 Lee Terrace Suite 310, North Desiree, OH 32153",45035
CUST603616,Michael Brown,wilsoncharlene@gmail.com,@%7QcCm2Od,9546236754,"USNS Copeland, FPO AP 38659",44234
CUST483731,Robert Lee,jcarr@gmail.com,t!$14OtUz^,9098274260,"5404 John Trail Suite 666, Lake Crystalborough, VA 23152",45251
CUST733063,Claudia Wilson,zortega@miller.com,#92D%SBk%x,9894371011,"1565 Joshua Manors, Kerrstad, AR 08084",45525
CUST362720,Joshua Baker,sarah46@morris.biz,=+d!F4MHaq2,9394857265,"USCGC Kidd, FPO AA 74121",44719
CUST518653,Jesse Daniel,lboyd@humphrey.info,4kxXpd(S(z,9360077882,"84660 Cunningham Mall Apt. 103, North Bethany, VT 53295",45688
CUST521547,Kevin Harper,garciajose@moreno-graham.net,^VGqcDAfW1,9981631927,"5793 Stevenson Estate, Mosesmouth, NY 42425",45299
CUST783232,Lisa Russell,christophermacias@yahoo.com,8#o%P8VqcC,9748877998,"455 Danielle Neck Apt. 944, New Sandrachester, HI 14345",44434
CUST038864,Mr. Joseph Craig,rivassean@gmail.com,qn6TT7p)_F,9693576805,"897 Christopher Lodge Suite 304, Ryanshire, ME 85266",44223
CUST085980,David Spence,cooperjeffrey@gmail.com,Rk720ESu@&,9288706510,"0915 Waller Mountains, Aguirreville, AR 54034",45425
CUST907918,Nancy Jarvis,jamesbrown@hotmail.com,%3xY3rCxo4,9601510141,"8324 Amy Flat, East Lauren, AR 74099",45353
CUST324236,Debra Reed DVM,richard96@hanson-nelson.org,$_8Kv_Hs5*,9417349513,"8201 Murphy Haven, East Timothyside, AK 91454",45647
CUST949134,Brittany Kramer,steven79@cook.com,9zTy&Une!&,9518519363,"053 Christina Causeway, North Robin, VT 93973",45256
CUST092911,Daniel Austin,trancrystal@yahoo.com,a2k$5Jkabr,9203404433,"569 Amanda Drive Suite 177, Parrishchester, MO 77229",44464
CUST959966,James Martin,dawn35@davis.com,!#2IyECMK%,9215809094,"USNS Miller, FPO AP 09348",44597
CUST305591,Lisa Meadows,taylorzachary@gmail.com,($zo8W2bfc,9016483383,"4753 Bianca Rapids, North Nathanielbury, AZ 42173",45197
CUST997970,William Parker,james72@gmail.com,K+(@74Vzqx,9626242876,"4902 Johnny Villages, Andreaburgh, WI 19869",45757
CUST277836,Gregory Meza,ckeith@yahoo.com,o!6t2Xp&)y,9855731778,"093 Baker Mount Suite 974, South Daniel, FL 67555",44307
CUST415590,Johnathan Hill,gcrawford@smith-thompson.com,EiZWcS*_+1,9866585433,"849 Steven Route Apt. 834, North Teresahaven, CA 64983",45290
CUST084468,Jacqueline Middleton,sandra30@sanders.com,*_L^oiBsB5,9933248029,"6145 Robinson Island Suite 115, Allenstad, VT 06153",44210
CUST919140,Mark Archer,gregory16@gmail.com,(4Sy)x(+(u,9624347861,"PSC 4835, Box 0231, APO AP 22741",45255
CUST230730,Joseph Ayala,jacobsonamanda@terrell.org,80Xz^CX^&w,9526838970,"15025 Denise Corners, Petershire, VA 41053",45613
CUST955817,John Bond,claudiagilbert@stewart-cannon.com,@!40H0lQ!y,9125957675,"Unit 3355 Box 5501, DPO AA 58101",44119
CUST209481,Kelsey Yates,rfox@gmail.com,x1!O0*GdAE,9976182103,"Unit 0188 Box 5833, DPO AP 43683",44541
CUST135369,Melanie Patrick,benjamin95@hendrix.net,q^#8QMzZDP,9381068080,"279 Peggy Plaza Apt. 583, Biancaview, MA 20892",44046
CUST939743,Brandon Williams,barnettwilliam@hotmail.com,OZM3Sum*$9,9074911874,"950 Weaver Forge, Hilltown, ME 51739",45631
CUST808797,Colleen Wagner,william16@chambers-smith.com,+0sp#Xpx((,9465575105,"49200 Thomas Throughway, Gonzalezmouth, WA 17610",45677
CUST838099,James Bailey,anthony69@gonzalez-ward.com,6YHIq3S_^8,9434447003,"080 Dickerson Crest, South Sabrina, NH 09890",45770
CUST968589,Ashley Figueroa,williamruiz@gmail.com,Ifd1(V(l@N,9364393375,"76702 Gomez Ramp, Mandystad, MN 03752",44377
CUST912546,Laurie Harrison,mirandawiggins@gmail.com,&2^xHGn#@B,9458438106,"6384 Arthur Way, Robertborough, ME 07201",45271
CUST099722,Kimberly Jenkins,lorraine55@reed-jones.net,d9(w#QYn(4,9430625676,"7755 Lamb Station, Thomasland, TX 54286",45444
CUST672278,Jeffery Tran,crystal41@hotmail.com,+5tSHYv%mv,9223718578,"USNS Cox, FPO AP 90023",45538
CUST100762,William Dalton,kmartin@yahoo.com,do2Pr30b5*,9018318159,"285 Brown Crest Suite 677, Port Craigtown, OK 64563",45487
CUST979911,Joseph Wong,troyphillips@rose.biz,*VResaSqs3,9663327963,"64500 Alexandra Estate, New Tracy, KY 14673",45528
CUST087001,Christopher Schneider DDS,gilljoseph@potter.com,)6z+Xly(6P,9473648244,"PSC 8227, Box 8669, APO AP 85948",44598
CUST123434,Kelly Harrison,nancy91@ali-johnson.com,2V5cuRih!m,9683950673,"12149 Cole Lake Apt. 210, Michaelburgh, CT 23130",45225
CUST713123,Annette Mcclure,stephen03@yahoo.com,%69!#Fo3D(,9495360696,"8166 Sosa Spur, Shellyside, NE 07205",44544
CUST264573,Peter Stevens,barry02@white.com,=+V9Ggc+Q1s,9421156920,"13884 Todd Mountains Suite 315, Youngfort, WA 07999",44420
CUST229920,Amber Moses,madisonbrown@soto.com,eV3UNjtls@,9736463901,"332 Jennifer Plaza, Kevinborough, FL 17426",44426
CUST640721,Ronald Ferrell,gainesjesse@monroe.com,u7gfS+yk$k,9511038961,"5515 Erin Passage Suite 799, West Angelaview, WA 88793",44582
CUST202044,Mallory Hernandez,lreynolds@lopez.com,+1NpMTwx3+,9462890435,"586 Tiffany Roads Suite 881, Lisaville, NJ 90281",44558
CUST826338,Megan Hickman,tommycummings@gmail.com,+4n4_IyMyW,9647906924,"01447 Watson Gardens, Thomaschester, MI 48380",45174
CUST978247,Candice Johnson,jameshickman@gmail.com,vNQk3DoRW$,9483934867,"3521 Kristen Path, Lake Frank, VT 08881",44512
CUST971698,Heather Rogers,zlong@yahoo.com,+shWWBx!5n,9552258295,"59730 Payne Fork Apt. 967, Lake Karaburgh, NH 24302",44461
CUST587512,Thomas Huff,tammy35@hernandez-crawford.info,_K6$Z@pK4e,9330454329,"USS Bauer, FPO AA 81545",45595
CUST337787,Karla Joyce,nathan52@yahoo.com,Ys0Vq$gU)w,9980454770,"2405 Mckenzie Stravenue Apt. 134, Morrowborough, VA 76342",44662
CUST556279,Stacy Ponce,cooleybrenda@gmail.com,gazWXWr3#4,9497111802,"2168 Edward Lock Suite 212, Gibsonland, OH 51639",45847
CUST330674,Leslie Mccarty,victorhall@gmail.com,+P3RFsc%$L,9124406200,"Unit 5679 Box 9961, DPO AP 90968",45759
CUST813136,Joshua Wilson,brittanywilliams@trujillo.info,n#7E+1pl%),9602784829,"62493 Estrada Freeway, West Traci, NE 11382",45805
CUST094335,Taylor Castro,parkerchristian@hotmail.com,2hPaU@o6@Q,9597345062,"PSC 4625, Box 0064, APO AP 22366",45732
CUST290178,Steven Garcia,romerodaniel@yahoo.com,Ud0Ts*Mc%8,9998785066,"8155 Dalton Neck Suite 562, Raymondside, WA 84547",45265
CUST782428,Amanda Frank,kristennelson@peters-ramirez.com,!1Y(6SOphS,9925993318,"8523 Hensley Parkway Apt. 685, Loriville, VT 43200",44211
CUST904578,Rachel Bates,amyatkins@wood.com,74G8hwFqE*,9122622094,"013 Hunt Knoll Suite 199, Jessicaburgh, KY 99656",45085
CUST711462,Rodney Walker,christopher49@lopez-hernandez.com,@7TKO0J#ih,9112827159,"052 Pearson Stream, West Williamchester, MA 12113",44042
CUST395903,Lori Kirby,pricechristopher@gmail.com,%&cVg$Ep%0,9695806932,"87844 Williams Motorway Suite 337, Lake Shawnhaven, OK 33283",45192
CUST971304,Alexis Leblanc,cliu@morris-baker.com,82kIyGCR+A,9395218136,"2638 Cindy Estates, South Jacob, WV 75306",44919
CUST986148,Jill Bryant,mccarthyronald@hotmail.com,v7Mm9cOb@x,9041146449,"USNV James, FPO AP 03142",44396
CUST003955,Rachael Stewart,sullivanjacqueline@rice.com,!1G!+Q)d46,9842232806,"029 Raymond Glen, New Kimberlychester, GA 11482",44451
CUST246808,Connor Castillo,david92@gutierrez-franco.com,=+A!eEskcS0,9435485768,"472 Joseph Cove Apt. 118, Lake Sabrinaview, NJ 10859",45558
CUST555367,Amanda Abbott,morgan65@thompson-harrison.com,G9R$gEwX&2,9688423707,"202 Caitlin Extensions, Thomasmouth, CT 27802",45535
CUST183044,Christopher Lewis,madison10@pugh-gallagher.biz,^4QX@Yvj@x,9632258854,"6680 Johnny Islands, New Elizabethside, ME 94250",45173
CUST701154,Melissa Abbott,bonniegalvan@gmail.com,%3n4xVc!MB,9414599576,"70714 Gallegos Junction, Evanmouth, TX 44969",44102
CUST486746,Tanner Martin,campbellamy@hotmail.com,+73Sr0m2^n,9843809576,"Unit 1231 Box 2430, DPO AE 35990",44110
CUST085374,Jason Rogers,nperry@gmail.com,ln%5SAcWm!,9800364224,"78397 Green Ports, West Briannaview, PA 50460",44963
CUST976383,Megan Brown,stephanie82@gmail.com,maQ0Q%yvn&,9881152925,"383 Mueller Lodge, Banksborough, VT 40516",44687
CUST359550,Joseph Garcia,charles95@evans.com,N#0!OqBcr6,9897064913,"0153 Lynch Estates Apt. 362, South Tyler, OH 84317",45083
CUST638726,Michelle Montgomery,richardherrera@gmail.com,zP7CQqtaR@,9338504365,"PSC 7803, Box 5417, APO AA 93897",44932
CUST913412,Timothy King,laurierivera@holder.org,^&kVKNvwc8,9226101336,"70016 William Trace Suite 774, Terrifurt, DE 30208",44640
CUST811223,Joseph Madden,littlesarah@hotmail.com,$SZ#294aB5,9357150914,"63821 Scott Stravenue Apt. 457, Lake Marie, VT 70381",44733
CUST227679,Matthew Roberson,zmcdonald@gmail.com,wnHbTqUc@9,9134876075,"17812 Hardy Expressway, Kellyberg, MS 72179",44986
CUST404408,Courtney Ramirez,lindsay56@cunningham-gonzales.com,D&8KNhhJpg,9398147607,"09091 Larry Circle, Lake Carolynburgh, CT 28192",45186
CUST136368,Nicholas Simpson,morrisonerin@davidson-lam.net,&j7VZQ)er5,9421795281,"1422 Robert Extensions Apt. 897, Jamiefurt, PA 04770",44666
CUST065840,Thomas Gonzalez,jesse43@yahoo.com,z_24WGrJcO,9169066429,"8540 Christina Summit, Chapmanland, MN 26915",44026
CUST767091,Marc Long,scottcarter@strickland-massey.com,^l2KnviDEu,9064993137,"146 Gross Junctions Apt. 362, South Angela, OK 70872",44096
CUST824541,Kevin Lynch,sarahtaylor@hubbard.biz,V*7Eqcs!w),9537741956,"355 Michael Burgs, Romeroshire, MO 82107",44424
CUST518691,Brett Williams,paul22@jones.com,wP*O%8Mz_a,9603486219,"307 Pamela Extension Suite 282, Sophiaborough, AL 99615",44804
CUST640524,Daniel Lozano,marcusadams@gmail.com,Iu0d47Mw(E,9203972977,"95792 Patel Hollow Apt. 743, Heatherberg, PA 98545",45447
CUST126096,Corey Ray,gregory24@yahoo.com,$wMlW!vL_3,9847685075,"PSC 0903, Box 6314, APO AA 35778",44645
CUST933280,Max Clark,csimpson@ramirez.info,4^3KVZirwx,9926063116,"3402 Byrd Corners, Bullockshire, NC 01835",44949
CUST617958,Angela Gomez,amber94@yahoo.com,&8m4VSUlQ1,9139213197,"588 Laura Pines, Whiteheadberg, AL 88017",44776
CUST748526,Lucas Smith,amberbutler@lewis-myers.com,&go7+XyDxB,9464223404,"6112 Spencer Point Suite 344, South Kaitlynberg, MT 74455",44815
CUST712964,Brian Guzman,carol76@hotmail.com,)^0fUMx0LB,9679595885,"PSC 5350, Box 3518, APO AP 54407",45112
CUST830604,Michael West,hannah24@gmail.com,X*a4YjSwCe,9918753998,"769 Carrie Ports, West Tylerland, AZ 18718",45185
CUST851328,David Frederick,natasha30@mckinney.net,3N0A)TXh_0,9652349236,"505 Stanley Lodge, Edgarhaven, KS 12316",45706
CUST929253,Nicole Stewart,donna61@norton-sullivan.com,Q9LQ9Uk%@r,9135757781,"820 David Views, Cassandraside, LA 20653",44961
CUST774736,Destiny Johnson,robersonadam@wolf.com,xy34TAf@W!,9394697468,"5360 Dixon Mews Suite 022, Williamsbury, HI 60754",44717
CUST936767,Michael Sanchez,brittanyschultz@yahoo.com,^z2zDEpq^1,9574920116,"03743 Jackson Views, Stefanieshire, LA 94438",44471
CUST541556,Emily Weber MD,thomaslopez@gmail.com,YS7IpFbC^x,9029014333,"481 Diaz Ville Suite 912, South Tracy, AK 55763",44264
CUST407345,Robert Harper,arivera@hotmail.com,10$XBnv2(f,9844363181,"9728 Smith Tunnel, South Christopher, NE 92413",45508
CUST317966,James Fuller,bryansmith@jones-davis.com,Z07E1u@f+s,9326298217,"35189 Emily Ranch Suite 695, New Erica, CO 67008",44635
CUST046787,Jessica Ellis,fjohnson@hotmail.com,+0WWZ_lg7X,9636925062,"234 Tyler Mall Suite 821, North Kathy, SD 82637",45303
CUST400638,Leah Wise,tmarshall@hotmail.com,(p5jEAaVbK,9622475869,"USNS Walker, FPO AE 20129",44386
CUST174466,Melissa Roman,vanderson@becker.com,2+4^MwjA&3,9857103458,"USNV Jones, FPO AE 55348",44202
CUST919495,Cathy Bush,elin@williams.com,6_Q3ng^g+$,9701657177,"840 Jones View Apt. 113, South Stephenshire, MI 07389",45615
CUST685265,Jessica Torres,znewman@gmail.com,w#&6Qxjb#J,9106747535,"57725 David Knolls Suite 784, Lake Susanhaven, ID 86118",44349
CUST153442,Todd Jennings,carsonchase@davis-nichols.com,)F%Bp1Bj6z,9999711146,"683 Mann Flat, West Karen, CT 42425",44133
CUST625793,Margaret Collins,tracy05@perez.com,iX(zKrgV!5,9767691934,"566 Linda Road, East Sandra, VT 61899",45595
CUST909286,Sharon Cabrera,matthew28@perry.info,5+6!EAy32O,9497869018,"PSC 1181, Box 9223, APO AE 04740",44781
CUST100892,Kathryn Weiss,garciakenneth@crawford.com,m^e_lu3dpC,9205455993,"56405 Michael Points, South Deborah, NH 04351",44956
CUST962718,Angela Malone,michelle23@gutierrez.org,+22nRxFnN2,9278550941,"94037 Odonnell Crossroad Suite 490, Smithtown, VT 14431",44475
CUST225014,Kathy Walker,zrobertson@gmail.com,5(aUPzhh$D,9781849027,"92631 Green Island, North Barbarabury, AZ 06957",45793
CUST639022,Jonathan Petersen,philipcombs@wagner.com,F_J1N*Zp!H,9707433731,"98300 Michael Ways Suite 014, North Sophiaville, OR 62163",45157
CUST829578,Sean Coleman Jr.,valerievillegas@torres.com,&&6K^8ln7F,9527633242,"6381 Melissa Freeway Suite 724, Jasminemouth, FL 89798",45644
CUST168029,Robert Lynch,robert82@stephens-lloyd.biz,#2v7U&Tz(B,9862875256,"6023 Steven Court, West Jonathanchester, CA 41045",44186
CUST982270,Michelle Horton,wellsalexander@casey.biz,I$Eb3Tfksj,9200682206,"427 Roberts Lakes Apt. 733, Evanstown, DC 14946",44928
CUST270492,Michelle Stephens,xware@gmail.com,51KDrP*)@0,9552300420,"PSC 6304, Box 6407, APO AA 87979",44120
CUST798433,Tammie House,eboyd@sandoval.com,6eGD^nRd!Q,9774608690,"826 Kayla Extension Apt. 792, East Nathaniel, MD 55528",44325
CUST954288,Jonathan Fowler,itaylor@hotmail.com,0Uh+a(ub!x,9432447671,"02192 Gonzalez Rapid, New Christina, SD 07485",45217
CUST779515,Jason Jacobs,bhorton@hotmail.com,WV*91nUv2+,9024580681,"741 Robert Summit Apt. 008, New Katherine, MO 50733",44611
CUST014310,Amanda Morris,stephaniecurry@hotmail.com,I%MHZ5vh&2,9635495532,"PSC 7544, Box 1692, APO AE 01419",45371
CUST023472,Christopher Nguyen,ebaldwin@hotmail.com,(Qw_6YczaP,9559925723,"Unit 7268 Box 6288, DPO AE 84493",45095
CUST955577,Katherine Jones PhD,vquinn@johnson-russell.com,Gk*Wg5TmdA,9295695324,"5430 Jeremy Shoals, Smithfort, TN 75603",44592
CUST553191,Dr. Lisa Powell,mendezteresa@roberts.org,_i10LMAmh!,9727683470,"21159 Elizabeth Dam, West Kimberly, MI 57709",45061
CUST702671,Laura White,rsummers@love-deleon.net,d4IBCOPE_3,9777666640,"0171 Tonya Hollow Suite 587, South Erikaview, MT 02462",44028
CUST757261,Karen Hale,baileyamber@morgan.com,KzA&DmJp!4,9583869233,"Unit 5000 Box 8039, DPO AE 02175",45346
CUST495429,Dylan Torres,hbarnes@harper-gross.biz,h!k2c4)n@A,9769371584,"9903 Gabriel Extensions Apt. 347, Chanfurt, UT 03029",44888
CUST468132,Michael Bell,jamesroy@yahoo.com,(pfWe1RePI,9100930389,"95620 Spears Row Apt. 425, East Brittanyshire, AK 86648",45152
CUST781297,Alexis Johnson,irwinsarah@weiss-bennett.org,THhe5MfLU@,9325136708,"458 Tonya Street Apt. 265, Charlesmouth, MI 38120",44537
CUST644142,Thomas Williams,john10@pena-perez.com,)Qxf82Up0G,9465604630,"3661 Jim Light Suite 904, Haydentown, ID 09831",44118
CUST369659,Zachary Collins,mfitzpatrick@peters-farrell.org,^eDGIkaj07,9804859217,"USNS Ray, FPO AP 17090",45424
CUST423903,Arthur Miller,amanda09@gmail.com,%71UXti9ZL,9233551186,"87814 Franklin Point, New Clinton, OK 81359",44984
CUST428505,Kevin Johnson,dillonsharon@yahoo.com,@3#O2OSf#*,9748990497,"5715 Clinton Parks Apt. 806, Davidville, PA 30645",45646
CUST079333,Teresa Cook,payneamanda@yahoo.com,L5M)z7Qb(s,9094504743,"9532 Becky Well, Sarahfort, IL 56674",45146
CUST512959,Lisa Johnson,ycox@tran.info,(9LRIGgk$3,9733894420,"282 Bowen Stream Suite 504, Amandafurt, AR 15595",45698
CUST285608,Vanessa Quinn,starkmalik@hotmail.com,*n0UJ#btY9,9031196804,"Unit 0766 Box 7625, DPO AA 29890",44977
CUST074639,Jennifer Wyatt,shawn79@hotmail.com,)_9RbgngNO,9700171132,"831 Michelle Isle Apt. 265, Lake Maxwell, RI 94656",44064
CUST416451,Henry Poole,kathleen98@perez-manning.com,G#N1PzMdoV,9600371560,"57582 Kathleen Estate Suite 453, Rebeccaburgh, IN 18101",45846
CUST945218,Connor Brown,jeffrey06@gmail.com,84ZSbtx()y,9082959408,"59431 Fox Prairie Apt. 558, Thomasborough, WA 63852",45009
CUST806095,Stephen Townsend,perezcarol@hotmail.com,$H5B3)Ji3y,9918604327,"6228 Colon Pike Suite 860, Lake Zachary, NC 02743",44359
CUST823027,Sarah Hernandez,harrisonmichael@hotmail.com,_3OspXUcPX,9168981067,"USNV Mitchell, FPO AA 03628",45706
CUST339425,Dr. Sabrina Scott,curtisvang@west.biz,AU@5SsbY4t,9327900639,"3579 Cooper Trace, Morrisonland, VT 91869",44345
CUST720133,Logan Brady,sarah10@wilson.net,#6Tn(KIqL(,9047502318,"84678 Sullivan Springs, New Jamieport, GA 48364",44343
CUST785892,Brittany Walker,milleraaron@gmail.com,$m6qwK)vIl,9321819080,"39864 Hill Path, East Mathew, IL 22193",45485
CUST815014,Robin Phillips,douglas42@vance.com,$K+w5I!lZ),9239206537,"6289 Dean Park Suite 365, West Bonnie, SD 63413",44245
CUST553407,Michael Miller,fisherchristopher@johnson.com,igr8bMYd*6,9794114354,"764 Keith Parkways, Powellside, NJ 15000",45153
CUST454380,Derrick Johnson,reevesscott@montoya-morris.com,Pm0AIz$q+G,9631541876,"876 Barbara Square Apt. 443, Haynesberg, NE 85638",45715
CUST901429,Edward Kline,matthewnichols@taylor.net,_unTX)eJ!9,9285187452,"48943 Arellano Overpass, Jennifermouth, NC 74713",45103
CUST299363,Cynthia Parker,thomasortega@medina.com,@*Lg0u@hF2,9407589222,"0424 Williams Path Apt. 758, Rayville, CO 65605",44080
CUST451126,Virginia Hill,ysmith@drake.biz,@^9K8LYk&X,9293036983,"96516 Barry Unions Apt. 503, Teresabury, RI 56876",44549
CUST346886,Brian Jones,jamie78@hotmail.com,^7H3NUUa!4,9132573999,"9872 Jessica Village, New Johnberg, DE 08210",44086
CUST529038,Matthew Cohen,shirley22@hotmail.com,9&lTWV*o%8,9823675280,"095 Smith Mill, North Wendyside, WA 35436",44200
CUST628906,Samantha Hill,danielle42@yahoo.com,%9^MA@Enj0,9178835151,"85623 Jackson Parkways Suite 894, Brownview, MN 83059",44944
CUST362533,Tony Warren,lisajohnson@coleman.com,%R90%M%dg),9217835114,"USNV Higgins, FPO AE 33779",44772
CUST135297,Michaela Livingston,kelly18@white-melendez.com,&nkMm_l05A,9914160948,"20392 Gardner Ranch, Yeseniastad, HI 96662",45785
CUST910015,Reginald Wallace,lowemaurice@baker-alvarez.org,!61C6X(v$c,9371222895,"3949 Wang Club Apt. 776, Peterbury, MO 78687",44861
CUST329854,Omar Mendez,kevintorres@reilly.com,VB2TgY4Y&l,9301458961,"791 Jones Vista, New Yvette, NM 89892",44271
CUST619800,Kevin Garcia,ecollins@lee.com,j4pD9ITc$N,9149386376,"834 Brown Way, North Brookeland, MT 29030",45708
CUST486681,Amanda Jones,justin73@wright-rodriguez.info,M2189On*a&,9149552480,"02849 Smith Inlet, North Dustinfurt, NC 94929",45001
CUST458497,Rachel Peck,bmarquez@williams-lee.com,)sTXB6aU3#,9543670810,"7114 Hicks Land, Davidtown, MN 98309",44863
CUST879950,Todd Shaw,angela07@yahoo.com,s$35Z45i@4,9427097466,"496 Jose Drives Suite 742, Simmonsfurt, IN 78609",44585
CUST944832,Edward Simpson,grossjulia@flores.info,^30$M9BIbj,9977874181,"896 Santiago Mill Suite 983, Oconnellshire, OR 74838",44348
CUST102155,Amy Daniels,ecasey@hotmail.com,$q!l2KCvM(,9786201421,"764 Walker Flats, East Erichaven, KY 30193",44239
CUST474815,Sharon Watson,wayne63@yahoo.com,DBnoZJpL$7,9711826438,"3592 William Street Apt. 746, Lake Gregory, VT 88235",45532
CUST036906,Matthew Perez,jefferyfernandez@hotmail.com,&s7hV1XjE!,9880457764,"50739 James Brooks Apt. 800, Hannahton, MS 63702",44260
CUST562344,Joanna Allen,nmartin@yahoo.com,z*%l3Obn_I,9098483002,"734 Margaret Overpass, North Peter, NY 05102",44630
CUST795903,Kevin Gregory,carlystafford@yahoo.com,7gaRt7@l$R,9402726966,"12310 Holmes Station Apt. 925, Mccormickstad, DC 84303",44504
CUST730164,James Church,eward@white.org,Nm0g@CNti_,9477581691,"PSC 2468, Box 1145, APO AA 24968",45127
CUST784376,Kevin Bryant,carolynrubio@guzman.com,97sPj*D)_E,9004075776,"203 Joseph Shoal, South Josephhaven, WI 48129",45152
CUST763263,David Brooks,heatherwallace@gmail.com,T+Z3Epsyhh,9906672341,"285 Nina Keys Suite 856, East Laura, NV 44168",44804
CUST064232,Jordan Barajas,bmiller@hotmail.com,4aoD*xd!$p,9620302586,"Unit 0182 Box 4158, DPO AA 84020",44966
CUST477962,Debbie Anderson,gregorymeza@gmail.com,@zMOmIosD3,9523180486,"052 Catherine Loop Suite 595, Port Jorgeside, KS 21201",44568
CUST672474,Amanda Gonzalez,onealscott@walker.com,(38NqVJgrn,9555030834,"873 Yang Plaza Suite 347, West Patrickfort, NC 34492",45810
CUST160519,David Ellis,jonathanburton@stewart.com,c^T6ahXl6&,9943425097,"447 Jones Radial Suite 034, Rhondafort, MI 59983",44913
CUST098765,Katelyn Morris,david41@howard.org,e&KgKp9d_9,9690615198,"885 Reed Fields Suite 747, Davismouth, KS 86095",44032
CUST429317,Jonathan Smith,karenromero@morales.org,wt^_5OMqQd,9582821746,"15030 Jensen Stravenue, West Alexandraside, CT 27551",44689
CUST262322,Joshua Glenn,zschneider@hotmail.com,(+S8NKsoyU,9268824222,"542 Jared Ford, North Angietown, AL 89111",44688
CUST019762,Gary Collins,ndavis@mccormick.org,^iRtfL3^02,9051965041,"415 Sabrina Street Apt. 439, South Jon, UT 73402",44477
CUST967024,Kayla Nolan,laura87@rodriguez.net,*Y9esLyZGl,9302212938,"2706 Arroyo Unions Apt. 427, North Zachary, HI 44922",44141
CUST385613,Dawn Hughes,heatherharrington@browning-rodriguez.com,$Fv4TNv4fE,9062331758,"PSC 2387, Box 7069, APO AP 85675",44134
CUST336776,Anthony Noble,nsmith@walker-white.com,9eH7+B7c*5,9545492070,"363 Katie Corner Apt. 095, West Amanda, SD 47600",45343
CUST458500,Samantha Perez,richardhiggins@torres.com,2q0PAuTFc+,9165180634,"7940 Shannon Mountain, Johnberg, NV 62129",44209
CUST837347,Kimberly Anderson,taylorsamuel@long.com,%!vXGuBau5,9559007145,"19532 Courtney Creek Apt. 532, East Christopher, OH 43324",44039
CUST880114,Teresa Dorsey,gravesanthony@nichols.info,0&DNkbbY&B,9290615561,"7273 Esparza Knoll, South Mariahside, LA 15056",44714
CUST169934,Kevin Case,pdickson@diaz.com,JmRf6KGrB&,9295781181,"901 Hailey Passage Apt. 342, East Dakota, MS 28476",45491
CUST391849,Kathleen Mercado DVM,ddiaz@yahoo.com,48S)fHwG%C,9299186101,"19366 Jensen Canyon, Davidbury, WI 77652",45505
CUST712448,Meghan Pineda,dariusvelazquez@murphy.com,@5T%g2ctnK,9239934008,"644 Henry Summit, Clarkton, WA 29152",44133
CUST999595,Barbara Clark,stephenperez@gmail.com,2(GOSxYh_E,9163517612,"PSC 7629, Box 5432, APO AP 26221",45648
CUST051761,Christopher Black,halebrian@gmail.com,86#4ZrxK8e,9482658647,"89791 John Cove Apt. 718, Shawnview, NH 01168",44884
CUST526713,Edward Cooper,ispears@dean.info,*JKub_tks1,9767816844,"56003 Stephanie Heights, Valdezberg, NY 88344",44404
CUST232751,John Beasley,gillholly@rose-williams.com,SO0ZNyUeH&,9557655818,"297 Steven Junction Suite 820, Brewerbury, MO 27166",44454
CUST888875,Pamela Price,burnetterik@allen.biz,R7cfxsDmq^,9633214056,"32748 Linda Lakes Apt. 772, Kathleenside, MN 23276",45302
CUST272124,Hannah Parker DDS,joshuareeves@gmail.com,dG0UI6GyL@,9870448756,"Unit 2754 Box 4973, DPO AA 75743",45515
CUST303223,Jamie Ortiz,robinsonjesse@hotmail.com,8f)7rJnNuI,9981052646,"1018 Chen River Suite 124, South Jesseland, GA 61336",44648
CUST786865,Luis Scott,richardsclayton@hotmail.com,2uKb51mv!2,9936899966,"4551 Martinez Via, Piercetown, VA 52742",44099
CUST898505,Amber Olson,qcarter@dudley.info,%(hUdabm)5,9609115223,"8120 Steven Valleys Apt. 613, Haroldbury, KY 33734",45125
CUST255408,Jennifer Harper,vsims@moore.com,#YqKIwNrt0,9695469197,"66715 Gonzalez Isle Suite 545, Alexisborough, KY 77744",45642
CUST387783,Adrian King,anita39@gmail.com,G7083!IpS@,9169741628,"USNV Rodriguez, FPO AE 62928",44539
CUST602892,Robert Nelson,erin48@gmail.com,5ms$4IiO%Z,9136254285,"63508 Thompson Drives Apt. 715, Port Traceyburgh, OK 06648",45322
CUST668770,Michelle Boone,elizabeth23@yahoo.com,C#^%DCeo+3,9825083983,"3626 Sarah Neck Apt. 230, Carolport, VA 00913",45395
CUST244684,Jason Rivera,vlogan@gmail.com,&vVIEkKo9J,9872243657,"8995 Huber Harbors, East Brittanyton, AL 95189",45110
CUST054144,Thomas Logan,jbautista@gmail.com,a6)K)yih$U,9094606943,"01482 Scott Square, Freyfort, DC 05906",45443
CUST713214,Lance Colon,cheryl24@harris-richardson.biz,!n$v9YEiwj,9210252759,"01659 James Views, South Paul, OK 19333",44390
CUST760368,Rodney Nichols,areynolds@hotmail.com,7&7I$*wCFl,9391641606,"2657 Morrison Locks, Port Teresa, WA 54697",45730
CUST606185,Robin Davis,khernandez@yahoo.com,^Il)Fo7$N9,9780347930,"267 Regina Mountains, Julieburgh, PA 17934",45568
CUST281397,Jodi Richard,natalietownsend@hernandez-payne.info,9k5LMMNff_,9838809935,"50132 Montgomery Viaduct, Port Robert, MS 21752",44055
CUST434905,Eric Nichols,ssmith@bennett.info,&%*24dD8Uq,9767344567,"Unit 9228 Box 9399, DPO AE 58958",44253
CUST410062,Glenda Shelton,spearskatie@rios.com,_8I18Ayo!u,9457945900,"0784 Sanchez Gardens, Whitneytown, MS 05176",44483
CUST323590,Gabriela Jones,kevinjames@hotmail.com,3h#1HJ5u%!,9028147163,"153 Hardin Turnpike, Benitezmouth, NJ 93270",44936
CUST342545,Adrian Thomas,perezpamela@gmail.com,Z)9DboM7vd,9171727752,"686 Arnold Ways Suite 268, North Kimberly, CT 54224",44031
CUST482986,Destiny Martinez,edwin32@yahoo.com,%8Mj^eEcgj,9429089712,"9873 Cannon Views, West Kimberly, AK 30751",45553
CUST445400,Candice Peterson,blevine@gmail.com,+4ZEI9l!@U,9633418287,"Unit 3463 Box 1557, DPO AE 69561",45615
CUST734983,Shari Campos,jenna62@ortiz.com,c$2lOZgi5^,9690134922,"91928 Matthew Key Suite 182, Port James, NM 83588",45133
CUST903801,Veronica Robertson,patricia67@hotmail.com,w(5PAVuT(d,9533259792,"5866 Miranda Plain, Fosterburgh, MA 28986",44313
CUST021824,John Watson,johnsonmichelle@robinson.com,$n1VPi@p%1,9834452327,"865 David Extensions Apt. 272, Jasonland, VT 16024",44297
CUST403279,Jon Underwood,scarter@bell-pitts.net,M$!0F1_jEF,9971580720,"653 Harding Divide, Smithton, UT 44546",45837
CUST318531,Michele Ayers,reidmatthew@stephens.com,w8UZE4ga_4,9551681298,"23264 Boyer Vista, North Matthew, GA 49467",44885
CUST855836,Nicholas Moody,andrewmiller@reilly-thomas.org,K%*7JC(x!Z,9079835865,"4664 James Plaza Suite 522, South Kevin, NM 12760",45061
CUST870570,Morgan Stewart,brittanyreyes@gmail.com,@u)4Q4&u8h,9365430119,"333 Mcneil Inlet, Port Sean, VA 87656",44103
CUST003151,Chris Davenport,michael81@edwards-fernandez.com,jdF0E4G^J@,9997171504,"73921 Dean Station Suite 988, South Stephenfort, WA 84357",45190
CUST250955,Christopher Stevens MD,erica86@sims-wise.net,i9EgDK6)(u,9454516805,"37342 Williams Mount Apt. 761, Andersonside, DE 06049",44416
CUST553903,Mr. Cody Burke,bryantshannon@johnson.net,ymN1&AAb$t,9555820998,"9867 Melissa Bridge, Kathyville, NM 94743",44482
CUST379965,Ricardo Collins,stephen88@gmail.com,_YD63)MpuG,9064876618,"1067 Alexander Crest, West Stephen, AK 13023",44759
CUST722492,Krystal Morris,uenglish@villa.com,#I&9A2z!Tn,9947281174,"5488 Christopher Wall Apt. 759, Reedtown, OK 73796",45219
CUST313809,Jared Jones,lrandall@mcdonald.org,g$6J)MRrPw,9450994182,"28217 Brooks Courts Apt. 498, North Autumnshire, IN 43844",45550
CUST047270,Tamara Bowman,garrettjames@yahoo.com,&SLskTxvk9,9467970744,"20133 Carrillo Trail Suite 867, Camposmouth, NJ 58650",44719
CUST696461,Rachel Davis,codymorris@lawrence.org,_zTYuPh69y,9220525353,"044 Porter Mall, Lake Rebecca, FL 95606",45402
CUST402850,Melissa Hernandez,emilyjones@gmail.com,6Y2#4rgm5_,9919980600,"8849 Duane Passage Suite 464, Lopezview, OK 15806",44381
CUST527304,Rebekah Allen,zachary00@diaz.com,9g+9Ac&u5T,9258801686,"4078 Terrance Burgs Apt. 102, Katherineton, MN 48823",45374
CUST491276,Brian Parker,ehoward@smith.com,=+XTunx3IC6,9641450754,"9003 Gonzalez Mission, Port Richardtown, LA 81955",45453
CUST118836,Roy Woods,fernando23@yahoo.com,&0fJrugfwh,9400948839,"667 Vazquez Prairie Suite 481, Adamburgh, TX 22018",45788
CUST586823,Cynthia Lyons,toddmichael@yahoo.com,eh)z2D+gvd,9482565857,"399 Morgan Meadows Suite 329, Lake Susan, AK 22082",44618
CUST933390,Jennifer Atkins,esantiago@myers-garner.com,O00V#qn&#1,9291915913,"44719 Manuel Tunnel Suite 851, Wrightfurt, UT 30377",44507
CUST813065,Blake Williams,matthewsuarez@gmail.com,W0Y#YClW&1,9920203170,"USCGC Reynolds, FPO AP 42694",44577
CUST876537,Sandra Reese,rfreeman@roberts.com,D$P2Nfkfna,9322974056,"121 Diaz Prairie Suite 992, North James, AK 85667",45583
CUST613322,Elizabeth Ayala,charlessavage@randall-martin.com,78^LCc0S+2,9218363531,"969 Jesus Villages, East Sarah, VT 72902",45298
CUST694037,Lindsay Lindsey,watkinstodd@gmail.com,$MY68B5tPQ,9956106515,"99860 Joshua Court Suite 777, South Jeremyland, RI 42026",45685
CUST710089,Mary Lloyd,amy75@yahoo.com,FL8JNUa_)+,9444717534,"08892 Tiffany Shore Apt. 969, West Cherylland, ME 79013",44921
CUST383674,Cindy Clark,jfrench@wilson.com,bP&%9ANx6$,9660008222,"91164 Erika Crossing Suite 120, Christopherville, MT 24356",45240
CUST154231,Sierra Montoya,oliverjulian@hotmail.com,$9M#Ytm&8q,9236123432,"USS Payne, FPO AA 44931",45577
CUST808158,Brittney Baker,daniellong@coffey-harding.net,#9(T8VqDOk,9358227191,"5200 Steven Green Apt. 487, Francoville, MO 09407",44357
CUST671259,Misty Ramsey,jesse27@garrison.info,%D20^Fb%&1,9966029425,"497 Alexander Parkway Suite 322, Port Stephaniehaven, MN 11169",44884
CUST495687,Meghan Carter,jasontorres@parker-farley.com,)Vp@1w8dx8,9251846195,"736 Decker Trace Apt. 053, New Jessicamouth, VT 87915",44275
CUST691263,Erin Shah,jacquelinenorton@barber.info,^m4w@L2y4#,9721845415,"22963 Gomez Motorway, Lisabury, MO 26862",44942
CUST802633,Chloe Foley,juliabrown@hotmail.com,qdc8rAr0!c,9264610346,"39747 Jerry Ports Suite 151, Abigailchester, MS 63920",45314
CUST426244,Sonya Lucas,mcdonaldkristina@riddle.com,%(6PAA(ev4,9290143285,"1559 Jose Landing Suite 324, West Courtneyberg, AL 02004",45109
CUST072521,Benjamin Anderson,tjacobson@white.com,t5HX+z^g(V,9712154476,"198 Collins Plain Apt. 036, Piercemouth, SC 63486",44624
CUST905150,Karen Richards,theresa21@yahoo.com,Y9Wj#d+w+f,9925919772,"543 Oliver Via Apt. 143, East Kevinstad, WA 30903",44937
CUST888514,Mike Ryan,brianjohnson@yahoo.com,*!77DAj#u1,9911863746,"27420 Reed Locks, South Jameschester, KS 09871",44879
CUST321490,Savannah Miller,simpsonkaren@horton.com,%bSXth#e3u,9569244763,"769 Skinner Skyway Suite 992, Lake Teresa, GA 13142",44501
CUST532540,Cynthia Booker,michaelarmstrong@hotmail.com,v((5#AUXyo,9052189413,"68318 Edwards River Apt. 483, Melissashire, NM 81503",45761
CUST160498,Jason Beltran,valdezbrandon@burgess-cox.org,*7XGqo*6!Q,9098904999,"516 Chavez Row Suite 186, Marymouth, MI 85850",44236
CUST739599,Amanda Stafford,ugalvan@hotmail.com,jF)Yo1Kx2I,9200476673,"USNS Fisher, FPO AE 14170",45089
CUST376230,James Thomas,tiffany03@martinez.info,U02FL%3x)G,9611878395,"PSC 8841, Box 4065, APO AE 94963",44848
CUST902746,Maria Strong DDS,robinsonjordan@ramirez-petty.com,4gmc_YXB@r,9999085466,"45579 Buckley Neck, South Markbury, KY 27393",45078
CUST803893,Shelley Rosario,ramirezrobert@smith.net,o(r6Rkpa0V,9565783126,"42686 Tasha Ranch, Cherylberg, ME 97114",45508
CUST707181,Tiffany Estrada,nathanbrandt@hotmail.com,_670Qdx*U4,9455610391,"4523 Baird Crossroad Apt. 294, West Isabel, MA 02201",44406
CUST031496,Tammy Bender,robertlowery@gmail.com,#BD4+Bra57,9408914195,"0921 Lisa Ford Suite 770, Kevinmouth, CA 29782",44526
CUST176310,April Richards,kinglauren@wilson.com,*w0)C3Iy(w,9562535096,"712 David Crescent Suite 340, Christopherland, SD 11995",44671
CUST191837,Mariah Lee,james92@maldonado.com,XH)mOWua(3,9889223938,"94978 Dennis Shores Apt. 522, Martinchester, MA 25785",44664
CUST728149,George Rose,jameswalsh@yahoo.com,L41TCh9l&6,9217938227,"Unit 1692 Box 8365, DPO AE 46532",45011
CUST968995,Jacob Davis,casejoshua@hotmail.com,2G2H+_egi^,9994748146,"32949 Gina Locks, Greenemouth, AK 97162",44476
CUST647751,Jasmine Dixon,colleen26@yahoo.com,y+Z$8KRwec,9920724105,"222 Potter Inlet, North Sherylshire, WA 90742",44201
CUST194925,Zachary Carter,pattersonmichael@gonzalez.com,!08kTcHzO*,9287413116,"9378 Dorothy Valleys Apt. 601, Brandonborough, OR 58646",44870
CUST944351,Rebecca Jackson,qbarber@brewer-thompson.com,^KX5tEWxWi,9007312455,"0347 Williams Village, Martinview, TN 83867",44389
CUST461090,Harold Jackson,jenniferweeks@villa.net,fO48Kx0f$1,9871467221,"2967 Lauren Motorway, West Williamberg, AR 05384",45424
CUST370014,Nicole Santos,xmoody@yahoo.com,*(6f7hInyz,9555379349,"595 Anthony Centers Apt. 477, Sarahtown, AZ 01385",45623
CUST023333,Anna Perry,dawnpatton@chang.com,Br2wcIc#K$,9310486571,"6582 Brandon Heights Apt. 397, Gibsonborough, NH 22848",45798
CUST645847,Dr. Jesse Ryan MD,upeterson@hotmail.com,!gYlsjxFl0,9121066397,"13647 Ashley Walk, East Brittanystad, GA 48185",44283
CUST566159,Aaron Vance,stevensontimothy@blair.com,U)6xHrLYYi,9252222811,"Unit 4722 Box 5689, DPO AA 31292",44842
CUST446669,Alicia Hernandez,hector25@jones-bowman.net,$1Bh8#Qft@,9941288307,"00474 Smith Street, West Gloriafurt, NJ 12428",44476
CUST517823,Laura Miller,jennifer91@hotmail.com,&57R1Xlrl0,9721211941,"016 Thompson Mills, West Mathewtown, AL 03843",45532
CUST570269,Regina Green,nhart@gmail.com,5Y+8NvBPQ9,9048460489,"605 Hull Station Apt. 320, Scotttown, WV 23635",44185
CUST653041,Oscar Long,pamelaschaefer@jones.net,$M9OmC$ln4,9161362317,"77916 Jenkins Neck Apt. 420, Carlmouth, OK 50296",45456
CUST843792,Dustin Tran,moralestonya@yahoo.com,*(56ArHywe,9380980157,"Unit 9994 Box 3173, DPO AP 44519",44778
CUST055036,Jennifer Stewart,cobbjordan@hotmail.com,^0CCfh3a#M,9814437051,"892 Tyler Mall, South Robert, MT 77761",44228
CUST209791,Vanessa Camacho,alexissnyder@hotmail.com,#XjWM*qag7,9283957904,"955 Livingston Mission Apt. 836, Port Cynthiaport, NY 15130",44764
CUST772707,Carl Guerrero II,stevenweber@sanchez.info,&%7ZukJOl1,9607865311,"154 Mcgee Falls, Spencermouth, WV 78183",44215
CUST892300,Mark Walker,stacey73@hotmail.com,@K3Cp#7bd9,9672363169,"72165 Miranda Way, New Annahaven, RI 84457",44613
CUST320079,Kathy Hamilton,steven75@erickson.org,tI8RJzp2^%,9719266039,"37086 Maria Hills, Alicialand, ID 48306",44326
CUST029131,Julia Le,cruzlaura@walker.biz,_hC0hSIz8S,9418169897,"651 Weaver Point Apt. 365, Port Williamland, ND 83518",45563
CUST040086,Natasha Mcclain,rpowers@hale.info,5+JrQ&d%#R,9461507255,"093 Vincent Road, South Russellland, CO 88994",44401
CUST604914,Michael Smith,kennethallen@christensen.net,1+)97L3Oom,9432488439,"8905 Angela Lodge Suite 279, Sallyfurt, NV 68881",45234
CUST772780,Patrick Parker,esparzamadeline@yahoo.com,!JRaqBwQ6(,9094474524,"15912 Ricardo Cliff, Davenportport, DE 72229",44734
CUST084698,Justin Clay,brian62@gmail.com,Cgm8Ri7b$!,9544516421,"741 James Inlet Suite 644, Johnsonchester, NM 36099",45558
CUST101786,Christy Carter,higginsmary@yahoo.com,_2CEFXWwb3,9722369460,"887 John Stravenue Suite 576, Lake Kristina, TX 59422",44278
CUST055668,Gary Williams,llara@hotmail.com,bzfU5Iap(),9683001866,"PSC 7143, Box 7718, APO AA 66418",44791
CUST572538,Kiara Rodriguez,craig15@hotmail.com,p&84$DBy7f,9276775942,"14411 Stewart Village Apt. 777, Charlestown, IN 58929",44172
CUST586943,Charles Valencia,sanchezmatthew@robinson-myers.com,@0!8DQjt0@,9489171636,"6605 Anthony Stream Apt. 182, Port Devon, LA 22214",45418
CUST570679,Elizabeth Alexander,alvarezcalvin@gmail.com,fqS15KHb&+,9441506154,"00829 Aaron Cliffs Suite 633, West Jonathan, LA 31215",44055
CUST579599,Nicholas Hicks,lindseycasey@yahoo.com,z!8$DT$cxF,9201126523,"USCGC Schwartz, FPO AP 19388",45188
CUST217566,David Smith,pmiller@wallace-cunningham.com,CS)3wGtgCP,9060021842,"22161 Joshua Brook Apt. 981, New James, VA 33649",44131
CUST994071,Seth Gilmore,sarahwalker@yahoo.com,!3@Y@J3dGo,9178606500,"865 Carlos Pines Suite 615, West Charleshaven, MD 43952",44049
CUST498851,Tina Pruitt,cgarcia@marquez.com,(@suCy%W!4,9134406183,"30859 Victoria Underpass Suite 611, West Vanessaview, AZ 18986",44904
CUST218058,Jennifer Stewart,kendrafrost@gay-mills.info,=+b3niMogG3,9349357500,"79980 Jason Parks Suite 680, Rosalesside, TX 22246",45774
CUST362057,Juan Wells,xlove@serrano.com,3&H8XVzcy1,9463154506,"587 Byrd Mews Apt. 814, Ruizmouth, MS 84295",44047
CUST116515,Andrew Robinson,mcdonalderica@morris.com,!gy9PGpW&9,9324388754,"USS Walters, FPO AE 02549",45711
CUST953619,Jerry Barrera,monicahorn@swanson.biz,%LM7*iCt7*,9156963367,"932 Dale Vista, Johnstonmouth, IA 66185",45580
CUST758967,Debra Gregory,richardsalazar@flores-turner.com,m_9NERccbA,9718596799,"7965 Butler Circles Suite 974, Port Courtneytown, MI 35286",45182
CUST396030,Stephanie Turner,kennedycarla@moses-lewis.com,y4FSCzNm_c,9152262658,"44553 Foster Rapid, East Amy, MA 05246",44671
CUST495539,Kurt Barnes,sparksholly@bright.com,ehq3Kjp2^n,9716853835,"0852 Joseph Forest, West Jeffreybury, PA 77899",44163
CUST690153,Curtis Harmon,william63@hotmail.com,z$%7gOlg4y,9546678297,"27242 Salinas Garden, North Tracey, MO 55847",44789
CUST910128,Marisa Hart,pbell@hotmail.com,%_2bVc6uun,9865422637,"759 Katie Spurs Suite 919, Port Larryfurt, PA 08456",44386
CUST114766,Shannon Smith,mallory81@spence-brown.org,E5PV+$gv(*,9209533416,"1079 Garcia Pike, East Joseph, AR 66995",45459
CUST200707,Alicia Russell,sandrawatson@yahoo.com,$qW&BpCnE8,9433276802,"364 Johnson Estates Suite 421, Hawkinsfurt, CO 51412",44255
CUST454098,Daniel Graham,mvillanueva@yahoo.com,f)3&mD@sac,9614252016,"147 Mary Corners Apt. 717, West Andreashire, MN 82290",44086
CUST523493,Nathaniel Henry,ialexander@white-reese.biz,)^U3ItZo)4,9027813688,"15598 Lindsay Valley Apt. 292, Beckerchester, LA 65587",44722
CUST592254,Denise Ponce,uflores@hotmail.com,B$5WA_pb&t,9289659725,"691 Charles Haven, South Stephaniemouth, DC 18822",44243
CUST859810,Janet Moore,mary42@melendez.com,aH3N@hOp*b,9555501602,"516 Harvey Views Apt. 288, Fordfurt, AR 91297",44918
CUST058523,Benjamin Williams,pamelabray@smith.org,tq8SX$Cf@^,9866366849,"83519 Christy Cove, Heatherstad, MT 70627",44444
CUST194346,Helen Mcdonald,jacksonedward@payne-dunn.com,ym9Z*pbea(,9726329965,"04839 Stewart Squares, West Jasonchester, CO 71020",45354
CUST463762,Robert Morales,kduncan@hotmail.com,*V1Qnd+uRm,9702770586,"643 Ricky Manor Apt. 777, Christopherhaven, FL 03396",45684
CUST107368,Michael Reyes,christopher77@carter.com,9%W%%nJd$n,9467381267,"39287 Chavez Road, Lake Carol, LA 76409",45181
CUST447335,Judith Carroll,bwashington@gmail.com,%x0$yKsy&&,9639354862,"54642 Joan Springs, Galvanhaven, TX 42656",44451
CUST518342,David Harding,cstanley@yahoo.com,7)IDeIvv_A,9289979734,"211 Cross Junction Apt. 038, Port James, KS 94125",44140
CUST519518,Makayla Mitchell,barrettvanessa@hotmail.com,_&ZXgRZu1D,9251562661,"995 Anna Hill Suite 268, Amandahaven, SD 40989",44110
CUST522190,Kristen Perkins,logandean@jensen-cabrera.biz,2OBujEic+0,9360447358,"4728 Douglas Lake Suite 575, Lake Nicole, LA 74478",45235
CUST635024,Deanna Pena,brandonkelly@gmail.com,z^7y!!pyLP,9680987658,"432 Hawkins Meadow, Rayland, WV 65608",44885
CUST815462,Eric Torres,sherry76@gmail.com,e8(I0ehn@g,9390980581,"6362 Dunn Harbor, Lake Mariabury, OR 65648",44653
CUST521196,Aaron Harris,patricia50@gmail.com,@2cFteNS+S,9275745344,"9760 Scott Ways Suite 898, Jennystad, CA 36241",45487
CUST824659,Rebecca Smith,brian24@brown.com,fUU4JDgq$7,9343496791,"PSC 4074, Box 7017, APO AA 59465",45149
CUST861995,Kaylee Davis,wintersallen@yahoo.com,3R)Np@IE^b,9773942779,"13969 Leonard Extension, Josechester, ID 32231",44239
CUST467754,Heidi Reyes,matthew28@hotmail.com,0SW4^Evo*O,9118694097,"83659 Miller Wall, Cookside, WV 41900",44867
CUST361135,Lee Bass,woodpatricia@yahoo.com,(amQg7Eh(M,9700770458,"5695 Julie Light, Odonnellfurt, KS 95627",44231
CUST695127,Emily Merritt,nwest@yahoo.com,@&34(EsPZs,9946632470,"93608 Lauren River, Lake Matthewhaven, AZ 88089",45766
CUST953487,Marcus Graves,rodriguezjohn@silva-johnson.com,d^l8uSzgc$,9746839944,"29222 Rosales Forks, Clarkfurt, VA 48951",44608
CUST265281,Jennifer Perry,michelle21@petersen-chung.com,!tHjTC_1j2,9429799953,"0860 Howard Streets Apt. 733, East Tammy, WY 33712",44585
CUST772494,Gina Schmitt,brownemma@yahoo.com,C0VuGcdd%0,9390659842,"31893 Jonathan Drive, Ryanville, WI 51302",44746
CUST880372,Charles Morgan,osuarez@hall-tran.com,_6KbQhOmOv,9587590622,"29662 Susan Underpass, Port Christopherville, NE 33449",45772
CUST316445,Zachary Beasley,fperez@gmail.com,^%8Js(_RvR,9457252738,"7937 Lucas Via Apt. 504, North Madeline, MS 34133",44512
CUST948932,Denise Campbell,christianflowers@yahoo.com,qHt8(Fl2%7,9139844105,"675 Christina Underpass Apt. 515, West Timothy, MO 29556",44841
CUST389388,Kevin Walker,daniel08@lloyd-joseph.com,7p3aPc%c#N,9555696288,"PSC 1316, Box 5851, APO AE 01252",45092
CUST982703,Steven Adams,larry15@gmail.com,f$y3$ROe($,9936558500,"20068 Connie Fort Suite 689, Aaronfort, CT 05695",44491
CUST290218,Beverly Mitchell,jeremyruiz@bailey-nelson.com,A8Hav@As((,9654172271,"USCGC Ferguson, FPO AP 89808",45202
CUST180839,Donald Smith,pthompson@hotmail.com,&H0e3zibW!,9150132078,"668 Samantha Drive Apt. 112, Villaburgh, GA 50446",44765
CUST312774,Todd Garrett,bnovak@gmail.com,7lV7AIzj!E,9889417536,"4043 Monica Spring Apt. 926, Lake Zacharyfort, WY 32441",45031
CUST965122,Joanne Brown,tmcdowell@yahoo.com,UJ*8RVfkor,9076480908,"6232 Douglas Parkway Apt. 204, Lake Amy, NH 68021",45835
CUST530891,John Perez,bmyers@yahoo.com,(Y!5hLCyA),9817162915,"74492 Carrie Summit, Haleshire, CO 41292",45093
CUST118338,Dennis Mcdonald,loridavis@lowe-woods.org,3*JF7ClN7Y,9913868342,"749 Horton Summit, Aguirreton, SD 25605",45359
CUST127326,Paul Shepard,robertdeleon@neal.net,_9+MukVkE*,9098439276,"7497 Lawson Trafficway, Alexanderchester, MT 24923",45393
CUST643606,Ann Wilson,williammaddox@hotmail.com,%3WzD@yqJU,9359627847,"33199 Kimberly Street Apt. 645, Jessicamouth, DE 82245",44580
CUST811229,Brady Daniels,donald75@gmail.com,)311Mk0z&#,9756167758,"3301 Denise Key Apt. 358, Vanessamouth, MS 59656",45325
CUST644673,Donna Boyd,jason44@gmail.com,R&1MLoWmJL,9566463775,"11670 Davis Turnpike, Blevinsfurt, LA 11830",45766
CUST922309,Carol Noble,jacquelinewalters@gmail.com,_Y%3YjzX1%,9919642126,"6895 Smith Station, North Kaylafurt, OK 18747",44369
CUST482788,Spencer Brooks,mjackson@moore.info,_Kz@MLvV1s,9148168461,"15703 Leblanc Manor Suite 094, Lake Anthony, AK 15927",45145
CUST771299,Sierra Rivas,qfrench@gmail.com,lpV+b*_G(9,9017615071,"6643 Carlson Creek, Lake Autumnborough, FL 10532",44836
CUST103214,David Garcia,lindanguyen@campos.biz,7_7ozJJp3*,9761495943,"93343 Michael Pine, Sheltontown, RI 30257",45314
CUST325479,Jennifer Marshall,jonathanadams@walsh.info,%6Q&XGvxMA,9053124667,"4341 Burke Shoals, East John, AR 13951",45663
CUST388633,Benjamin Skinner,joshua50@aguilar-padilla.info,i$2ITd1Agh,9404369436,"66607 Emily Avenue Apt. 686, East Jacquelineton, TX 82710",45234
CUST663520,Carmen Lopez,lduncan@gmail.com,GQ1KT^Tj8^,9875805119,"7660 Henry Station, Kristaland, IN 72455",45469
CUST625892,Derek Taylor,sandra52@garcia.com,+@s8lT3vB&,9436072828,"146 Terry Underpass, Lake Tina, OR 22333",45782
CUST901549,Tyler Wallace,jtaylor@wade-rosario.biz,^UL^*0%l6u,9006105721,"014 Elizabeth Crest Suite 333, South Megan, NC 65969",44751
CUST984450,Krystal Miles,myersrose@ray.org,=+I4XgsH54b,9518121357,"PSC 3289, Box 1058, APO AA 89485",45462
CUST824268,Erin Sandoval,pgreene@watson.info,X(k5GwAa&x,9523779520,"55622 Tiffany Key, Georgeport, CA 07748",45008
CUST433967,Edward Johnson,keysarah@duncan.net,2%2m1T%cwE,9484598078,"2787 Berry Pike, Port Elizabethstad, MT 88252",45228
CUST943271,Scott Barry,stacyramsey@shaffer.net,@lj584Nxey,9532236064,"73672 Key Crest, Jacobsmouth, NC 92059",44793
CUST542560,Sarah Kennedy,christophercurtis@hotmail.com,0V6A#Ftb!g,9646869990,"6109 Ross Ports, North Mariaview, MN 24443",45503
CUST623587,John Higgins,alyssa37@hotmail.com,@7g^hC2y%E,9393003160,"40456 Fernandez Union, New Nicholasfurt, ME 23440",45313
CUST253869,Carl Rollins,kathryncantu@gmail.com,k*F93TNdR+,9611135024,"Unit 5298 Box 5834, DPO AP 53669",44027
CUST483623,Matthew Gay,nicholsalexis@yahoo.com,%Mm^5B*He8,9598084505,"04905 Ramirez Parkways, Lake Amyburgh, PA 00738",44374
CUST547190,Jennifer Fernandez,manderson@fuller.info,v)(16Cb@&A,9262388454,"71280 Fox Estates, Johnsonmouth, AR 54539",44955
CUST774925,Jerry Bradley MD,april81@hotmail.com,*_7U3Djyhl,9689628435,"Unit 5773 Box 2789, DPO AP 03635",44680
CUST770056,Victor Mckee,horndavid@yahoo.com,#7!fzopkK*,9729741408,"93798 Jaclyn Station, Robersonville, VA 51037",44336
CUST733456,Jessica Zamora,harmonmelissa@gmail.com,5Fonc#aZ&i,9558829249,"626 Kirk Rapids Apt. 511, Port Debbiestad, CO 24081",44666
CUST490673,Marvin Schaefer,ddelacruz@woodard.biz,KW!i8QWmLn,9599996006,"Unit 6550 Box 1144, DPO AA 45294",44254
CUST460758,Ralph Peck,nicolehernandez@banks-higgins.net,h*71bZczLp,9678006946,"7231 Melissa Squares Suite 479, Port Shawn, SC 57074",45837
CUST092951,Justin Rivera,ehawkins@yahoo.com,KBESVRmi!8,9139391038,"4186 Michael Road Suite 553, Julieton, NV 85888",45473
CUST321364,Gabriela Sanchez,kmorales@hotmail.com,y9Lod4I_$e,9664926005,"386 Anderson Dale, Juarezstad, NV 51019",45563
CUST727205,Brent Moore,david42@harrison.com,wg0QshFB*^,9021953860,"478 John Harbor, South Shannon, MO 94197",44194
CUST610877,Michael Rivera,lloydallen@keller-rogers.info,%t%zwIqOP2,9854472509,"7690 Alyssa Spring, Moranchester, ND 82753",44842
CUST918771,Michael Evans,wesley23@bryant.com,c7qYhc#z$T,9187153340,"244 Seth Lights, North Patrick, OH 84927",44227
CUST402248,Tabitha Richards,xbarnes@gmail.com,J5gU+4Uf1y,9188773164,"7584 John Turnpike Apt. 277, Joelberg, RI 21830",45280
CUST008148,Tammy Long,gjennings@griffith.com,zp^af9KgDd,9417937970,"Unit 8821 Box 4170, DPO AE 49214",44029
CUST757215,Alicia Chen,michael06@johnson-jones.net,A4*fWlo9!f,9398335735,"96969 Jason Corner Suite 029, West Charlottechester, DC 37364",45528
CUST659199,Laura Phillips,dhenry@thompson.com,(6p+Zb5e2F,9320495080,"60249 Edward Islands Apt. 570, South Mitchell, WA 68705",45271
CUST310235,Janet Phillips,ugardner@gmail.com,^zQ+zqw1x9,9540665438,"13980 Cannon Streets, West Scottfort, NV 35397",44435
CUST396672,Darin Wells,eddie02@yahoo.com,zK4OKZpwn#,9421361893,"58135 Taylor Wall, Reyesport, IN 55706",45503
CUST569700,Albert Johnson,debra68@gmail.com,^1Z)42OyIF,9799862016,"53269 Zamora Mount Suite 143, Olsonport, CT 19252",45649
CUST237741,Edwin Williams,kdavis@schmitt.com,(+KImFs+x6,9021232037,"Unit 2504 Box 2373, DPO AE 16401",45679
CUST132588,Annette Parker,laurajimenez@fleming.net,1uz4I$Pj(+,9487833137,"3616 Ann Freeway Suite 527, Knightside, NH 61134",44487
CUST944667,Nancy Patterson,qsandoval@hotmail.com,(6BB_3^xWs,9850954523,"1953 Natalie Fort Apt. 576, Hamiltonstad, AL 90680",44885
