order_id,Customer_ID,order_date,total_amount,shipping_address,status
O500000,CUST046657,5/3/2025,3105.11,"1929 John Mountain Apt. 508, North Darrellland, MA 94976",Pending
O500001,CUST369743,12/28/2024,1198.04,"Unit 4727 Box 5266, DPO AP 91029",Shipped
O500002,CUST513148,6/21/2024,183.81,"174 Trevor Drive, Port Donnaburgh, WY 92856",Shipped
O500003,CUST492086,3/8/2025,3697.09,"04511 Perry Springs Suite 045, Christopherfort, OR 10790",Cancelled
O500004,CUST643477,6/29/2025,3217.74,"6828 Blake Glen, West Christinestad, WA 82357",Delivered
O500005,CUST075864,12/29/2024,3958.79,"95245 Patterson Village, New Evelyn, WY 08027",Delivered
O500006,CUST128049,2/27/2024,2433.17,"4683 Li Street, Lake Howardburgh, GA 75558",Delivered
O500007,CUST333991,2/12/2025,3590.38,"PSC 9719, Box 2736, APO AE 74563",Shipped
O500008,CUST677441,10/23/2024,2678.56,"361 Dustin Gardens Apt. 939, North Lauren, SC 45348",Returned
O500009,CUST233932,10/3/2024,2370.43,"USS Gregory, FPO AA 11619",Returned
O500010,CUST391699,4/30/2024,4687.48,"3686 Lisa Freeway Apt. 108, West Deborah, MT 71142",Returned
O500011,CUST995272,4/29/2025,4810.31,"113 Burke Crossroad Suite 093, East Mark, NV 41156",Delivered
O500012,CUST939706,3/6/2024,4086.07,"972 Smith Village, Johnville, NE 94283",Cancelled
O500013,CUST817952,1/8/2024,2136.41,"441 Holly Center Suite 873, Deanmouth, MO 79256",Returned
O500014,CUST338183,8/7/2023,1870.53,"5804 Jimenez Islands Suite 465, North Cassandramouth, MA 90377",Delivered
O500015,CUST004050,7/13/2023,4087.43,"57383 Drake Pass Suite 259, West Lauraside, SC 86019",Cancelled
O500016,CUST356523,4/20/2025,761.42,"53467 Hoffman Brooks, North Brian, GA 13363",Shipped
O500017,CUST552648,10/14/2023,4722.34,"882 Turner Trail Apt. 213, Michaelchester, ID 20209",Returned
O500018,CUST493528,8/27/2023,1640.7,"0832 Anna Skyway, Grayhaven, KY 14879",Shipped
O500019,CUST964034,12/25/2024,548.38,"57571 Sheila Divide, Williamburgh, MD 56086",Returned
O500020,CUST002660,10/26/2024,3495.33,"8982 Yates Views, North Jacob, OR 91842",Cancelled
O500021,CUST657240,1/2/2025,680.41,"3976 Shelby Common, West Christophermouth, IA 58114",Cancelled
O500022,CUST684833,5/25/2024,2921.16,"71832 Roy Pass, Scottstad, IL 40793",Delivered
O500023,CUST651624,3/16/2024,1684.82,"USCGC Lee, FPO AP 67483",Delivered
O500024,CUST365687,11/28/2024,1114.97,"4107 Ray Rue, Duncanstad, MS 79734",Returned
O500025,CUST757676,12/21/2024,339.75,"407 Kevin Port Suite 131, South Williamton, KS 38455",Cancelled
O500026,CUST759366,8/10/2023,3992.71,"421 Luis Walk Apt. 338, Linhaven, IN 73538",Cancelled
O500027,CUST555018,3/17/2024,2887.99,"27520 Cody Gateway Suite 990, Wisebury, WA 91006",Cancelled
O500028,CUST783169,11/9/2024,3854.77,"74497 Brian Junction, West Gary, IL 41619",Cancelled
O500029,CUST065535,11/22/2024,363.31,"84850 Jason Gardens, Hayesberg, OK 57548",Shipped
O500030,CUST251420,8/21/2024,3417.64,"56479 Robbins Terrace Apt. 595, West Jessica, CT 42245",Cancelled
O500031,CUST929159,2/3/2024,4234.14,"53787 Ponce Circle, Smithmouth, NC 30722",Returned
O500032,CUST188632,3/16/2025,286.28,"17468 Gonzalez Corner Suite 225, North Heathertown, TX 61050",Pending
O500033,CUST215598,1/29/2025,2110.04,"20731 Moyer Courts, East Emily, NC 83317",Pending
O500034,CUST584723,7/8/2024,2899.78,"22607 Paul Skyway, Port Kayla, HI 36039",Cancelled
O500035,CUST045016,12/13/2023,1613.71,"593 Mathis Fork Apt. 199, Port Lisa, VA 53959",Cancelled
O500036,CUST186057,4/12/2025,512.77,"36373 Moran Wells Apt. 201, North Megan, ME 20776",Delivered
O500037,CUST095874,10/5/2024,1089.04,"6647 Gross Fort, New Robert, NM 69415",Delivered
O500038,CUST532498,1/12/2025,4383.17,"Unit 4164 Box 0525, DPO AA 27145",Pending
O500039,CUST132364,10/20/2023,2714.49,"096 Patricia Roads, South Mathewland, AR 43179",Returned
O500040,CUST803094,11/25/2024,4629.79,"733 Leslie Drive Apt. 106, Keithborough, OH 30657",Returned
O500041,CUST115503,3/22/2025,2860.99,"6369 Perez Vista, Jasmineview, ME 45218",Cancelled
O500042,CUST933458,1/15/2025,3553.08,"6921 Michael Throughway, Port Charlesberg, WI 15300",Pending
O500043,CUST495719,9/7/2023,4611.02,"93957 Todd Light Suite 035, Amberside, UT 66400",Cancelled
O500044,CUST530573,9/21/2023,226.06,"52360 Wright Brook, Johnsonbury, VA 59454",Delivered
O500045,CUST397947,2/1/2025,2484.47,"USCGC Sanders, FPO AA 27446",Returned
O500046,CUST989493,9/4/2023,621.88,"9366 Armstrong Drive Apt. 313, South Christopher, SC 11838",Cancelled
O500047,CUST388058,8/3/2023,430.86,"35587 Erica Oval, Port Valerie, PA 40705",Pending
O500048,CUST343503,8/26/2024,190.31,"0948 Gabriela Lights, Davidbury, UT 57046",Cancelled
O500049,CUST608768,6/1/2025,3582.47,"91619 Baker Stravenue, Hurstburgh, NJ 80173",Cancelled
O500050,CUST017086,2/21/2024,1396.1,"4262 Erica Spurs Suite 164, New Mark, MO 28306",Delivered
O500051,CUST716782,6/21/2025,413.47,"26602 Henry Greens Apt. 166, West Spencer, PA 84551",Delivered
O500052,CUST263290,12/11/2024,251.36,"PSC 5310, Box 4234, APO AA 74194",Pending
O500053,CUST718136,12/17/2024,393.14,"12431 Novak Springs, Davidmouth, AL 11203",Delivered
O500054,CUST992106,7/27/2024,3795.85,"829 Alexandra Street, New Jamesville, AR 74244",Delivered
O500055,CUST478558,3/24/2024,1168.31,"6196 Kenneth Roads, Kevinbury, PA 36457",Shipped
O500056,CUST323961,8/19/2024,108.01,"721 Andrews Parks, Melissaberg, NM 77396",Cancelled
O500057,CUST188191,7/3/2024,2884.71,"121 Kevin Glen Apt. 148, Mariastad, OR 25548",Pending
O500058,CUST907944,5/26/2024,3275.87,"309 Karen Fork Suite 114, New Jamesmouth, MN 27488",Cancelled
O500059,CUST454927,10/2/2023,4338.34,"31644 Ruiz Cliffs Apt. 402, Jenniferview, MS 20580",Cancelled
O500060,CUST967234,3/23/2025,4759.62,"569 Sandra Rapid, Port Michael, CO 24835",Returned
O500061,CUST070710,12/31/2023,3960.64,"15312 Ashley Common Suite 720, South Carol, NJ 65105",Shipped
O500062,CUST357307,6/15/2025,2673.61,"8418 Black Greens Suite 386, West Miguelland, NH 59422",Delivered
O500063,CUST572734,5/2/2025,4465.58,"1992 Contreras Parks, Johnsonshire, WV 61672",Pending
O500064,CUST168069,10/13/2024,3969.4,"8713 James Flats Suite 159, West Arthurville, DC 49000",Delivered
O500065,CUST360427,6/29/2025,3632.05,"10158 Cathy Dam, West Shaunchester, ME 37253",Shipped
O500066,CUST667670,10/26/2023,3231.12,"92584 Nicole Streets, Martinport, IA 26068",Returned
O500067,CUST376939,12/1/2023,2942.28,"589 Debbie Greens Apt. 979, New Joshuaville, LA 56904",Shipped
O500068,CUST069569,2/28/2025,2200.32,"87777 Ryan Way, New Patriciaville, LA 34824",Pending
O500069,CUST214593,1/26/2024,3987.78,"5381 Davis Throughway Suite 868, Brittanymouth, NH 73693",Cancelled
O500070,CUST922217,4/1/2024,2307.38,"Unit 4084 Box 5506, DPO AA 75150",Cancelled
O500071,CUST775092,1/14/2024,2572.66,"3281 Oscar Passage, Brittanymouth, NY 58867",Cancelled
O500072,CUST043911,6/27/2025,2136.41,"USNS Bryant, FPO AE 28237",Returned
O500073,CUST302717,2/19/2024,2785.59,"3398 Spencer Trail, Santiagostad, KY 96807",Cancelled
O500074,CUST651823,8/5/2024,4422.35,"4561 Coleman Street Suite 351, East Shawnmouth, ND 19607",Delivered
O500075,CUST714158,11/20/2023,2505,"595 Fisher Mountains, Port Linda, AK 27697",Delivered
O500076,CUST526754,4/6/2024,3386.62,"5926 Rodriguez Fort Apt. 508, Frenchborough, VA 35651",Pending
O500077,CUST697866,3/26/2025,3513.65,"92783 Thompson Spur, Baldwinbury, MI 53191",Returned
O500078,CUST909609,3/10/2024,1442.55,"435 Rivera Road, North Petermouth, DC 41425",Delivered
O500079,CUST718256,2/23/2025,1797.65,"4135 Jessica Path, Tannerville, NM 20391",Shipped
O500080,CUST617974,9/21/2023,1909.18,"52705 Bell Summit, Reginashire, CO 19809",Shipped
O500081,CUST772003,1/10/2025,1272.08,"347 Barbara Way, New Douglasberg, KY 33480",Returned
O500082,CUST007841,8/13/2024,1078.49,"USNV Soto, FPO AE 58608",Shipped
O500083,CUST514652,5/7/2025,354.67,"071 Anderson Junctions Apt. 326, East Elizabeth, MI 69921",Cancelled
O500084,CUST590390,11/23/2024,3634.47,"842 Jessica Pine Suite 164, New Lisa, WI 23363",Cancelled
O500085,CUST209827,4/30/2025,1775.22,"10674 Roach Way, Cynthiabury, OH 29495",Delivered
O500086,CUST279695,3/19/2025,3141.95,"824 Little Corners Apt. 334, Port Curtis, DE 45647",Pending
O500087,CUST810999,6/4/2025,3054.48,"226 Steven Bypass Apt. 063, Lake Davidside, IA 30559",Cancelled
O500088,CUST766514,4/7/2024,2536.38,"89946 Erin Lights, Meyerschester, AL 99139",Pending
O500089,CUST430950,5/3/2024,748.61,"22757 Martin Motorway Apt. 006, North Ashley, ID 27737",Pending
O500090,CUST866896,10/12/2023,4620.84,"7828 Hansen Street, West Sandy, NY 97402",Delivered
O500091,CUST362407,10/27/2023,1816.98,"915 Ingram Neck, Port Taylormouth, VA 65962",Shipped
O500092,CUST244633,10/15/2023,2991.9,"PSC 2094, Box 9456, APO AA 03473",Delivered
O500093,CUST883223,7/14/2023,743.49,"27149 Arnold Parks Suite 236, Smithville, OH 80128",Cancelled
O500094,CUST014250,10/29/2024,1080.98,"2006 Penny Brooks Apt. 010, Waltersview, MN 49853",Pending
O500095,CUST669437,11/1/2023,4351.67,"007 John Heights Apt. 585, Sarahbury, WA 28636",Pending
O500096,CUST400674,6/8/2024,1013.12,"456 Kevin Ridges, South Jamesmouth, LA 68720",Pending
O500097,CUST734453,5/22/2024,2303.48,"389 Jessica Fort, Martinfurt, AR 12649",Delivered
O500098,CUST865412,3/18/2024,536.67,"0576 Frederick Lane, Maryland, WA 00877",Pending
O500099,CUST783367,9/15/2023,3595.43,"453 Michael Gardens, Port Davidtown, NH 63415",Pending
O500100,CUST006730,6/25/2024,937.52,"924 Harrison Port Suite 982, Ericland, AR 14225",Pending
O500101,CUST541542,1/7/2024,4224.99,"8859 Daniel Burgs Apt. 127, Kimbury, FL 45999",Pending
O500102,CUST608485,1/13/2024,4496.77,"9348 Scott Canyon Apt. 692, Stephenbury, WV 27616",Delivered
O500103,CUST375071,10/20/2024,712.12,"62736 Wilson Fork, North Christinaberg, KY 84457",Cancelled
O500104,CUST272117,5/20/2025,2214.7,"PSC 0591, Box 0626, APO AP 95856",Cancelled
O500105,CUST388151,11/16/2024,4785.86,"326 Chavez Springs Suite 537, Port Eileen, DC 84928",Delivered
O500106,CUST917168,10/7/2024,218.42,"907 Williams Crescent, Andersonmouth, TN 03006",Returned
O500107,CUST276609,3/31/2025,4379.71,"096 Michael Hill, Delacruzfurt, OK 53323",Pending
O500108,CUST697903,6/10/2024,2439.42,"6770 Yates Underpass Suite 291, Lake Danielland, TN 79940",Pending
O500109,CUST774701,9/5/2024,232.53,"27581 Martha Tunnel, Richardsonbury, TN 24235",Pending
O500110,CUST716950,7/6/2025,165.57,"11071 Danielle Gardens Suite 836, New Crystaltown, OH 17830",Returned
O500111,CUST709296,3/16/2024,4673.6,"79598 Cory Groves, Franciscobury, AZ 96916",Cancelled
O500112,CUST453860,5/23/2024,112.53,"53145 Debbie Ville Suite 574, North Katherineland, MS 21094",Shipped
O500113,CUST577856,3/24/2025,2871.78,"11793 Leslie Brook, West Karlfort, WV 41094",Shipped
O500114,CUST725103,1/28/2024,4677.82,"6126 Smith Stravenue Apt. 816, Port James, VT 79690",Pending
O500115,CUST995971,3/1/2025,1599.05,"277 Alicia Isle Apt. 864, Nicolemouth, NV 92063",Delivered
O500116,CUST087232,6/25/2025,3072.01,"PSC 1502, Box 7538, APO AA 21688",Delivered
O500117,CUST728785,6/30/2024,4698.91,"Unit 1818 Box 3051, DPO AE 41377",Delivered
O500118,CUST332364,4/10/2025,4431.86,"0762 Cynthia Circle, South Robertborough, NV 07424",Pending
O500119,CUST637817,8/23/2024,4395.07,"7482 Willie Rue, West Mariatown, MN 38997",Pending
O500120,CUST650551,4/19/2024,3743.2,"033 Brown Plain Apt. 495, Amberberg, ND 53438",Pending
O500121,CUST272270,2/29/2024,1971.9,"929 Obrien Ramp, Harringtonmouth, CT 48673",Pending
O500122,CUST393171,11/23/2024,1115.83,"1955 Jacqueline Pine Suite 666, Johnsonville, IN 35677",Pending
O500123,CUST669104,8/25/2023,4257,"47187 Durham Viaduct Apt. 262, Alvaradobury, AL 03769",Returned
O500124,CUST367112,6/14/2024,149.78,"646 Misty Fall Suite 633, Damonberg, CO 26527",Cancelled
O500125,CUST479888,1/25/2025,1655.74,"408 Steven Squares, East Michaelmouth, AR 95071",Returned
O500126,CUST212356,2/7/2024,968.01,"831 Robert Rest Suite 836, Lake Joshua, CA 98122",Cancelled
O500127,CUST999105,12/15/2023,2266.41,"3814 Bell Ridges Suite 612, Allisonland, IA 78714",Cancelled
O500128,CUST317219,2/11/2025,1842.98,"USS Morgan, FPO AP 48254",Returned
O500129,CUST133389,4/29/2024,2388.33,"53597 George Harbors, South Tammyfurt, IL 18012",Shipped
O500130,CUST328534,8/6/2023,510.87,"637 Mcconnell Valleys, New Alexandria, DE 48543",Returned
O500131,CUST321307,5/2/2024,3723.62,"2825 Miller Street Apt. 707, Jonesside, OH 70661",Shipped
O500132,CUST686344,6/8/2025,3670.25,"033 Melissa Square Apt. 866, North Patricia, MI 20616",Returned
O500133,CUST749087,1/3/2024,2595.54,"638 Ricky Pike Suite 424, North Morgan, MD 25315",Delivered
O500134,CUST558941,5/17/2024,4938.41,"Unit 0991 Box 5499, DPO AA 44715",Delivered
O500135,CUST567597,7/14/2023,3447.51,"751 Tucker Streets Apt. 117, Barnettfurt, NY 70432",Pending
O500136,CUST189933,10/16/2024,4270.37,"770 Ronald Mill, West Scottland, ND 08175",Returned
O500137,CUST115725,11/19/2023,2119,"8504 Diaz Corner Suite 097, Cherylton, DC 10970",Pending
O500138,CUST928932,12/23/2024,3498.19,"67080 Benson Knolls, Kentfort, NM 01524",Pending
O500139,CUST488526,10/27/2024,3970.18,"578 Cassandra Parks Apt. 233, South Lindabury, CT 98061",Cancelled
O500140,CUST957851,8/1/2023,3482.92,"350 Joseph Circles, New Cynthiaville, WY 17717",Shipped
O500141,CUST688801,11/19/2024,4779.53,"445 Martinez Drive Suite 117, Bushland, TN 90266",Delivered
O500142,CUST300080,7/18/2023,1277.56,"PSC 4304, Box 2105, APO AP 00709",Returned
O500143,CUST882640,1/26/2025,1591.48,"Unit 7661 Box 8225, DPO AE 83832",Cancelled
O500144,CUST090298,12/8/2024,3208.31,"444 Mario Meadows Apt. 555, Davidchester, MN 26927",Returned
O500145,CUST218836,8/15/2023,4276.91,"915 Mora Branch Apt. 982, Sandyton, NH 38085",Cancelled
O500146,CUST887609,11/8/2023,4586.72,"81848 Madison Centers, Baileychester, VT 77476",Cancelled
O500147,CUST798609,8/21/2023,3591.09,"74235 Jill Fall, East Jill, OR 38609",Delivered
O500148,CUST657685,1/27/2024,3827.19,"370 April Shores, Michaelborough, CT 39934",Pending
O500149,CUST955419,7/24/2024,2848.79,"4374 Mcguire Green, East Angelahaven, SD 88447",Cancelled
O500150,CUST131687,9/20/2024,3996.14,"835 Michelle Station Apt. 604, Port Jamieport, AR 12039",Cancelled
O500151,CUST867168,5/24/2024,1651.04,"50464 Hunter Views, Lake Elizabeth, AR 50186",Delivered
O500152,CUST205171,11/23/2024,55.63,"32755 Sutton Views, Lake Paula, AK 93216",Delivered
O500153,CUST641169,1/25/2024,3181.06,"5179 Kristin Lights, Michaelhaven, OH 03799",Returned
O500154,CUST569401,12/15/2024,2448.66,"992 Giles Squares, New Christopher, SD 49277",Delivered
O500155,CUST241634,1/14/2025,3346.98,"556 Smith Rapids, South Bradleybury, PA 60220",Pending
O500156,CUST635178,3/8/2024,2393.21,"32380 Chan Neck, Port Pamelaton, WA 41631",Returned
O500157,CUST187956,7/31/2024,1975.71,"427 Brown Ramp Suite 180, Lake Tashaview, CA 72094",Delivered
O500158,CUST361858,6/26/2024,69.32,"4926 Elizabeth Springs, South Joanne, VT 75790",Pending
O500159,CUST122364,10/21/2023,1870.89,"916 Alicia Flats Apt. 564, Burkeburgh, GA 01226",Delivered
O500160,CUST602276,9/29/2024,2757.21,"7107 James Way Apt. 208, North Jeffrey, TX 75452",Pending
O500161,CUST237552,4/22/2024,2234.13,"12142 Bonnie Motorway Apt. 137, Port Kevin, CA 52453",Delivered
O500162,CUST118873,5/21/2024,1094.88,"25482 Hall Extension, West Frank, IL 19951",Delivered
O500163,CUST247949,5/31/2024,3986.04,"21581 Heather Lock Apt. 829, Kimberlymouth, HI 71214",Returned
O500164,CUST178807,5/19/2024,2448.29,"76793 Connie Motorway, Tammymouth, MS 08159",Shipped
O500165,CUST458732,4/15/2025,3063.31,"20229 Joseph Mill Suite 828, Barrettberg, IL 66503",Pending
O500166,CUST464678,8/27/2024,869.8,"0735 Schultz Curve, East Michellechester, UT 72650",Pending
O500167,CUST809693,9/18/2023,2160.25,"746 Jones Throughway Apt. 354, Hessshire, RI 41879",Returned
O500168,CUST491716,5/30/2024,888.88,"USS Montoya, FPO AP 88783",Delivered
O500169,CUST462763,3/7/2024,3848.47,"0764 Ronald Route, Johnsonfurt, AZ 69977",Shipped
O500170,CUST090216,1/1/2024,4115.89,"817 Susan Rapids, North Janetport, NE 28542",Returned
O500171,CUST677107,7/19/2023,3260.85,"961 Laura Courts, East Joshua, HI 97152",Shipped
O500172,CUST985042,7/3/2025,1135.63,"679 Ryan Lake Apt. 498, East Megan, PA 61497",Returned
O500173,CUST719884,6/24/2025,4222.36,"Unit 0125 Box 9417, DPO AA 68079",Shipped
O500174,CUST173437,1/25/2025,2391.96,"62616 Lewis Park, Edwardbury, OK 29090",Shipped
O500175,CUST775513,3/12/2025,421.07,"3752 Harris Mountain, Shawnchester, NE 48377",Returned
O500176,CUST660124,8/28/2024,2112.25,"19758 Peterson Harbors, North Christopher, WV 47676",Delivered
O500177,CUST351630,11/9/2024,1420.08,"7253 Gray Station Apt. 919, Castanedahaven, SC 65940",Shipped
O500178,CUST545403,6/14/2025,601.45,"0242 Scott Expressway Apt. 671, East Reneeland, VT 01122",Pending
O500179,CUST759062,9/1/2024,4093.09,"5263 Clark Lock, Lake Sarah, ND 71595",Shipped
O500180,CUST555132,10/14/2023,1708.94,"Unit 7809 Box 8430, DPO AP 58560",Pending
O500181,CUST120658,5/22/2025,1800.52,"784 Sweeney Gateway Suite 855, North Williamside, SD 28766",Returned
O500182,CUST078389,4/27/2025,1079.68,"7958 Ryan Pine Suite 665, Lake Michelleville, MA 08273",Returned
O500183,CUST611216,6/22/2024,2995.94,"50830 Stevens Parks, Port Hannah, NE 88799",Delivered
O500184,CUST961160,2/16/2024,2352.86,"11092 Ashley Mill, North Gregorychester, GA 09445",Cancelled
O500185,CUST551679,4/20/2025,1978,"816 Linda Underpass, Morrisstad, NY 21029",Shipped
O500186,CUST140031,7/29/2023,4555.64,"4294 Castaneda Keys, South Lindaville, MA 02509",Shipped
O500187,CUST656559,4/3/2024,2465.38,"8763 Jonathan River Apt. 939, South Nicolefort, AZ 49023",Pending
O500188,CUST085721,11/30/2023,4521.16,"804 Roberts Locks Suite 210, Kathleenton, NJ 89522",Returned
O500189,CUST688437,3/6/2024,2571.22,"3790 Cody Street Apt. 097, Parkville, NC 47207",Shipped
O500190,CUST467471,2/26/2024,2191.57,"7571 Hughes Glens, Roseville, MA 41945",Delivered
O500191,CUST625443,7/12/2023,896.6,"1055 Zamora Track, Lake Jacob, AR 45940",Shipped
O500192,CUST119032,7/13/2023,4889.74,"4979 Mitchell Drive, New Sara, FL 08610",Returned
O500193,CUST689859,4/26/2024,723.33,"7962 Brown Inlet Suite 909, Port David, AZ 31941",Cancelled
O500194,CUST807580,7/27/2024,1901.91,"7093 Finley Cliff, Michaelbury, SC 63705",Pending
O500195,CUST232665,5/9/2024,2889.38,"399 David Squares Suite 672, Nicholasburgh, NE 73947",Pending
O500196,CUST644515,2/11/2025,3630.47,"4981 Watts Mews Apt. 445, Port Justin, MI 86323",Pending
O500197,CUST779143,6/26/2025,1270.29,"7632 Brown Radial Suite 041, West Christina, ME 83759",Shipped
O500198,CUST588588,9/23/2023,4264.72,"0697 Berry Ports Apt. 511, South Christinebury, NM 65487",Shipped
O500199,CUST523685,3/30/2024,1826.72,"14400 Rice Light, Floresmouth, AZ 08993",Delivered
O500200,CUST797940,6/19/2024,4985.22,"576 Smith Club, East Kathleen, OK 52248",Returned
O500201,CUST692551,7/6/2025,2902.94,"12658 Ellis Prairie, South Antonioberg, WI 40276",Returned
O500202,CUST022235,7/24/2023,831.29,"891 Payne Islands, North Kristin, RI 80553",Pending
O500203,CUST868453,1/24/2024,2750.87,"3601 Morales Drive Suite 830, Sharonstad, CO 61910",Returned
O500204,CUST324572,4/23/2025,1102.66,"955 Harris Summit, Leonardberg, WV 81041",Delivered
O500205,CUST286737,9/5/2023,763.38,"852 Stone Gateway Apt. 441, North Michaelshire, DE 74509",Shipped
O500206,CUST501988,4/6/2024,250.43,"04111 Susan Fall Suite 830, Sampsonbury, HI 48819",Pending
O500207,CUST623172,9/30/2023,120.07,"40764 Stone Viaduct Apt. 943, New Laurachester, NM 77920",Returned
O500208,CUST511254,7/5/2025,1630.02,"38030 Burch Meadow Suite 462, Casefurt, IN 57131",Pending
O500209,CUST994856,1/20/2025,4562.58,"581 Christopher Valley, East Paul, OR 12476",Shipped
O500210,CUST862428,5/24/2025,3808.03,"2438 Anthony Rapid Suite 166, Port Steven, FL 22943",Cancelled
O500211,CUST265703,5/5/2024,2439.59,"238 Jerry Wells, Paulview, WA 88638",Delivered
O500212,CUST309160,6/1/2025,1811.84,"1247 Myers Street, Port Michaelfort, DC 03286",Returned
O500213,CUST113306,4/15/2025,2417.55,"565 Chad Common Suite 449, Coxtown, MD 78178",Shipped
O500214,CUST265413,1/7/2025,4040.58,"6420 Smith Walks Apt. 012, Davidfurt, AL 43793",Cancelled
O500215,CUST310135,10/10/2023,3115.15,"139 Perry Cape Suite 538, Stephenston, KY 50749",Delivered
O500216,CUST728698,4/21/2025,495.81,"17598 Barton Drives, Colonville, MN 55448",Returned
O500217,CUST555148,12/26/2024,3650.57,"06982 Anthony Ports Suite 280, Dyerburgh, OR 46680",Returned
O500218,CUST090863,1/23/2025,2617.2,"67659 Hoover Radial Apt. 058, Shawville, IL 94055",Pending
O500219,CUST589620,5/10/2025,2911.96,"4679 Blake Forks, North Brandon, CT 94259",Returned
O500220,CUST045881,12/7/2024,4336.72,"2568 Brendan Expressway, New Peterborough, NH 89102",Pending
O500221,CUST485644,8/5/2024,3901.16,"670 Emily Mount Apt. 174, South Kim, MI 55757",Delivered
O500222,CUST792323,12/26/2023,4662.1,"2380 Davis Wells, Christopherland, DE 97729",Delivered
O500223,CUST200794,8/20/2023,4215.45,"91306 Jeffrey Plaza, South Michael, CA 34957",Cancelled
O500224,CUST478711,1/3/2025,2215.18,"10678 Mark Lane, Fordbury, WA 39433",Delivered
O500225,CUST463180,3/15/2024,3023.81,"265 Tanner Ways, New James, SC 13817",Delivered
O500226,CUST244079,11/8/2024,55.42,"962 Karen Road Apt. 591, Nixonhaven, NV 94657",Cancelled
O500227,CUST196974,11/6/2023,2761.06,"0562 Edward Station, Lake Annborough, CA 11327",Pending
O500228,CUST595463,5/18/2024,2222.93,"641 Jacob Roads Suite 662, Kevintown, CT 88837",Pending
O500229,CUST556373,8/25/2023,836.26,"8041 Robert Throughway, Adamport, OH 18285",Delivered
O500230,CUST260199,2/13/2024,3411.53,"9622 Katherine Bypass, Port Kaitlyn, NC 72701",Shipped
O500231,CUST648809,12/15/2024,783.02,"40233 Jennifer Ridges Apt. 586, Nicholasburgh, IL 91845",Pending
O500232,CUST848404,12/3/2024,3384.95,"Unit 0092 Box 2017, DPO AP 82209",Returned
O500233,CUST878301,4/13/2025,4308.57,"4186 Newton Village, Goodwinshire, HI 23807",Pending
O500234,CUST197527,12/12/2023,4903.68,"99031 Willis Isle, Isaacberg, AR 41765",Delivered
O500235,CUST578540,10/19/2024,585.03,"477 Jordan Passage, Christinechester, NY 68470",Pending
O500236,CUST691872,5/29/2025,2172.42,"021 Reyes Turnpike Suite 139, Johnstad, IN 36373",Cancelled
O500237,CUST317463,7/26/2023,556.62,"9504 Anthony Villages Apt. 514, Snydermouth, MT 66222",Returned
O500238,CUST847657,1/31/2025,383.03,"7784 Veronica Pine Apt. 364, New Lorraineberg, WI 47423",Delivered
O500239,CUST939291,3/4/2025,4867.73,"683 Freeman Branch Apt. 031, West Marthahaven, IA 13378",Returned
O500240,CUST576674,1/28/2024,4686.71,"69438 Robert Valley, Welchville, IA 05644",Shipped
O500241,CUST566356,11/30/2023,3224.05,"41950 Sara Orchard, Port Steven, MA 49636",Shipped
O500242,CUST836966,8/16/2023,445.66,"1566 Williams Drives, Pottsmouth, TX 16889",Cancelled
O500243,CUST765108,6/3/2025,2559.09,"30591 Judy Court Suite 444, Lake Robertchester, AR 86925",Returned
O500244,CUST538680,9/5/2023,900.34,"464 Christina Springs Apt. 864, Port Nicole, AL 53914",Pending
O500245,CUST346319,12/2/2024,4858.37,"2026 Samantha Bridge Apt. 673, Jerrymouth, MO 20089",Pending
O500246,CUST719197,2/27/2024,1868.41,"5264 Jill Oval, Lake Marie, FL 30624",Returned
O500247,CUST366538,6/2/2024,1829.8,"136 Bell Radial Apt. 807, Jacksontown, WY 03884",Pending
O500248,CUST275025,9/28/2024,3923.08,"42204 Garcia Islands Suite 931, Lake Maryfurt, SD 00992",Returned
O500249,CUST295031,5/16/2025,2922.11,"06334 Sarah Terrace Suite 071, East Holly, WV 38403",Shipped
O500250,CUST975458,7/13/2024,550.99,"PSC 1131, Box 3065, APO AE 68923",Returned
O500251,CUST488848,8/8/2024,1127.09,"Unit 7500 Box 2667, DPO AE 62007",Shipped
O500252,CUST192751,6/3/2025,1282.03,"PSC 4507, Box 7292, APO AE 14682",Shipped
O500253,CUST071429,9/9/2023,817.5,"66005 Danielle Rapid Apt. 252, West Ericfurt, FL 83002",Returned
O500254,CUST813082,10/11/2023,100.58,"61680 Graham Spur Suite 653, East Edwinfort, KS 01401",Pending
O500255,CUST197816,4/3/2024,3901.84,"97263 Cervantes Vista Suite 794, Carpenterfurt, DC 33606",Delivered
O500256,CUST089494,8/4/2023,1332.64,"45594 Kelsey Walks Suite 889, Mariestad, NJ 91460",Cancelled
O500257,CUST516693,4/30/2024,1791.45,"3948 Michael Mountain Suite 428, Port Garyfurt, TN 33302",Pending
O500258,CUST354457,4/2/2024,4377.5,"9428 Nicholas Lodge Suite 765, Port John, SD 10419",Returned
O500259,CUST227776,11/11/2024,2246.94,"6955 Cox Shores Apt. 459, New Patriciaberg, NJ 37057",Pending
O500260,CUST770283,11/10/2023,232.13,"1935 Padilla Overpass, South Katrinaberg, WI 16286",Shipped
O500261,CUST761011,5/16/2025,2563.63,"36138 Mcdowell Junctions, North Joseph, VT 10202",Returned
O500262,CUST336639,4/12/2025,4868.48,"456 Pamela Ridge Apt. 625, New Georgeport, OK 39921",Cancelled
O500263,CUST725424,3/4/2024,4468.76,"798 Sanchez Fork, Bradleybury, TX 73255",Pending
O500264,CUST118503,10/6/2023,1990.35,"Unit 4164 Box 1313, DPO AA 15822",Returned
O500265,CUST418709,11/6/2023,3619.96,"39749 Clark Green Suite 649, Shelleychester, DC 15371",Returned
O500266,CUST723096,7/25/2023,724.58,"497 John Mountains Apt. 327, Bakerland, MN 81794",Returned
O500267,CUST299807,1/10/2025,4471.99,"06036 James Common, Jessicaborough, IA 93112",Shipped
O500268,CUST700428,5/28/2025,1091.11,"1783 Misty Rest Suite 609, Ethanville, HI 48720",Returned
O500269,CUST121422,6/25/2025,1472.08,"2319 Amanda Extension Suite 342, Port Heatherland, IN 27578",Returned
O500270,CUST564835,6/19/2024,511.15,"445 Velez Ramp Suite 734, East Bryanberg, IN 19134",Pending
O500271,CUST088330,10/27/2023,2265.35,"785 John Ramp, Lake Sean, AK 21309",Shipped
O500272,CUST139930,1/14/2025,2421.21,"952 Dennis Union Suite 285, East Lindafort, WY 75135",Shipped
O500273,CUST240931,11/21/2023,2076.6,"760 Davis Gardens, Figueroastad, DE 96246",Cancelled
O500274,CUST132356,3/30/2024,410.6,"9121 Daisy Springs Apt. 745, Carriefurt, WV 66680",Delivered
O500275,CUST939104,7/15/2024,1918.6,"159 Michael Mills, Garciaburgh, IN 45298",Shipped
O500276,CUST257204,7/10/2024,3458.16,"304 James Rapid Suite 633, Port Elizabeth, LA 69445",Pending
O500277,CUST663726,6/5/2024,1589.5,"27275 Miller Overpass Apt. 272, New Stephen, NJ 17358",Shipped
O500278,CUST479064,7/16/2024,4859.66,"665 Miller Unions, Robertfurt, NY 38338",Cancelled
O500279,CUST946048,5/2/2024,4317.1,"Unit 4497 Box 7340, DPO AP 33274",Shipped
O500280,CUST851616,3/15/2024,4831.78,"USS Vasquez, FPO AE 05191",Delivered
O500281,CUST636794,2/21/2024,2157.79,"05292 Cooper Ports Apt. 277, West Matthew, NJ 18734",Cancelled
O500282,CUST725176,12/24/2023,4607.7,"7373 Merritt Walk, Lake Wesley, OR 94396",Shipped
O500283,CUST890992,8/25/2024,1857.43,"034 Denise Expressway, Jonathanside, ND 20441",Returned
O500284,CUST380116,11/25/2023,696.47,"198 Sandra Divide, West Crystalshire, KS 72312",Shipped
O500285,CUST142949,6/15/2025,1845.02,"814 Smith Ramp Suite 093, Annetteberg, NE 76924",Returned
O500286,CUST560016,1/2/2025,4773.47,"06410 Summer Overpass, East John, VT 03297",Delivered
O500287,CUST096983,5/14/2024,4004.19,"42041 Richard Drive Apt. 728, East Amandamouth, WY 04214",Pending
O500288,CUST608793,12/6/2024,1887.28,"0995 Kathleen Light, Donaldbury, VA 67456",Cancelled
O500289,CUST668780,12/30/2024,3393.54,"96451 Russell Shoals Apt. 890, Moonport, NE 70436",Pending
O500290,CUST643543,8/5/2024,3530.82,"25558 Daniel Mews Apt. 485, South Erikaville, NM 47334",Shipped
O500291,CUST973312,5/8/2024,1490.1,"747 Palmer Gateway, East Christyhaven, ME 26311",Shipped
O500292,CUST329489,4/13/2025,3095.75,"45341 Williamson Roads, South Laura, NV 92783",Pending
O500293,CUST210333,10/4/2024,3783.19,"89333 Osborne Run Suite 167, North Scottstad, OR 82047",Delivered
O500294,CUST295462,7/19/2024,1517.37,"1880 Nicole Hollow Apt. 291, West Ana, IN 09121",Cancelled
O500295,CUST707015,11/17/2024,4193.34,"72891 Paul Pass, Johnside, VA 26437",Cancelled
O500296,CUST381689,2/17/2025,4525.97,"2296 Carroll Unions, Manningshire, WY 96688",Pending
O500297,CUST067711,1/11/2024,962.68,"24674 Joseph Camp Suite 868, Mcclainstad, AK 81094",Cancelled
O500298,CUST386724,11/29/2024,1350.94,"52043 Ortega Lake Apt. 089, South Toddburgh, OK 63810",Shipped
O500299,CUST862757,9/22/2023,4256.64,"1053 Nathan Dale, Hugheschester, OH 77784",Returned
O500300,CUST054443,4/24/2025,4276.92,"7290 Adams Village Suite 990, East Marissafurt, MD 70878",Cancelled
O500301,CUST293658,8/6/2023,2278.95,"PSC 4977, Box 7698, APO AE 78905",Delivered
O500302,CUST626091,3/11/2025,1167.61,"PSC 1642, Box 6666, APO AE 45534",Returned
O500303,CUST475632,3/14/2024,610.42,"885 Brittany Mission Suite 634, Elijahville, GA 95696",Returned
O500304,CUST626845,11/8/2024,3762.21,"919 Stafford Freeway, Andrewberg, KY 45067",Cancelled
O500305,CUST898244,3/10/2024,4211.96,"936 Todd Dam Suite 098, Port Davidchester, CT 76061",Delivered
O500306,CUST217532,5/21/2025,1497.22,"885 Amy Cape, West Abigailmouth, WV 54206",Shipped
O500307,CUST259265,12/25/2024,1189.82,"859 Nathan Ramp Suite 319, Aaronmouth, VA 58895",Delivered
O500308,CUST667405,7/22/2023,1881.59,"644 Scott Flat Apt. 242, East Karenfurt, WV 78609",Cancelled
O500309,CUST136479,8/6/2024,2019.53,"15128 Newton Plaza Apt. 481, Kimberlyshire, MS 86478",Delivered
O500310,CUST306791,5/19/2024,457.34,"98073 Jeffery Forks Suite 706, Port Joshua, VA 62761",Pending
O500311,CUST407368,12/8/2024,3258.71,"9678 Cindy Divide Suite 815, Knightmouth, AZ 93019",Returned
O500312,CUST342383,3/13/2025,1245.21,"1592 Meyer Stream Apt. 864, Bensonburgh, GA 61067",Cancelled
O500313,CUST874915,3/2/2024,2027.56,"9812 Joshua Isle Apt. 385, Lake Amandaborough, MO 88381",Pending
O500314,CUST718389,9/7/2023,3366.77,"2706 Wilson Prairie Apt. 779, Elizabethborough, MA 47690",Shipped
O500315,CUST652473,3/21/2025,174.78,"31170 Brian Trace Apt. 672, Lake Ryanfort, AK 50517",Cancelled
O500316,CUST134337,1/9/2025,4401.82,"80700 Daniel Causeway Suite 458, South Lisa, MS 82558",Shipped
O500317,CUST349732,3/4/2025,2776.49,"2758 Lisa Forges Apt. 205, Howardstad, PA 10370",Delivered
O500318,CUST379221,7/29/2023,3735.01,"969 Welch Track Suite 043, Wrightburgh, MA 92991",Returned
O500319,CUST504883,11/17/2024,1778.14,"6549 Moss Village Apt. 899, Lake Tonya, MD 80618",Delivered
O500320,CUST125016,9/18/2024,2635.68,"93117 Golden Harbors Apt. 740, Staceymouth, CO 09324",Cancelled
O500321,CUST522402,4/20/2025,2634.04,"288 Lynn Mountains, Patriciaburgh, FL 93170",Delivered
O500322,CUST506019,3/2/2024,845.04,"8678 Cox Mountains, Lake Anthony, AL 40158",Delivered
O500323,CUST509568,8/1/2023,4800.94,"79756 Owens Circle, East Debra, SC 21227",Cancelled
O500324,CUST893986,9/26/2023,2834.68,"07717 Anthony Rest, Hughesberg, NM 22796",Cancelled
O500325,CUST819792,9/17/2024,3318.81,"Unit 5820 Box 7953, DPO AA 09336",Cancelled
O500326,CUST890650,4/28/2025,916.69,"969 Tate Radial, South Roger, SD 27659",Cancelled
O500327,CUST420823,9/26/2024,2393.69,"099 Christina Inlet Suite 983, New Jameston, IL 62890",Cancelled
O500328,CUST035749,3/14/2024,1455.64,"734 Katherine Underpass Apt. 217, Codyfurt, NC 62664",Shipped
O500329,CUST273229,7/10/2024,812.69,"8956 Laura Hollow Apt. 713, New Cynthia, OH 54807",Cancelled
O500330,CUST920901,6/3/2025,732.5,"88375 Makayla Park, Malikborough, NH 03222",Delivered
O500331,CUST461793,3/17/2025,1365.34,"32290 Miranda Motorway Suite 234, Marciabury, CO 05462",Delivered
O500332,CUST558314,2/3/2024,4048.83,"6481 Wayne Station Apt. 008, South Tannerside, NY 57758",Returned
O500333,CUST266831,11/15/2024,158.64,"74455 Jenkins Locks, East John, WI 13344",Shipped
O500334,CUST306893,12/12/2023,2925.9,"19824 Bell Viaduct, Boyerburgh, OH 19033",Cancelled
O500335,CUST706244,6/19/2025,789.14,"31803 Sanford Shoal, New Nancy, LA 42547",Cancelled
O500336,CUST098332,3/12/2025,586.87,"USNV Young, FPO AE 37266",Shipped
O500337,CUST827414,3/21/2025,3286.53,"6670 Donaldson Avenue Suite 179, South Alicia, VT 14133",Cancelled
O500338,CUST721545,9/13/2024,550.83,"766 Pennington Forks Apt. 543, West Tamara, VT 18250",Pending
O500339,CUST476359,11/16/2024,486.76,"16071 Daisy Fort, Port Emilyland, IN 82332",Returned
O500340,CUST391847,5/11/2025,4457.94,"8618 Kerr Path Apt. 886, Lake Nicholas, WV 12127",Delivered
O500341,CUST898043,12/30/2024,1293.68,"43584 Robinson Landing, South Charles, LA 81184",Shipped
O500342,CUST085796,9/7/2024,4105.69,"5136 Johnson Keys Apt. 722, South Cynthia, NM 41855",Delivered
O500343,CUST542179,5/28/2024,2891.43,"9266 Danielle Ranch, Victorview, MN 31223",Pending
O500344,CUST669614,7/31/2023,4970.3,"289 Velazquez Highway Apt. 343, Elizabethchester, NV 96288",Shipped
O500345,CUST702669,5/6/2025,2298.07,"2989 Grant Pike Apt. 328, Justinview, KS 26272",Delivered
O500346,CUST603019,5/13/2024,3159.74,"555 Craig Springs Apt. 340, Port Daniel, CT 97125",Delivered
O500347,CUST435038,9/6/2024,1166.48,"03345 Lloyd Prairie, Nancyfurt, ME 21607",Pending
O500348,CUST336222,1/13/2024,4038.57,"939 Moon Springs, Rushchester, IL 05012",Shipped
O500349,CUST010801,5/1/2024,399.6,"4903 Kristi Bridge Apt. 776, Lake Jamiefort, KS 14530",Pending
O500350,CUST914723,8/30/2024,2513.75,"1494 Daniel Causeway, Wilsonland, MS 67472",Pending
O500351,CUST829383,4/12/2024,418.91,"59235 George Views Apt. 590, Margaretville, CO 84327",Pending
O500352,CUST292489,11/9/2024,434.76,"556 Theresa Squares Suite 581, Obrientown, CO 22046",Shipped
O500353,CUST593406,12/26/2024,3944.15,"951 Frank Tunnel Apt. 577, North Debraburgh, AZ 61041",Returned
O500354,CUST090513,10/21/2023,1634.67,"9150 Castro Squares, North Kelly, TX 67730",Delivered
O500355,CUST299213,3/14/2024,4785.88,"326 Miller Plains Suite 914, Port Taylorstad, WY 27720",Pending
O500356,CUST379053,5/10/2024,2921.27,"633 Smith Crest Suite 579, Port Danielside, MI 61862",Shipped
O500357,CUST755948,12/22/2024,2616.13,"914 Nicholas Common Suite 797, Wagnershire, AL 80907",Delivered
O500358,CUST851032,2/7/2024,405.68,"034 Michael Plains, South Josephchester, TX 88567",Cancelled
O500359,CUST631865,4/2/2025,4055.63,"570 Singh Trail Suite 551, Codyberg, MO 61748",Delivered
O500360,CUST759261,4/23/2025,1804.64,"56824 Baker Bypass Suite 465, Harriston, CO 72612",Shipped
O500361,CUST854010,2/17/2025,2222.42,"9463 Stacy Stream Suite 810, Clineburgh, VT 94039",Returned
O500362,CUST186757,7/11/2024,2934.42,"USCGC Durham, FPO AE 71375",Shipped
O500363,CUST379548,5/13/2024,105.54,"Unit 2705 Box 2744, DPO AA 95015",Shipped
O500364,CUST312000,6/1/2025,916.27,"30243 Edward Roads Suite 573, Olsonberg, CA 02604",Cancelled
O500365,CUST089117,6/2/2024,4880.34,"9036 Webb Dam Apt. 692, Wellshaven, NM 46594",Shipped
O500366,CUST173778,6/15/2024,384.36,"167 Mccarthy Centers, East Katiehaven, ND 35360",Returned
O500367,CUST848348,8/27/2023,2192,"877 Martin Ranch, South Paula, SC 47332",Cancelled
O500368,CUST944693,4/26/2025,2481.25,"267 Wright Lakes, Washingtonton, OR 29020",Shipped
O500369,CUST568986,12/23/2024,4553.86,"USS Hayes, FPO AA 75936",Delivered
O500370,CUST229369,6/12/2024,2625.32,"2430 William Expressway, West Jennifer, NM 58557",Cancelled
O500371,CUST929941,4/25/2025,2322,"329 Gilbert Key Apt. 764, Daniellechester, ND 20445",Pending
O500372,CUST602317,3/2/2025,3855.59,"615 Timothy Highway, Cassandraport, AL 98047",Shipped
O500373,CUST714003,5/25/2024,1911.07,"284 Valerie Centers, Gonzalezmouth, HI 56535",Pending
O500374,CUST546010,3/1/2024,4754.44,"9785 Nguyen Wells, Jimenezville, MS 96749",Returned
O500375,CUST268328,5/3/2025,2990.23,"099 Davis Corner Apt. 364, Masonville, AL 68695",Returned
O500376,CUST582443,12/5/2024,2967.87,"314 Mann Creek, Dustinland, TX 35869",Returned
O500377,CUST553410,3/4/2025,1721.17,"41250 Campbell Ferry, New Lindaland, TN 89430",Pending
O500378,CUST623486,7/5/2024,3796.2,"546 Heather Ports, Thomasborough, MS 44774",Pending
O500379,CUST193396,10/25/2023,1758.19,"Unit 9418 Box 9573, DPO AE 19113",Pending
O500380,CUST194793,12/16/2023,494.74,"Unit 7537 Box 1939, DPO AP 94972",Shipped
O500381,CUST122770,2/12/2024,4523.77,"80868 Jennifer Lake, Brandonside, TN 54805",Shipped
O500382,CUST426403,9/21/2023,1155.54,"158 Alexandra Lock Apt. 883, Carlsonfort, NM 46069",Delivered
O500383,CUST160327,8/11/2023,339.81,"6598 Roberts Island Apt. 739, Kayleebury, KS 48712",Delivered
O500384,CUST547787,5/22/2024,3367,"84578 Jeremy Path, Torresland, PA 16406",Delivered
O500385,CUST091240,11/23/2023,4372.05,"3062 Elizabeth Glen, Jonestown, UT 81649",Shipped
O500386,CUST705135,10/29/2023,3389.67,"57384 Woods Spring, North Tiffanyview, AL 15511",Delivered
O500387,CUST864586,4/22/2025,4172.69,"79642 John Cliff, New Christopherside, VA 10916",Cancelled
O500388,CUST284282,2/18/2024,196.99,"6915 Andrew Brooks Suite 461, Andersonport, IA 54966",Shipped
O500389,CUST150633,11/13/2023,3383.33,"979 Cummings Mountains, New Martin, MT 53634",Delivered
O500390,CUST523425,9/21/2024,954.16,"27505 Matthew Common, Grayborough, MS 29947",Pending
O500391,CUST042187,6/1/2024,3265.21,"920 Johnny Groves, New Christopherville, AR 68987",Pending
O500392,CUST520863,5/21/2024,1485.25,"5530 Hays Mount Apt. 788, Gilmoremouth, NV 51184",Delivered
O500393,CUST600395,12/19/2024,2558.08,"8535 Joseph Glens Apt. 393, Lake Dylan, DE 70791",Returned
O500394,CUST764026,11/16/2023,1182.31,"35040 Ramsey Ports, Martinbury, HI 22367",Cancelled
O500395,CUST587593,8/13/2023,1549.64,"483 Megan Trail, Smithhaven, CA 22511",Cancelled
O500396,CUST880522,7/26/2024,1341.95,"00117 Kimberly Falls Apt. 335, Wayneshire, MO 77713",Returned
O500397,CUST531777,9/27/2024,2090.42,"120 Kevin Avenue Apt. 905, Schwartzshire, OK 69756",Delivered
O500398,CUST338316,8/6/2024,1505.12,"7314 Walker Overpass Suite 522, Mathewsshire, NM 99101",Pending
O500399,CUST854299,11/10/2024,883.69,"0423 Shannon Fall Apt. 015, East Duanebury, OH 80535",Delivered
O500400,CUST737975,2/28/2025,4653.03,"6752 Jones Turnpike, Port Donaldmouth, WV 38430",Pending
O500401,CUST851946,4/20/2025,4017.38,"521 Lynn Union, Williamsfort, LA 51913",Cancelled
O500402,CUST082621,12/23/2023,1113.26,"7844 Ferrell Valleys, New Valerieville, SC 21209",Cancelled
O500403,CUST187573,10/17/2024,80.39,"57200 Riley Isle, North Roberto, AR 46227",Shipped
O500404,CUST624582,10/4/2023,2743.57,"35235 Troy View Apt. 963, Robinview, MO 62029",Delivered
O500405,CUST560988,3/12/2025,2480.94,"00532 Nelson Wall Suite 949, Tylerside, OK 57093",Pending
O500406,CUST537050,6/24/2025,4311.26,"21542 Navarro Villages, Morrismouth, MA 42548",Pending
O500407,CUST644991,2/14/2025,655.41,"527 Aaron Ramp Suite 801, New Kimberlyborough, TX 30275",Shipped
O500408,CUST031069,5/25/2025,4444.06,"8206 Katie Port Apt. 186, North Hunterton, IL 90336",Pending
O500409,CUST748052,8/20/2024,4224.84,"USCGC Baker, FPO AE 21652",Pending
O500410,CUST132718,11/10/2023,324.67,"097 Dominguez Stream Apt. 301, West Hollychester, GA 70366",Pending
O500411,CUST196310,6/24/2024,4878.29,"4145 Matthew Manor Apt. 008, Jonesstad, NC 47197",Pending
O500412,CUST316366,9/9/2024,1036.26,"8647 Haas Neck Apt. 091, Tanyaberg, OR 15723",Pending
O500413,CUST952213,8/24/2024,1698.65,"594 Jones Island Apt. 860, Hayesberg, SC 77501",Pending
O500414,CUST916904,1/27/2025,3013.08,"929 Steven Stravenue, Barrettshire, SC 87815",Returned
O500415,CUST933483,4/16/2025,2977.35,"3368 Andre Well, North Stephen, MA 22612",Cancelled
O500416,CUST953025,4/14/2024,2342.43,"4961 Elizabeth Gardens, Ramirezhaven, MO 47354",Cancelled
O500417,CUST971061,9/23/2024,4981.22,"PSC 8142, Box 0749, APO AP 72986",Returned
O500418,CUST336485,12/30/2024,2861.99,"57136 Anna Isle Apt. 963, Fowlerchester, PA 67557",Cancelled
O500419,CUST123151,12/23/2023,2635.21,"06898 Victor Forest Suite 691, Lake Ryan, AZ 10776",Shipped
O500420,CUST084753,1/22/2024,4693.92,"383 Johnson Grove, East Philipside, MO 40988",Cancelled
O500421,CUST394583,5/15/2024,2238.91,"84193 Thomas Squares Suite 756, Williamport, WY 61685",Shipped
O500422,CUST075060,5/9/2024,2984.02,"99772 Kara Springs, Port Janet, SD 65349",Cancelled
O500423,CUST330488,8/12/2023,3569.16,"47939 Daniels Island, South Eric, WA 25534",Delivered
O500424,CUST919104,3/27/2024,2368.38,"235 Jennifer Spur, Ericview, PA 37461",Shipped
O500425,CUST085339,5/13/2025,2828.82,"4403 John Stream, South Lisashire, MD 64553",Delivered
O500426,CUST652386,11/21/2024,2352.68,"0643 Jeffrey Ford, West Nancy, NY 77179",Cancelled
O500427,CUST716351,2/18/2024,3702.66,"446 Hill Walks, New Christina, MI 12192",Pending
O500428,CUST264719,5/27/2025,1285.07,"68380 Guzman Fort, West Rachelstad, MT 91311",Pending
O500429,CUST191663,12/1/2024,3780.9,"939 Linda Islands, West Michelle, WV 59830",Returned
O500430,CUST080589,10/7/2023,303.99,"0148 Rebecca Dale, North Lisashire, VT 33093",Pending
O500431,CUST151810,2/7/2024,3345.33,"18276 Angela Canyon, Kellyburgh, CA 07942",Returned
O500432,CUST441715,8/25/2023,190.82,"17801 Davis Lock Apt. 944, South Bryanburgh, FL 06633",Returned
O500433,CUST082947,4/28/2024,1503.8,"431 Alexander Shoal, Ericaborough, MI 04495",Delivered
O500434,CUST691603,11/23/2024,1272.79,"724 Thomas Valleys, Lake Sydney, NY 34004",Pending
O500435,CUST829573,11/26/2024,4981.43,"55832 Bright Plaza Apt. 869, West Pamelatown, NE 99560",Cancelled
O500436,CUST946987,4/11/2024,1743.09,"549 Benjamin Walk, West Harold, VA 21611",Cancelled
O500437,CUST615536,11/24/2023,1855.76,"81684 Amanda Square Apt. 298, Shelbybury, DE 90646",Returned
O500438,CUST121710,4/8/2024,2506.94,"4935 Anthony Terrace, Joyceberg, CT 58950",Shipped
O500439,CUST934034,5/12/2024,4430.68,"264 Julie Isle Apt. 132, Calvinport, ME 58000",Shipped
O500440,CUST333327,8/15/2023,1983.18,"3050 Harrison Drives Apt. 424, Lake Samuelberg, NY 37856",Returned
O500441,CUST092680,12/6/2023,589.04,"670 Sanders Heights, West Jonathan, MD 53260",Cancelled
O500442,CUST558742,9/11/2023,4160.27,"4859 Brandi Light Suite 919, Port Dianabury, ID 94575",Pending
O500443,CUST503043,2/15/2024,4266.06,"3182 Cathy Shores Apt. 235, Davidborough, HI 64552",Pending
O500444,CUST503133,11/3/2024,2604.35,"906 Teresa Via, Sanchezmouth, LA 03689",Returned
O500445,CUST346029,7/29/2023,3354.21,"757 Amy Springs Suite 898, Floydport, ND 18544",Pending
O500446,CUST439703,3/3/2025,1559.19,"7330 Jackie Flats Apt. 837, Robinsonmouth, ND 71361",Delivered
O500447,CUST869289,9/3/2024,2301.31,"97109 Williams Coves Apt. 280, Danielfort, NH 17574",Delivered
O500448,CUST193027,10/10/2023,2915.22,"9248 Nicholas Courts, Mckinneymouth, NE 67820",Pending
O500449,CUST337605,1/11/2024,4689.74,"649 Zimmerman Locks Suite 459, Johnsontown, AZ 28416",Cancelled
O500450,CUST852984,6/21/2025,1561.96,"76815 Ruiz Street Apt. 310, Tiffanybury, FL 11701",Returned
O500451,CUST738004,1/12/2025,1393.74,"63628 Hubbard Crossing Apt. 234, Manningfurt, HI 72191",Shipped
O500452,CUST115790,6/4/2024,1870.47,"02384 Cross Green, New Jose, OK 52476",Delivered
O500453,CUST275741,1/11/2025,223.74,"4608 Donald Light, New Oliviafurt, VT 75456",Pending
O500454,CUST750496,1/24/2025,661.4,"491 Alex Hollow Apt. 785, West Frank, OK 68672",Cancelled
O500455,CUST355342,4/10/2024,2492.33,"766 Lindsey Plaza Suite 153, Matthewborough, NM 05653",Cancelled
O500456,CUST046364,4/10/2025,4865.91,"98508 Castillo Crossing, Cannontown, KS 78185",Delivered
O500457,CUST341945,12/28/2024,2409.78,"973 Jeffery Circles Apt. 966, Parkerburgh, MO 05648",Shipped
O500458,CUST571521,3/10/2025,94.46,"247 Garcia Underpass, Brownport, ID 22890",Delivered
O500459,CUST986935,2/19/2024,3335.2,"2214 Amanda Loop Suite 564, East Bill, VT 17376",Shipped
O500460,CUST514203,1/18/2024,3708.65,"336 Li Throughway, Tyronemouth, CA 35170",Pending
O500461,CUST655069,5/2/2025,4140.56,"PSC 9899, Box 5767, APO AE 67052",Cancelled
O500462,CUST186946,5/9/2025,437.58,"42929 Wilson Station Apt. 042, Victoriafort, CO 96392",Returned
O500463,CUST017102,2/16/2024,4168.37,"331 Mitchell Route Suite 733, Katherinefort, DE 28071",Shipped
O500464,CUST248214,4/18/2025,3850.88,"7143 Lopez Manors Suite 861, New Crystalstad, LA 11062",Pending
O500465,CUST735179,7/20/2023,4156.02,"85115 Walls Parkway Apt. 031, Kyleburgh, AL 89289",Returned
O500466,CUST263171,4/16/2025,1772.5,"0031 Bishop Island, Brownmouth, SD 72322",Pending
O500467,CUST933468,4/26/2024,752.26,"93100 Joel Village, Charleshaven, CT 66661",Delivered
O500468,CUST239520,12/25/2023,834.85,"57756 Rivas Camp, Lake Johnborough, NH 92100",Pending
O500469,CUST764245,6/12/2024,2048.92,"80152 Livingston Crest Apt. 581, Lake Michael, OR 07255",Delivered
O500470,CUST056433,8/29/2024,4657.83,"PSC 1215, Box 2642, APO AE 14230",Returned
O500471,CUST927712,1/19/2025,161.79,"2631 Kevin Land Suite 342, West Thomasport, MA 13716",Returned
O500472,CUST677517,1/4/2024,3852.78,"24708 Laura Port Apt. 875, East Daniel, HI 49293",Cancelled
O500473,CUST125019,5/5/2025,2752.42,"PSC 2362, Box 8988, APO AA 16919",Cancelled
O500474,CUST253680,2/5/2024,988.51,"726 Lane Crescent, Hollandborough, AR 35442",Cancelled
O500475,CUST041294,1/20/2024,4490.04,"2689 Steven Locks, North Kristaland, NV 33245",Delivered
O500476,CUST277706,5/6/2024,2799.31,"19798 Myers Crossing Apt. 122, Kevinfurt, WV 87205",Pending
O500477,CUST769115,12/27/2024,2226.8,"353 Sherman Canyon, South Allison, NJ 20002",Returned
O500478,CUST664884,2/6/2025,2633.07,"264 Dawn Points Suite 361, New Megan, ID 14838",Returned
O500479,CUST363570,5/17/2024,1962.97,"2523 Williams Radial, Lake Paula, MD 09261",Returned
O500480,CUST479525,5/14/2024,3280.76,"66433 Jeffery Skyway Suite 859, South Jack, ME 26841",Shipped
O500481,CUST777235,5/27/2025,610.57,"95802 Alicia Expressway Apt. 240, New Tom, MD 65694",Delivered
O500482,CUST039674,6/19/2024,2794.16,"6089 Amy Forks, South Rogerport, IL 77129",Shipped
O500483,CUST622524,8/16/2023,2642.7,"07038 Marsh Meadow, West Pamelafurt, MD 41647",Shipped
O500484,CUST442664,5/4/2025,2914.99,"44470 Melissa Freeway Apt. 491, Port Cheryl, NJ 21011",Pending
O500485,CUST005445,12/28/2023,2019.55,"065 Jillian Crossing Apt. 668, Johnsonborough, CO 29373",Cancelled
O500486,CUST306643,5/15/2024,4963.07,"3931 Ruth Rue Apt. 303, Timothyport, CA 97840",Pending
O500487,CUST837902,7/10/2024,2127.04,"75417 Courtney Walks, Lake Hannah, SD 32782",Delivered
O500488,CUST540235,11/20/2024,2057.2,"174 Tanner Road, West Sheilastad, OR 26406",Delivered
O500489,CUST909960,2/16/2025,2923.78,"336 Jon Rue, Marshallton, HI 88812",Returned
O500490,CUST506582,5/18/2024,4222.45,"86244 Torres Spur Apt. 130, Hayneschester, MA 59095",Delivered
O500491,CUST270205,9/9/2023,2690.15,"USCGC Wright, FPO AA 18381",Returned
O500492,CUST871337,2/9/2025,2977.78,"521 Chan Pine, South Veronicaview, SC 86552",Delivered
O500493,CUST426031,1/10/2024,4600.98,"25263 Baldwin Ways Apt. 091, Port Edwin, NE 84682",Shipped
O500494,CUST599906,6/22/2024,2514.15,"3646 Elizabeth Ports Apt. 999, Rileyview, AK 85986",Cancelled
O500495,CUST125702,7/23/2023,4772.61,"3950 Eric Crest, Guerraside, WY 40806",Returned
O500496,CUST298963,8/21/2024,4048.8,"3840 Kim Cove Apt. 421, South Stevenland, NJ 03757",Delivered
O500497,CUST125763,6/23/2025,1862.14,"0412 Graves Centers, North Stanleymouth, RI 88876",Returned
O500498,CUST110872,12/19/2023,733.45,"661 Bartlett Cape, Lake Ryanmouth, AL 48883",Pending
O500499,CUST479922,9/24/2023,1785.24,"5364 Duran Canyon, Washingtonberg, CT 06504",Returned
O500500,CUST026561,2/11/2025,323.66,"7809 Elizabeth Road Suite 945, Hernandezville, ME 79698",Shipped
O500501,CUST038201,8/15/2023,4838.07,"280 Allison Forge, Marissaville, VT 36147",Shipped
O500502,CUST802943,2/4/2025,4506.3,"1630 Michelle Parkways Apt. 900, Lake Amandastad, SC 11249",Cancelled
O500503,CUST265862,2/2/2024,2041.43,"08752 Sanders Spur, Lake Derek, WV 66951",Shipped
O500504,CUST770140,10/12/2024,4085.85,"1726 Jacqueline Trail Suite 656, East Amandafort, CT 52635",Returned
O500505,CUST662010,1/16/2024,4175,"9570 Stephanie Club, Wallacehaven, CO 50097",Pending
O500506,CUST565949,10/5/2023,2195.02,"4988 Nelson Passage, Hollowayland, NJ 18414",Pending
O500507,CUST727463,7/29/2023,4225.13,"9143 Samantha Plain, Johnsonborough, TN 78511",Cancelled
O500508,CUST116329,12/5/2023,4577.97,"821 Cain Loop Apt. 403, Darrellfort, MS 36168",Cancelled
O500509,CUST190855,5/9/2024,2674.07,"935 Marvin Crossing Apt. 465, Tiffanyville, KY 86856",Returned
O500510,CUST808953,5/18/2025,4678.25,"0035 Nicholas Camp, North Brianna, MT 31554",Returned
O500511,CUST850488,8/27/2023,2021.09,"717 Gray Prairie Apt. 735, East Melissafort, NJ 68476",Cancelled
O500512,CUST034974,1/5/2025,405.66,"82162 Woodard Ridge, Merrittshire, WI 43175",Shipped
O500513,CUST463397,7/21/2023,660.18,"082 James Drives Apt. 002, Montgomerychester, KS 47555",Returned
O500514,CUST048802,9/22/2024,3348.05,"64290 Justin Park Suite 787, Lake Christinaport, VT 45226",Delivered
O500515,CUST516849,11/29/2023,948.63,"5120 Nicholas Wall Suite 583, Hortonview, OH 12813",Pending
O500516,CUST079555,3/4/2025,2363.29,"4165 Krista Trail, East Dustin, SD 74991",Returned
O500517,CUST665168,1/21/2024,3468.6,"7938 Jose Stravenue, Port Samantha, OH 77175",Shipped
O500518,CUST570793,11/2/2024,653.22,"212 Tracy Orchard, Port Cathy, TN 36223",Cancelled
O500519,CUST294460,9/10/2023,3543.92,"32464 Terrence Loop, Lake Christopherfort, NY 91115",Returned
O500520,CUST607693,1/24/2024,816.09,"01296 Bonnie Locks Apt. 781, Whitefort, NY 28557",Pending
O500521,CUST136637,3/19/2024,4456.97,"83446 Tracey Field, West Robertville, ID 95791",Cancelled
O500522,CUST765471,7/5/2024,1527,"PSC 3931, Box 9350, APO AA 07870",Delivered
O500523,CUST535480,7/30/2023,3253.27,"288 Jack Via Suite 739, East Kevinside, ME 23992",Delivered
O500524,CUST127493,11/10/2023,2225.39,"03738 Ortega Mountain, Natashaland, NJ 50381",Cancelled
O500525,CUST705326,12/18/2024,4155.04,"852 Rachael Club Suite 867, Port Matthew, ND 98509",Shipped
O500526,CUST733859,10/27/2023,453.23,"0235 Carrie Grove Apt. 205, Lopezberg, WV 29731",Pending
O500527,CUST915831,12/7/2024,4705.88,"9218 Nicole Stream, Williamsside, TN 79251",Delivered
O500528,CUST358137,4/8/2025,2120.25,"42300 Edgar Pike, Melissaville, KS 98296",Shipped
O500529,CUST997637,6/8/2024,4192.43,"0325 Coffey Circle, East James, MS 46382",Delivered
O500530,CUST807299,12/23/2024,4575.55,"USCGC Snyder, FPO AP 93212",Cancelled
O500531,CUST430713,5/15/2025,3577.61,"23825 Davis Turnpike, East Danielle, PA 75101",Cancelled
O500532,CUST052456,6/9/2024,2589.98,"1225 Robert Glens, East Stephaniefurt, IN 61716",Pending
O500533,CUST630580,7/18/2023,2663.09,"643 Davis Dam, Malonefurt, DC 71632",Pending
O500534,CUST819270,11/18/2024,2044.35,"082 Daniel Greens, Lake Micheleshire, VA 83431",Returned
O500535,CUST571314,1/5/2025,1096.93,"1726 Russell Haven Suite 746, Tylermouth, LA 92058",Shipped
O500536,CUST587180,5/4/2024,1370.49,"162 Pham Mill Apt. 087, Davidmouth, KS 25775",Delivered
O500537,CUST389616,8/18/2023,2783.07,"36144 Reilly Trail Suite 973, East Lisa, OH 02425",Pending
O500538,CUST867303,2/3/2025,741.75,"490 Marisa Estates Apt. 546, Blackmouth, AZ 93564",Returned
O500539,CUST296440,7/30/2023,4964.23,"Unit 1212 Box 5768, DPO AA 45991",Shipped
O500540,CUST332217,12/27/2024,1703.53,"6444 Wang Canyon, Maureenstad, TX 77598",Pending
O500541,CUST774171,8/14/2023,2501.89,"68339 Middleton Branch Suite 378, Tylerberg, NC 87453",Delivered
O500542,CUST102306,3/27/2025,251.83,"36109 White Island, Ritterchester, MN 57530",Delivered
O500543,CUST271218,12/13/2024,1432.9,"9056 Chris Neck, South Jessica, IN 94662",Shipped
O500544,CUST418972,6/3/2024,3124.63,"Unit 3132 Box 4011, DPO AE 56182",Returned
O500545,CUST358685,10/29/2023,4522.79,"74703 Brittany Courts, North Kyle, OK 71945",Pending
O500546,CUST237913,6/13/2024,1137.97,"44928 Gordon Underpass Suite 465, Baileyborough, OH 10668",Shipped
O500547,CUST594287,7/25/2023,3844.45,"0007 Tammy Village, Port Bradleyton, WI 63566",Returned
O500548,CUST590429,2/2/2025,893.13,"USS Reynolds, FPO AA 97121",Cancelled
O500549,CUST626988,8/27/2023,430.62,"6932 Tucker Pines, Lake James, RI 99127",Delivered
O500550,CUST007071,5/22/2024,4836.51,"781 Eugene Hollow Apt. 253, Hernandezborough, WI 52070",Returned
O500551,CUST534588,5/19/2025,3800.25,"185 Katherine Lights Suite 540, Port Jessebury, IL 22936",Pending
O500552,CUST237399,7/28/2024,2764.12,"760 Amanda Mountains Suite 470, West Joshua, MA 96479",Returned
O500553,CUST087789,5/11/2025,638.22,"74110 Kelly Course Suite 400, Jessicaville, TX 65211",Delivered
O500554,CUST185521,3/8/2024,1607.71,"4526 Joan Spur Apt. 572, Miaton, NE 72298",Returned
O500555,CUST109880,1/15/2025,4736.04,"546 Danielle Ports, West David, WA 71219",Pending
O500556,CUST532761,2/29/2024,1938.43,"7526 Hawkins Views, Medinashire, WY 49081",Cancelled
O500557,CUST917655,6/15/2025,4025.25,"91446 Deanna Track Apt. 325, Lake Elizabeth, NJ 36291",Returned
O500558,CUST682659,5/5/2025,1071.85,"647 David Pines Suite 192, South Todd, IL 14959",Returned
O500559,CUST665857,1/15/2025,2971.82,"795 Brewer Walks Apt. 116, Phillipfurt, NE 13742",Pending
O500560,CUST844509,6/8/2024,3742.93,"1887 Patrick Unions, North Josephhaven, NV 22959",Delivered
O500561,CUST172210,4/16/2025,719.11,"87573 Lewis Locks Suite 673, New Jessicaberg, TN 83014",Cancelled
O500562,CUST444242,1/18/2025,95,"7257 Odom Vista Suite 423, Mooreshire, VA 34704",Returned
O500563,CUST462732,8/16/2023,279.63,"60440 Angela Extension Apt. 381, North Michael, AZ 42477",Returned
O500564,CUST914722,8/17/2024,560.67,"504 David Lake Apt. 991, North Elijahville, IN 21214",Returned
O500565,CUST505053,11/22/2023,4454.26,"69038 Brown Views Apt. 720, North Lindahaven, KS 48676",Pending
O500566,CUST028632,3/30/2024,3991.36,"924 Harrison Skyway Suite 492, Holmesville, MD 25069",Cancelled
O500567,CUST088485,4/4/2025,4819.1,"1255 Miller Drive, Johnmouth, WV 04687",Cancelled
O500568,CUST459431,12/13/2023,3462.5,"19098 Murphy Stream, South Jeremy, MA 80922",Delivered
O500569,CUST198413,7/25/2023,2703.37,"89186 Leon Burg Suite 235, Lake Nathanielburgh, MA 30008",Pending
O500570,CUST319875,6/21/2024,4542.56,"1897 Krystal Ridge Suite 667, Port Joel, RI 46338",Delivered
O500571,CUST736346,2/22/2025,848.89,"5029 Hall Dam, Baileyport, MT 27804",Delivered
O500572,CUST583640,2/26/2024,1445.62,"19590 Elizabeth Fort Apt. 148, Rodriguezstad, SD 11720",Delivered
O500573,CUST058493,5/15/2025,2532.97,"329 Mark Pike Suite 979, South Cheyenne, WY 49789",Pending
O500574,CUST547675,8/15/2024,531.99,"24627 Alexander Alley Apt. 269, South Kimberly, NE 90329",Returned
O500575,CUST882111,10/3/2024,3695.46,"7520 Hawkins Mission Suite 318, North Breanna, NY 37117",Delivered
O500576,CUST160336,10/10/2024,3403.13,"17915 Meagan Squares Apt. 882, Johnmouth, SC 21737",Shipped
O500577,CUST360608,6/7/2025,2371.96,"7418 Choi Key, Tracyborough, NE 29303",Cancelled
O500578,CUST806260,12/25/2023,4747.91,"98586 Martha Throughway, West Gabrielfurt, VT 58699",Returned
O500579,CUST206417,1/20/2025,1529.26,"46853 Jamie Plaza, South Samantha, TN 45800",Delivered
O500580,CUST862395,3/16/2025,2357.57,"1194 Byrd Inlet, East Christianview, SD 13703",Shipped
O500581,CUST809132,5/21/2025,657.91,"852 Lonnie Locks Apt. 469, Davisshire, DE 76747",Shipped
O500582,CUST274606,1/18/2025,747.29,"PSC 5762, Box 2188, APO AA 18237",Shipped
O500583,CUST027212,9/25/2023,2465.37,"0891 Griffin Track Suite 470, North Garyport, WI 58751",Returned
O500584,CUST175851,11/16/2024,989.34,"4517 Alvarez Mountain, Boydside, DC 17738",Returned
O500585,CUST222016,11/26/2024,3482.4,"893 Berry Ranch, Alvarezfort, TN 44835",Pending
O500586,CUST985540,6/3/2025,4372.74,"0062 Karen Cape Apt. 501, Ronaldmouth, NC 82840",Returned
O500587,CUST018658,7/13/2024,2857.53,"001 Kathryn Pine Suite 763, Wallaceland, NC 69332",Cancelled
O500588,CUST576554,9/14/2024,849.92,"0310 Kimberly Mount Suite 981, South Elizabethmouth, MO 09593",Cancelled
O500589,CUST774235,11/29/2023,1551.6,"7044 Fisher Neck, New Kristinton, AR 62921",Cancelled
O500590,CUST835306,9/12/2023,1243.55,"0179 Montgomery Cliffs Suite 776, Robinsonmouth, GA 18478",Shipped
O500591,CUST799204,6/13/2025,3638.98,"6312 Reed Islands Suite 099, Rebeccaberg, MN 70345",Delivered
O500592,CUST388856,10/30/2024,1044.01,"PSC 3220, Box 1256, APO AE 02577",Pending
O500593,CUST424022,4/21/2025,1285.88,"0522 Brian Unions, New Tommyhaven, ND 74348",Shipped
O500594,CUST033063,11/30/2023,3644.38,"127 Church Expressway Suite 076, Houstonberg, FL 06077",Shipped
O500595,CUST005757,9/10/2023,3910.26,"926 Cristian Passage Apt. 892, Lake Jeremy, NH 73512",Returned
O500596,CUST934453,8/11/2023,3916.2,"534 William Flat, Marthaburgh, MT 20804",Pending
O500597,CUST022990,8/4/2024,4456.79,"624 Wendy Cape, East Tracy, MS 08699",Delivered
O500598,CUST336370,8/27/2023,3482.96,"9310 Brown Plains, Duncanmouth, ID 17637",Delivered
O500599,CUST909508,6/21/2024,1657.31,"668 Bean Walks Suite 041, Robinsonberg, WV 70335",Cancelled
O500600,CUST435392,3/8/2025,3640.83,"905 Melinda Plains Apt. 917, North Ashley, SC 50771",Returned
O500601,CUST779649,12/6/2024,3840.81,"853 Perry Hill Apt. 570, Gregoryland, VA 32907",Returned
O500602,CUST410399,4/10/2024,2686,"19454 Haynes Divide Suite 809, North Shirley, AL 10509",Shipped
O500603,CUST713568,1/15/2025,1480.08,"49979 Costa Port Apt. 938, North Lukeburgh, GA 89746",Cancelled
O500604,CUST529344,7/5/2024,2269.17,"5833 Jacqueline Inlet, Lindsaymouth, FL 98208",Returned
O500605,CUST562514,1/30/2024,2105.67,"84908 Williams Overpass, Nicholasfort, MD 15483",Shipped
O500606,CUST773594,1/5/2025,2334.08,"USS Baxter, FPO AP 52924",Pending
O500607,CUST715843,6/2/2024,4042.75,"29863 Jason Corner, North Christopherport, MI 78155",Shipped
O500608,CUST182008,1/2/2024,1733.72,"30115 Jeffrey Stravenue, South Dawnport, NE 71651",Cancelled
O500609,CUST369306,7/15/2023,113.27,"USS House, FPO AA 05222",Returned
O500610,CUST372167,4/1/2024,1044.09,"9366 Smith Center Apt. 447, South Anthonyborough, DC 87103",Cancelled
O500611,CUST286320,11/24/2024,1077.83,"227 Molly Estate, North Tonya, ND 73930",Delivered
O500612,CUST575143,2/24/2025,4655.45,"9149 Mary Rapids, Port Brittany, IN 71287",Cancelled
O500613,CUST509423,10/14/2023,187,"431 Sanders Loaf Apt. 588, East Loritown, DC 62111",Cancelled
O500614,CUST052791,10/27/2023,2624.67,"312 Parker Run, Hernandezfurt, WV 77881",Cancelled
O500615,CUST809897,8/13/2023,1033.45,"9670 Brown Haven Apt. 081, New Cory, WV 88785",Cancelled
O500616,CUST348353,9/22/2023,383.4,"6337 Hartman Mews Suite 885, Travisport, MD 49629",Pending
O500617,CUST016287,9/27/2024,1997.76,"0377 Thomas Club, Port Dianeberg, NJ 41447",Cancelled
O500618,CUST894546,5/14/2024,997.72,"92307 Caleb Lock Apt. 345, Bradleyton, MT 86053",Cancelled
O500619,CUST444486,8/14/2024,2102.23,"34601 Stephanie Coves, North Curtishaven, PA 61800",Shipped
O500620,CUST386340,2/9/2024,385.14,"87576 Daniel Orchard Suite 482, Herreratown, NJ 24503",Delivered
O500621,CUST620156,8/8/2023,682.72,"50832 Lisa Coves Apt. 214, Holderberg, ID 02691",Cancelled
O500622,CUST131268,1/8/2025,4483,"86782 Moran Union Apt. 407, New Annaburgh, WA 17291",Delivered
O500623,CUST798524,3/22/2025,3968.23,"5723 Christopher Spurs, Lake Paul, MO 97878",Cancelled
O500624,CUST470733,2/1/2025,2442.03,"3988 Jacqueline Square, North Dana, NY 32267",Pending
O500625,CUST703603,4/12/2025,150.63,"19177 Kathleen Field, West Williamstad, NC 22196",Shipped
O500626,CUST932543,11/29/2024,2615.9,"2696 Martin Flat, North Reneeside, IN 15462",Delivered
O500627,CUST115723,12/12/2023,2444.08,"PSC 7238, Box 1257, APO AP 82954",Pending
O500628,CUST689891,9/10/2023,2340.86,"7735 Michael Stravenue, Kellyport, GA 74279",Cancelled
O500629,CUST785962,9/4/2024,3156.85,"0500 Valenzuela Grove Apt. 973, West Eric, CT 66487",Returned
O500630,CUST821226,12/29/2023,1579.34,"7289 Daniel Prairie, New Maryview, VA 68252",Shipped
O500631,CUST032303,11/18/2023,1951.64,"820 Christina Union Suite 575, Lake Billy, LA 97798",Pending
O500632,CUST838713,1/4/2025,1278.2,"07935 Julie Corner Apt. 830, Deannaport, LA 63274",Returned
O500633,CUST295300,3/17/2025,331.78,"557 Paul Roads, Douglasshire, NH 18810",Pending
O500634,CUST302561,11/7/2023,4293.4,"960 Chad Mission Apt. 106, Loveside, SD 97174",Delivered
O500635,CUST525572,10/28/2024,1531.66,"82801 Kevin Islands Apt. 113, West Emily, OK 09971",Cancelled
O500636,CUST260595,11/6/2024,1637.4,"0734 Cheryl Ridges Suite 657, East Derrickview, ND 28178",Pending
O500637,CUST285940,9/19/2024,710.37,"9726 Erin Wells Suite 162, East Davidport, MN 88326",Cancelled
O500638,CUST201940,6/19/2025,1284.78,"235 Beasley Grove, Erikafurt, NY 67433",Pending
O500639,CUST450112,4/22/2024,1844.23,"756 Carter Burg, Lake Nathanberg, KS 34443",Cancelled
O500640,CUST810131,9/9/2023,4996.18,"005 Tammy Ramp, Lake Johnton, NE 12113",Returned
O500641,CUST687904,1/4/2024,4444.3,"72279 Crystal Center Suite 761, Davidbury, AR 90577",Pending
O500642,CUST725357,6/2/2024,3312.26,"PSC 1206, Box 3923, APO AP 32636",Cancelled
O500643,CUST357464,10/12/2024,82.87,"5648 Williams Light Suite 550, Gonzalesville, AL 81906",Cancelled
O500644,CUST150427,6/23/2025,3797.38,"2955 Kimberly Road, Taraside, HI 84893",Pending
O500645,CUST439163,8/22/2023,1334.62,"9076 Moore Hills, Donnachester, NM 65235",Delivered
O500646,CUST661361,5/27/2025,2311.55,"558 Mckenzie Glens Apt. 443, Shannonbury, SD 44815",Pending
O500647,CUST385179,4/1/2025,2867.5,"5463 Angel Vista Suite 546, Lake Jeremyfurt, ID 76292",Shipped
O500648,CUST211650,7/3/2024,1714.47,"63017 Salinas Harbors, East Amy, MT 35474",Pending
O500649,CUST510970,7/12/2024,1093.42,"PSC 4663, Box 5973, APO AA 38000",Cancelled
O500650,CUST023152,7/18/2023,500.59,"8488 Bruce Knoll, Lake Alexis, KY 03143",Pending
O500651,CUST592355,5/5/2025,4403.56,"737 Laura Ranch, Port Johnland, MD 78235",Shipped
O500652,CUST468175,4/13/2024,1715.97,"519 Turner Square, Port Henryburgh, MD 01203",Delivered
O500653,CUST225292,1/28/2025,4780.88,"885 Gonzalez Locks Suite 712, Kellyton, CT 45388",Pending
O500654,CUST939564,9/10/2023,2140.97,"9304 Rasmussen Corner Suite 678, Stephenchester, NE 42331",Shipped
O500655,CUST099264,5/28/2025,3711.15,"4660 Arthur Roads Suite 920, South Christopher, VT 90707",Shipped
O500656,CUST106548,12/6/2024,2158.88,"0712 Rubio Station Apt. 221, Christopherstad, WA 75186",Delivered
O500657,CUST846788,4/10/2024,4197.13,"53879 Corey Squares, Richardchester, OK 21744",Cancelled
O500658,CUST404015,3/30/2025,2759.69,"60152 Garcia Cove, East Matthew, WY 02055",Shipped
O500659,CUST056782,7/11/2024,1012.29,"569 Nathaniel Path, Cartershire, ND 43216",Returned
O500660,CUST135721,6/29/2024,2427.95,"27536 Ortega Haven, Baileyfurt, SC 15091",Shipped
O500661,CUST799969,2/5/2025,958.99,"953 Bentley Harbor, Natashahaven, WA 79911",Returned
O500662,CUST211915,7/28/2023,4632.74,"7607 Mahoney Light, Salashaven, PA 98865",Returned
O500663,CUST293079,8/9/2024,2661.85,"2544 Cory River Apt. 809, Thompsonshire, FL 49857",Pending
O500664,CUST848951,5/28/2025,2326.34,"74117 Sandra Squares Suite 924, New Misty, UT 90299",Shipped
O500665,CUST605176,5/30/2025,4770.07,"4449 Jennifer Villages Apt. 952, Rosstown, ID 08945",Cancelled
O500666,CUST817347,5/31/2025,2064.09,"163 Ryan Rue Apt. 994, Smithshire, KY 38301",Cancelled
O500667,CUST464297,6/8/2024,3002.2,"01016 Robinson Port Suite 846, South Bethanyfort, OK 99130",Cancelled
O500668,CUST810657,7/20/2024,2208.1,"14365 Marcus Island, Lake Donnachester, KS 17929",Returned
O500669,CUST401677,11/30/2023,1534.37,"115 Alexandra Underpass Suite 298, Port Dennisbury, WA 17179",Returned
O500670,CUST960903,4/9/2024,1624.73,"81983 Harrison Lights, New Erin, LA 14532",Shipped
O500671,CUST385316,2/19/2024,3848.43,"9975 Cortez Lock, Millerstad, MD 94973",Cancelled
O500672,CUST595072,1/13/2025,3195.37,"7166 Brown Ranch Apt. 802, Kelseystad, OR 36618",Delivered
O500673,CUST565781,10/4/2023,1107.69,"PSC 6511, Box 2970, APO AA 58932",Cancelled
O500674,CUST955752,1/23/2025,729.36,"658 Holly Manors, Josephville, KS 98678",Pending
O500675,CUST492575,10/22/2024,4281.54,"84256 Joseph Crescent Apt. 184, North Christopherborough, NJ 90573",Shipped
O500676,CUST379749,4/17/2025,960.95,"188 David Underpass Suite 998, Karachester, SD 33754",Delivered
O500677,CUST263180,3/20/2025,3697.04,"7649 Melissa Circles Suite 352, Port Brian, MS 94488",Cancelled
O500678,CUST285955,5/13/2024,3255.54,"5308 Williams Knoll, Millerfort, OH 84682",Shipped
O500679,CUST665197,5/15/2025,1484.02,"010 Patricia Station, Lake Amy, KY 89396",Pending
O500680,CUST304019,4/24/2025,2646.63,"590 Jennifer Field, North David, AK 62107",Cancelled
O500681,CUST373548,6/8/2025,2807.87,"268 Harris Bridge, North Robert, KS 05860",Returned
O500682,CUST344020,7/3/2025,3515.59,"887 Hernandez Garden Suite 375, Rubenville, SD 48606",Shipped
O500683,CUST757978,9/15/2023,791.93,"PSC 5305, Box 3097, APO AA 93683",Returned
O500684,CUST313556,6/3/2025,3184.54,"545 Jennifer Loaf, Johnsonberg, OK 80635",Cancelled
O500685,CUST151632,9/17/2024,76.71,"403 Guzman Roads, Carlaview, OK 65626",Returned
O500686,CUST057462,2/4/2024,4456.9,"205 William Trail Apt. 723, Valenciabury, MI 29047",Pending
O500687,CUST836942,4/27/2025,1416.26,"014 Tony Extension, South Ronaldland, MA 73970",Cancelled
O500688,CUST333558,10/5/2024,702.5,"5707 Victoria Mountain, New Julia, FL 41700",Cancelled
O500689,CUST076458,2/8/2025,3726.59,"32301 Hutchinson Fort, Port Lauraberg, MI 01416",Pending
O500690,CUST791700,1/1/2025,562.82,"4535 Rogers Stravenue Suite 061, Port Nancymouth, IN 41050",Returned
O500691,CUST169696,11/20/2024,909.4,"5314 Colton Pine Apt. 694, West James, NV 22911",Delivered
O500692,CUST550066,2/6/2024,3780.99,"9632 Davila Row Suite 759, Alisonton, KY 44801",Shipped
O500693,CUST862451,6/20/2024,3843.52,"25051 Darryl Groves, Alexanderside, HI 45316",Cancelled
O500694,CUST128135,9/29/2024,1571.12,"3164 Alexis River, Brittanyborough, DC 73812",Shipped
O500695,CUST015638,4/11/2024,3853.7,"1970 Scott Terrace Suite 766, Thompsonland, HI 89842",Delivered
O500696,CUST847358,10/28/2023,881.18,"354 Cole Neck, Jamesborough, MO 28042",Pending
O500697,CUST633625,5/11/2024,337.62,"97573 Sean Island, Amberborough, CA 06508",Pending
O500698,CUST240631,2/21/2024,4952.59,"24494 Gonzalez Valley Apt. 499, Cooperbury, TN 46550",Cancelled
O500699,CUST977142,3/5/2025,350.04,"8631 Jose Stravenue Suite 054, Mendezfurt, NV 54951",Pending
O500700,CUST341769,11/9/2024,3628.67,"55174 Watkins Lodge, Lake Ryanmouth, VT 59184",Pending
O500701,CUST996094,5/12/2024,4303.78,"5246 Nicholas Hollow Apt. 649, Ortizport, MN 02645",Delivered
O500702,CUST899440,12/21/2023,2207.88,"44771 Devin Dale Apt. 021, South Denisestad, HI 01436",Cancelled
O500703,CUST625424,2/17/2025,195.53,"7226 Hunt Inlet Suite 733, South Melissa, NE 89496",Returned
O500704,CUST746680,10/9/2023,3849.78,"1204 Olson Centers, Lake Kristenview, SD 23523",Returned
O500705,CUST794523,12/10/2024,4243.04,"17291 Cody Crossing Apt. 465, Peggytown, WV 59135",Returned
O500706,CUST596766,1/14/2025,544.77,"378 Connie Lodge Suite 880, Williamsfort, WY 24410",Pending
O500707,CUST795364,6/30/2024,1664.77,"5823 Young Parks, North Stephanie, FL 94318",Pending
O500708,CUST383146,12/14/2023,113.14,"3086 Beck Tunnel, North Kyleborough, MT 10313",Pending
O500709,CUST934774,4/20/2025,1734.39,"0995 Joyce Brook Suite 090, New Theodore, CA 21455",Delivered
O500710,CUST690230,12/17/2024,246.7,"62186 Melody Mews Apt. 013, South Wesley, OK 56504",Pending
O500711,CUST157676,7/8/2024,1917.04,"354 Cooper Pass Suite 114, Arthurview, KY 88985",Cancelled
O500712,CUST888765,12/31/2023,1930.97,"2251 Carl Curve Suite 244, Lake Elizabethchester, WV 10867",Delivered
O500713,CUST222907,7/2/2024,4357.99,"53791 Peck Gardens, Michaelstad, PA 59289",Shipped
O500714,CUST893463,9/24/2024,2177.91,"755 Diaz Burgs Apt. 554, Shaunmouth, VT 03673",Cancelled
O500715,CUST524125,1/25/2024,3240.51,"Unit 6022 Box 3331, DPO AA 78886",Delivered
O500716,CUST581447,3/21/2025,4994.86,"530 Cook Garden Apt. 400, South Dawn, KS 53067",Cancelled
O500717,CUST624430,12/31/2024,2284.84,"50261 Jordan Pine, West Bruce, IN 64897",Returned
O500718,CUST783376,9/7/2024,3301.07,"USNS Marquez, FPO AA 25297",Returned
O500719,CUST885723,11/11/2023,3278.27,"43333 Sanchez Plaza, West Cathytown, VT 76585",Pending
O500720,CUST880772,8/15/2023,2947.74,"0602 Jeremiah Harbors, Frenchshire, AL 14865",Delivered
O500721,CUST588345,8/9/2023,4958.14,"51802 Ramirez Ridges, Michelleville, DE 68732",Cancelled
O500722,CUST040494,6/27/2024,344.33,"Unit 9874 Box 7045, DPO AP 65045",Returned
O500723,CUST092705,9/21/2024,1925.79,"02828 Rios Ferry Apt. 355, Lyonsmouth, VA 51849",Returned
O500724,CUST346827,8/14/2024,2844.96,"PSC 6535, Box 6168, APO AE 35475",Delivered
O500725,CUST593852,9/12/2023,4303.49,"37987 Ruiz Station, Hernandezburgh, ME 20585",Shipped
O500726,CUST089250,3/21/2024,1877.54,"27548 Fox Divide, Montgomeryburgh, LA 45451",Delivered
O500727,CUST385047,7/18/2024,1622.1,"946 James Rapid Suite 124, Meyerburgh, CO 27521",Shipped
O500728,CUST897166,1/23/2024,2442.97,"PSC 9218, Box 9551, APO AA 89553",Returned
O500729,CUST204556,11/13/2024,4714.57,"8862 Dustin Branch, New Dominictown, ND 94134",Cancelled
O500730,CUST053276,8/20/2024,2752.92,"931 Jessica Point, Nancystad, KS 22914",Shipped
O500731,CUST380427,2/22/2024,3058.13,"094 Stephanie Springs Suite 589, Katherinefurt, IN 49614",Pending
O500732,CUST470548,7/25/2023,2731.33,"256 Bridges Greens, Port Tonyport, OH 58360",Returned
O500733,CUST480690,9/9/2023,1980.51,"694 Cox Mews Apt. 052, New Suzannetown, IL 84812",Delivered
O500734,CUST915429,5/30/2024,3405.91,"2272 Collier Points, Port James, NJ 58448",Delivered
O500735,CUST786612,3/30/2024,1259.42,"8917 Jackson Grove, Perezmouth, VA 00938",Cancelled
O500736,CUST494218,7/12/2024,1649.98,"USNV Smith, FPO AA 10419",Returned
O500737,CUST668984,11/16/2023,2501.04,"515 Amy Trail, Maddoxchester, AL 77711",Shipped
O500738,CUST661010,5/30/2025,3976.38,"3740 Jason Loaf Apt. 668, Courtneystad, MN 27218",Delivered
O500739,CUST968737,6/19/2024,3621.82,"Unit 8493 Box 6954, DPO AP 29006",Cancelled
O500740,CUST880429,3/1/2025,1550.23,"85633 Sanders Causeway Apt. 117, Joshuatown, VT 98235",Pending
O500741,CUST029865,2/16/2025,3208.29,"158 Michelle Causeway Suite 131, Lake Bob, NY 36051",Returned
O500742,CUST731590,4/29/2024,2657.71,"1703 Young Isle Apt. 040, Lake Carla, ID 35174",Pending
O500743,CUST861586,5/20/2024,3750.59,"474 Michele Well Apt. 736, New Elizabeth, AL 81309",Pending
O500744,CUST831455,11/15/2023,2258.49,"PSC 9117, Box 1145, APO AE 19328",Pending
O500745,CUST646094,3/21/2024,887.23,"USCGC Avila, FPO AA 69203",Returned
O500746,CUST236209,6/21/2024,3695.73,"98061 Lyons Well, New Richard, MN 73950",Returned
O500747,CUST542688,12/22/2024,2075.91,"508 Chang Loaf, Robertton, OR 99724",Returned
O500748,CUST573757,3/1/2024,2902.44,"579 Harvey Mount, East Tracey, MO 40685",Shipped
O500749,CUST704510,2/25/2025,751.62,"76111 Lindsay Club Suite 884, Lukefurt, MA 35724",Returned
O500750,CUST496776,7/18/2023,4273.46,"562 Boyd Vista, South Carlaport, MA 76491",Cancelled
O500751,CUST318558,11/6/2023,1343.93,"839 Thompson Squares Apt. 444, West Aprilside, VA 24178",Cancelled
O500752,CUST460811,7/5/2024,771.91,"1451 Lisa Lake Apt. 538, Gardnermouth, MA 42213",Pending
O500753,CUST455688,12/10/2023,4592.54,"88504 Joseph Pike, East Barry, ND 81594",Delivered
O500754,CUST442913,3/28/2024,3739.37,"407 Ashley Curve Suite 323, Karenborough, NH 28976",Pending
O500755,CUST930465,7/18/2024,4956.55,"883 Victoria Estates, Matthewchester, SD 62450",Shipped
O500756,CUST017468,5/11/2025,4468.16,"Unit 2931 Box 0089, DPO AA 75946",Returned
O500757,CUST183857,6/7/2024,1168.27,"0653 Caroline Villages, Dylantown, MI 84140",Cancelled
O500758,CUST641525,10/16/2023,4386.24,"14786 Collins Center, Morrisonland, WA 88864",Shipped
O500759,CUST943823,9/12/2024,573.13,"734 Mccoy Dale, Lake Robert, VT 59538",Returned
O500760,CUST462858,5/14/2025,1298.5,"05017 Lynch Avenue Suite 775, Barnesside, NH 40866",Cancelled
O500761,CUST665729,12/7/2023,1659.41,"377 Michael Valley Suite 252, East Travis, FL 45401",Returned
O500762,CUST953952,12/24/2023,265.1,"6936 Smith Fields, Lisatown, AR 62096",Delivered
O500763,CUST096232,4/19/2025,3162.73,"9828 Kimberly Islands Suite 856, Turnerhaven, TX 50934",Returned
O500764,CUST878128,4/5/2024,2793.39,"4599 Eric Grove, Danielletown, WI 11357",Cancelled
O500765,CUST023561,4/19/2025,4736,"969 Holland Rest, North Randy, CA 03854",Pending
O500766,CUST548736,11/27/2024,4805.62,"75447 Martinez Unions, Jonesburgh, OR 09193",Shipped
O500767,CUST761185,9/8/2023,820.8,"8632 Kelley Lakes Suite 361, South Debraview, ME 52957",Delivered
O500768,CUST958388,9/21/2023,76.58,"PSC 1761, Box 2372, APO AA 19198",Shipped
O500769,CUST815509,8/18/2023,260.57,"91372 Wilson Villages, Port Michael, OR 27989",Pending
O500770,CUST682492,10/8/2023,2102.25,"USNS Stout, FPO AP 98213",Pending
O500771,CUST063748,7/27/2024,1824.53,"PSC 1674, Box 3109, APO AA 27756",Pending
O500772,CUST283407,10/16/2024,1167.25,"0244 Angela Mount, East Kiara, NH 65137",Delivered
O500773,CUST958638,12/4/2024,401.69,"958 Garcia Shores, Palmermouth, OR 03128",Delivered
O500774,CUST273708,4/13/2025,472.58,"459 Bennett Camp, Gillespieville, FL 33976",Returned
O500775,CUST780047,9/1/2023,4707.61,"PSC 0283, Box 8326, APO AE 69857",Delivered
O500776,CUST097569,3/28/2025,622.99,"253 Bruce Grove Apt. 464, Phyllisland, SD 54169",Shipped
O500777,CUST876620,9/13/2024,2277.42,"174 Danielle Pines, Williamsfurt, OR 99684",Delivered
O500778,CUST762691,2/22/2024,1060.61,"5084 Joshua Mountain, Andersonberg, MT 27446",Returned
O500779,CUST827565,8/25/2024,4126.36,"07607 Smith Court, New Destiny, IA 40564",Shipped
O500780,CUST015412,8/13/2023,1392.36,"249 Murray Burgs Suite 783, Mahoneyview, ND 26521",Delivered
O500781,CUST116200,3/26/2025,118.81,"394 Holt Common, Howellberg, ME 54393",Returned
O500782,CUST781452,10/31/2023,3473.74,"56231 Strickland Union Apt. 489, Smithchester, ME 26043",Delivered
O500783,CUST199686,3/21/2024,4576.83,"51562 Charles Harbors, Alvaradomouth, PA 79079",Delivered
O500784,CUST929203,10/6/2024,4694.51,"5298 Douglas Brook, Rogersmouth, KS 39019",Pending
O500785,CUST636836,6/5/2024,2624.18,"USS Barnes, FPO AP 09413",Returned
O500786,CUST943999,7/28/2023,2090.8,"116 Kristina Garden Suite 663, Port Frederickside, WY 81439",Cancelled
O500787,CUST578059,7/10/2023,3018.33,"667 Watson Row, New Robertshire, WI 62525",Delivered
O500788,CUST857976,5/2/2024,3978.33,"52804 Foster Fall, Lake Stanleyview, AZ 73829",Pending
O500789,CUST841966,12/14/2024,1635.91,"545 Cheyenne Spring Apt. 800, North Monica, CO 72047",Pending
O500790,CUST895184,5/8/2024,1901.31,"8833 Johnson Parks Suite 868, Lindaside, OK 25198",Pending
O500791,CUST837536,11/29/2024,2868.95,"PSC 3080, Box 4077, APO AP 72921",Pending
O500792,CUST582525,2/3/2025,679.48,"8232 William Squares Suite 881, South Johnstad, WA 27561",Delivered
O500793,CUST110608,1/23/2024,1178.14,"28337 Susan Orchard, Brownberg, AR 74901",Cancelled
O500794,CUST869635,1/3/2025,952.35,"823 Jasmine Union, Lake Ashleyborough, TX 52834",Shipped
O500795,CUST693402,6/16/2025,4878.86,"0673 Norris Fall, Jacksonstad, CA 47141",Returned
O500796,CUST715858,12/11/2024,2562.3,"12417 Jeffrey Flat Apt. 503, Lorishire, NV 32786",Shipped
O500797,CUST686247,6/6/2025,4662.32,"83007 Chad Ford, East Jeffberg, MD 74228",Cancelled
O500798,CUST956511,11/29/2023,2169.55,"88175 Robert Meadow Suite 275, East Maxwellberg, MO 43313",Shipped
O500799,CUST388678,11/15/2024,3538.42,"6946 Brittany Plains Suite 235, Franklinborough, SC 96712",Delivered
O500800,CUST174134,10/15/2024,3653.37,"0735 Stacy Trace Apt. 378, Wallacechester, MI 94816",Pending
O500801,CUST057047,6/28/2024,2630.73,"87070 Thompson Place, Pinedamouth, NE 30615",Returned
O500802,CUST744637,1/29/2024,811.29,"5984 Blackburn Village, Lemouth, NM 17306",Pending
O500803,CUST978709,1/6/2024,294.8,"926 Warren Pike, Lisaville, VT 75332",Returned
O500804,CUST284542,3/26/2024,1681.51,"PSC 6374, Box 5269, APO AP 22525",Pending
O500805,CUST983778,5/18/2025,52.79,"6304 Smith Flat, New Michael, CT 20103",Returned
O500806,CUST754301,9/24/2024,2506.5,"108 Tanya Unions, North Brian, MS 48064",Pending
O500807,CUST833837,1/14/2024,2434.84,"68083 Dennis Hollow Apt. 701, Emilytown, IN 04514",Delivered
O500808,CUST607402,12/27/2024,2529.62,"19176 Wyatt Center Apt. 259, Linchester, CO 12617",Cancelled
O500809,CUST797991,12/21/2023,3098.56,"636 Aaron Stravenue, New Josephfort, OK 29435",Returned
O500810,CUST174662,3/2/2024,2218.56,"530 Cook Pines Suite 284, Lake Curtishaven, LA 23879",Returned
O500811,CUST960732,3/7/2024,4770.92,"14690 Angel Village, West Michelle, NY 07201",Cancelled
O500812,CUST761315,3/8/2025,4427.77,"7659 Boyer Lake Apt. 715, West Kristen, OH 37407",Shipped
O500813,CUST208256,12/18/2024,2216.77,"298 Curtis Landing Apt. 587, West Alanfort, MS 79455",Shipped
O500814,CUST590973,1/20/2025,2188.29,"57853 Frank Square, Laurachester, GA 92412",Pending
O500815,CUST908672,1/12/2025,1757.17,"134 Terri Groves, Elizabethside, VA 98723",Shipped
O500816,CUST652523,3/7/2025,4351.12,"55710 Andrew Trafficway, Hansenmouth, AR 68754",Pending
O500817,CUST580454,7/13/2023,4317.31,"283 Jeremiah Highway Apt. 296, Mitchellstad, LA 73521",Delivered
O500818,CUST079447,2/3/2024,2193.44,"7329 Benjamin Center Apt. 667, Port Robert, WI 00882",Shipped
O500819,CUST458914,1/24/2024,4667.39,"3872 Rocha Drives, North Josephmouth, TN 05646",Pending
O500820,CUST327235,8/12/2023,658.25,"426 Brown Burgs Suite 993, Rogersland, AZ 90404",Pending
O500821,CUST736807,2/5/2024,2372.89,"2657 George Mountains Suite 537, Port Adammouth, MT 99511",Shipped
O500822,CUST931648,8/23/2024,2619.28,"626 Harris Run Suite 648, Bradfordland, MA 98618",Shipped
O500823,CUST705755,3/10/2025,2805,"18765 Mcgee Forks Apt. 209, South Jeremyfort, PA 42377",Returned
O500824,CUST372070,11/6/2023,469.33,"PSC 8751, Box 4342, APO AE 83412",Cancelled
O500825,CUST594537,10/3/2024,4288.08,"20092 Miller Viaduct, West Randyland, NV 04803",Returned
O500826,CUST091394,7/18/2023,3050.7,"8161 Bryant Common, Joelfurt, NC 49777",Returned
O500827,CUST054571,2/18/2025,2301.6,"7825 Hernandez Ridges, South Jamesland, DE 47037",Delivered
O500828,CUST100004,11/22/2023,4182.42,"25318 Raymond Forest Apt. 477, Rothburgh, KY 43052",Pending
O500829,CUST757817,4/21/2024,2415.5,"019 Timothy Mission, Rileyville, IN 01480",Pending
O500830,CUST083166,4/27/2025,752.03,"801 Anthony Light, Brianport, NM 95760",Returned
O500831,CUST998157,4/13/2024,854.07,"Unit 2229 Box 0194, DPO AP 27592",Shipped
O500832,CUST802030,3/26/2024,1414.47,"PSC 9266, Box 3614, APO AE 26954",Pending
O500833,CUST855168,11/30/2024,4649.36,"103 Beck Radial Apt. 473, West Williamland, IL 35089",Delivered
O500834,CUST539415,1/10/2024,1385.74,"505 Evans Track, West Jessicamouth, CT 07290",Delivered
O500835,CUST556738,10/17/2023,976.73,"012 Ronald Mountain Apt. 760, Bakermouth, ME 34561",Shipped
O500836,CUST728490,12/10/2024,1461.89,"5176 Tina Stravenue, East Johnathan, CT 86962",Shipped
O500837,CUST733935,10/2/2024,3673.04,"941 Baker Drive, West Jonathan, MD 22148",Returned
O500838,CUST085688,6/29/2024,4475.85,"8143 Jeremy Lodge Suite 188, Robertsonport, MN 97560",Pending
O500839,CUST151215,3/24/2024,1447.61,"3198 Trevor Haven, New Ericview, GA 98389",Delivered
O500840,CUST322931,9/16/2024,3681.85,"USS Smith, FPO AP 43925",Returned
O500841,CUST972211,7/3/2024,4970.84,"Unit 7699 Box 0786, DPO AE 61759",Delivered
O500842,CUST035677,12/11/2023,1505.12,"21575 Glenn Walks, Fischerfort, OR 92217",Delivered
O500843,CUST220359,4/28/2025,2679.44,"49702 Marisa Mission Suite 199, East Stevenville, NH 54784",Delivered
O500844,CUST506284,2/13/2025,3352.01,"678 Yesenia Ferry, Jacobsland, WV 72352",Pending
O500845,CUST114544,9/26/2023,1629.73,"18226 French Lodge Suite 910, Amyhaven, MT 46114",Pending
O500846,CUST525446,12/9/2024,222.67,"34933 Kristina Rapids Apt. 697, Port Brian, NM 28665",Pending
O500847,CUST266002,6/25/2025,673.63,"36139 Elliott Skyway, West Gary, KS 49352",Shipped
O500848,CUST375925,10/13/2024,3062.75,"0041 Tara Neck Apt. 381, East Tyler, ME 13859",Delivered
O500849,CUST964648,7/24/2024,87.26,"485 Olson Landing, South Deborah, NM 53944",Pending
O500850,CUST205417,5/25/2024,3860.85,"Unit 3009 Box 3264, DPO AE 02662",Pending
O500851,CUST156591,10/11/2023,1771.24,"90443 Sexton Unions, Littletown, NH 77493",Pending
O500852,CUST840548,2/25/2025,2810.06,"400 Bradley Cove Suite 007, Lake Coryfort, UT 92018",Returned
O500853,CUST895589,9/14/2024,76.67,"146 Megan Summit, Smithchester, NE 98895",Pending
O500854,CUST523254,10/6/2024,1310.48,"27339 Cynthia Prairie, Jonesside, ID 01398",Shipped
O500855,CUST461700,1/28/2025,4831.28,"289 Keith Camp Apt. 814, Hamptonshire, CT 48071",Returned
O500856,CUST914971,6/18/2025,1233.21,"6974 White Isle, South Monicaland, NC 30244",Delivered
O500857,CUST982302,1/1/2024,4730.93,"949 Christopher Summit Suite 113, Lake Stephen, NE 30970",Cancelled
O500858,CUST785872,3/8/2025,4100.44,"8909 David Club, East Justinhaven, CO 30745",Returned
O500859,CUST639584,4/23/2024,3762.74,"Unit 7537 Box 3753, DPO AP 17201",Cancelled
O500860,CUST703454,2/14/2025,3036.6,"2858 Parker Isle, New Marcus, WA 90705",Cancelled
O500861,CUST946000,9/14/2023,3337,"343 Smith Green Apt. 023, Laurachester, NV 90121",Cancelled
O500862,CUST770758,12/24/2023,4960.6,"525 Erik Ford, Port April, AR 20863",Cancelled
O500863,CUST264096,11/7/2024,3720.8,"424 David Road Apt. 370, Adamsport, NC 70673",Cancelled
O500864,CUST485870,5/23/2024,1748.88,"USNV Hobbs, FPO AA 45813",Delivered
O500865,CUST680478,7/5/2025,4977.27,"61003 Nielsen Trafficway, West Markfurt, MI 72231",Shipped
O500866,CUST138349,7/17/2023,2563.61,"29545 Hoffman Bypass Suite 887, West Joseph, MA 81583",Returned
O500867,CUST972093,11/2/2024,4298.41,"48963 Adkins Walk Suite 410, Nathanielside, IL 97122",Returned
O500868,CUST324287,1/1/2025,1691.06,"8897 Amanda Road Suite 119, Aaronville, CA 89643",Shipped
O500869,CUST950783,3/10/2025,2924.89,"PSC 0068, Box 2792, APO AP 88540",Pending
O500870,CUST368973,2/8/2025,4411.98,"681 Patricia Point, Lake Williamside, MO 44556",Pending
O500871,CUST006486,7/1/2025,1418.9,"7836 Lewis Plain, West Deborah, ME 04530",Cancelled
O500872,CUST201978,7/22/2023,301.31,"96365 Singh Pines Suite 168, Stanleyville, OR 33902",Shipped
O500873,CUST687176,12/6/2023,1442.29,"545 Bailey Squares Suite 264, Lake Danaland, MT 54653",Shipped
O500874,CUST573255,9/18/2023,1312.29,"USNV Blackburn, FPO AE 71681",Pending
O500875,CUST336801,8/26/2024,3480.58,"Unit 8492 Box 6585, DPO AA 76259",Shipped
O500876,CUST665608,10/2/2023,866.75,"4197 Kevin Highway, Wagnerfurt, MO 08991",Delivered
O500877,CUST887232,6/20/2024,3725.84,"52557 Ramirez Village, Scottview, TN 12831",Pending
O500878,CUST376743,5/10/2025,765.92,"792 Brianna Overpass, Jacksonborough, MD 14748",Pending
O500879,CUST876439,5/7/2025,3490.14,"992 Danny Isle Apt. 394, Joneschester, AZ 84296",Delivered
O500880,CUST652011,5/21/2024,2193.69,"022 Perry Trail, Colleenbury, RI 84125",Shipped
O500881,CUST572642,9/22/2023,1340.1,"48934 Brown Shoal, Williammouth, FL 44605",Shipped
O500882,CUST947144,10/25/2024,3702.78,"3096 Christina Fall, North Heathermouth, TN 75540",Pending
O500883,CUST826635,12/17/2023,852.02,"78616 Washington Center Suite 634, Matthewshire, ID 04787",Cancelled
O500884,CUST940554,7/28/2023,635.84,"89536 Joyce Flats Apt. 980, Chandlerside, CA 02095",Cancelled
O500885,CUST524983,5/15/2025,676.69,"5155 William Coves Suite 570, Priceburgh, AL 44393",Cancelled
O500886,CUST891130,3/27/2025,3229.86,"38250 Stephen Lakes Suite 839, East Aaronstad, DE 18486",Cancelled
O500887,CUST399919,2/23/2025,4279.94,"6923 James Squares Apt. 660, Freemanport, CT 72024",Delivered
O500888,CUST056872,10/23/2024,2868.48,"6581 Best Courts, East Christopherborough, IA 00543",Delivered
O500889,CUST162527,1/27/2024,149.16,"5555 Baxter Cape, Lake Marie, NE 59780",Pending
O500890,CUST447322,2/2/2024,1068.52,"601 Allen Mission, Ariasfort, NH 75188",Delivered
O500891,CUST080319,1/24/2025,298.83,"26554 Dwayne Pass Apt. 030, Martinmouth, AK 69254",Returned
O500892,CUST198977,3/1/2024,2598.99,"1160 Clark Vista Apt. 691, Susanchester, NV 44861",Delivered
O500893,CUST647133,4/17/2025,119.96,"8754 Walter Divide, New Henry, NJ 46554",Shipped
O500894,CUST417679,2/2/2024,240.4,"51918 Diana Forges Apt. 394, Lake Daniellestad, FL 59620",Cancelled
O500895,CUST955740,5/6/2024,2222.77,"561 Kaufman Mountains, Gaymouth, SD 56072",Pending
O500896,CUST368661,11/24/2024,782.95,"06056 Casey Views, Monroechester, MS 75556",Returned
O500897,CUST494415,10/2/2024,4638.58,"8458 Xavier Rapids Apt. 126, Huffmanburgh, MA 14394",Cancelled
O500898,CUST225721,1/27/2024,2854.55,"8307 Dominic Fort Apt. 696, Tuckerchester, RI 08205",Delivered
O500899,CUST417837,6/21/2024,3846.42,"736 Thompson Corners Suite 334, Loriview, KS 09348",Delivered
O500900,CUST818933,12/10/2023,1439.27,"USS Sandoval, FPO AA 02082",Pending
O500901,CUST775526,2/13/2024,2635.48,"7791 Wright Mills, Butlerside, MT 64269",Cancelled
O500902,CUST280834,3/5/2024,2634.92,"383 Mclean Skyway Apt. 861, South Miguel, WA 25930",Delivered
O500903,CUST279385,10/14/2024,2224.71,"448 Park Crescent Suite 170, Evanston, AZ 21168",Pending
O500904,CUST295060,9/9/2023,3451.87,"58365 Beard Pine Suite 551, East Mariaburgh, ND 77971",Delivered
O500905,CUST961394,9/30/2024,1282.7,"1600 Patterson Junction Apt. 580, West William, GA 62532",Pending
O500906,CUST879722,7/20/2023,124.76,"244 Johnson Common Suite 346, West Tamara, KY 53522",Pending
O500907,CUST399905,9/24/2024,2967.28,"75370 Stacy Shores Apt. 740, Robbinsstad, TN 40871",Returned
O500908,CUST098726,11/13/2024,2976.59,"8186 Jerry Course, Skinnerhaven, MS 58484",Cancelled
O500909,CUST196629,12/23/2024,3789.48,"102 Adams Junctions, Lake Garyfurt, DC 82427",Cancelled
O500910,CUST017939,4/26/2024,4699.19,"600 Jennifer Plaza, Watsonton, OR 70220",Cancelled
O500911,CUST753444,1/14/2024,1899.02,"79418 Johnson Pine, West Travis, OR 42281",Returned
O500912,CUST475032,1/10/2025,1541.48,"47970 Shelton Mountain, Adamsville, OR 72290",Shipped
O500913,CUST677327,9/2/2024,2360.61,"81744 Haley Motorway, Stevensland, VA 04456",Pending
O500914,CUST513213,11/21/2023,1921.18,"383 Macias Camp, Nelsonchester, MD 39634",Pending
O500915,CUST454418,8/28/2024,2153.42,"PSC 0303, Box 2984, APO AA 13149",Delivered
O500916,CUST110969,1/27/2025,761.94,"PSC 2838, Box 2335, APO AP 61153",Shipped
O500917,CUST907600,12/3/2024,2962.45,"039 Smith Ranch Suite 037, Lake Sherri, OH 42285",Returned
O500918,CUST638609,7/10/2023,2205.1,"47056 Peter Gateway Suite 625, East Lisastad, PA 78099",Pending
O500919,CUST340983,3/15/2024,252.58,"232 Aaron Landing Apt. 220, South Jeffreytown, MO 92759",Delivered
O500920,CUST214780,7/13/2023,1151.16,"556 Green Pass Suite 767, North Heather, UT 48288",Pending
O500921,CUST011363,3/12/2025,1315.44,"062 Anderson Gateway, Lake Kennethhaven, SD 17739",Delivered
O500922,CUST486018,9/15/2024,1079.42,"01099 Mccarty Terrace, Rebeccamouth, WI 67778",Delivered
O500923,CUST959020,2/27/2024,1367.81,"66349 Ferrell Ford, South Kyle, ME 89987",Returned
O500924,CUST762163,7/19/2023,2765.25,"079 Eric Keys Suite 498, Jamesfort, LA 83290",Shipped
O500925,CUST324443,10/16/2023,3328.69,"59548 Powell Causeway, North Cynthiaborough, CO 66046",Pending
O500926,CUST192176,1/1/2024,1668.56,"37941 Daniel Street Suite 603, Webertown, VA 67150",Returned
O500927,CUST761443,12/17/2023,2052.73,"10047 John Shores, Sandersberg, NE 61108",Cancelled
O500928,CUST836489,2/10/2024,216.32,"9079 Martinez Points Suite 213, New Coreybury, KY 02503",Pending
O500929,CUST380346,3/9/2024,3937.78,"USNV Nelson, FPO AE 35968",Pending
O500930,CUST107477,6/14/2024,591.96,"9284 Adams Freeway Suite 882, Nuneztown, OH 49026",Cancelled
O500931,CUST591864,3/30/2025,2921.71,"USNV Torres, FPO AE 98390",Pending
O500932,CUST196224,8/3/2023,4365.49,"8945 Webb Ports, Hunterview, RI 63969",Returned
O500933,CUST962344,3/2/2025,58.17,"543 Kerry Harbor, Blackburnfurt, CA 72507",Pending
O500934,CUST499064,5/10/2025,2592.1,"756 Colleen Ferry, Thompsonburgh, FL 76470",Cancelled
O500935,CUST872007,8/9/2024,4431.44,"188 Greer Club Suite 572, North Robert, OH 72829",Returned
O500936,CUST514520,2/10/2025,1573.94,"33860 Dickerson Manor, West Peggy, CT 33163",Shipped
O500937,CUST707590,11/23/2023,3645.9,"78208 Anthony Loaf Suite 768, Rebeccaborough, TN 47473",Pending
O500938,CUST526579,10/6/2023,505.34,"71893 Tanya Loaf, East Dustinhaven, MI 15956",Pending
O500939,CUST736471,2/6/2025,3486.13,"449 Justin Cove Apt. 895, West Melissa, RI 61937",Returned
O500940,CUST130650,12/19/2023,3924.96,"USNV Harris, FPO AP 81330",Shipped
O500941,CUST434012,10/1/2023,825.79,"9726 Laura Loop Apt. 748, Gonzalezfurt, VA 72377",Pending
O500942,CUST956776,3/7/2025,562.22,"2476 Kevin Knolls, Lake Russell, NH 85995",Cancelled
O500943,CUST709127,9/12/2024,4934.41,"831 Daniel Road, South Jessicaton, SC 73584",Delivered
O500944,CUST233519,8/27/2023,1218.29,"0121 Juarez Route, Campbelltown, IA 50565",Shipped
O500945,CUST008477,4/6/2024,4693.43,"719 Miller Creek, North Alicia, MT 90322",Delivered
O500946,CUST225857,1/3/2024,3147.17,"82627 Russell Field Suite 725, North Eddiemouth, NE 23131",Delivered
O500947,CUST588980,7/26/2024,3400.67,"5521 Thompson Forks Suite 487, Caitlinberg, MA 73318",Pending
O500948,CUST432604,9/7/2023,875.37,"Unit 9020 Box 1871, DPO AE 93519",Shipped
O500949,CUST595369,7/25/2024,4767.37,"1582 Bailey Cove Suite 807, Glendahaven, ND 79125",Delivered
O500950,CUST177663,6/1/2024,426.6,"8403 James Pines Apt. 259, West Anthonyland, AL 92430",Returned
O500951,CUST442388,5/30/2024,4388.7,"6707 Nichols Island, Hollowaymouth, DC 38152",Pending
O500952,CUST835988,2/28/2025,1215.15,"028 Huynh Lakes Apt. 537, Libury, IN 42066",Shipped
O500953,CUST519809,3/10/2025,2442.61,"9918 Marcia Pine, Hollandview, MD 89123",Shipped
O500954,CUST730911,3/27/2024,4471.07,"29319 Timothy Walks, Jeremyburgh, AL 88740",Cancelled
O500955,CUST976967,1/15/2025,1726.24,"61770 Rachel Circles, Lake David, MD 22392",Shipped
O500956,CUST961533,5/20/2024,1235.41,"70006 Douglas Parkways Apt. 184, Brooksshire, ND 95116",Pending
O500957,CUST880656,3/26/2025,1666.7,"348 Spencer Ranch Apt. 993, Holmesland, MN 39947",Shipped
O500958,CUST789532,8/12/2024,4404.46,"0159 James Avenue Suite 386, East Jessica, IN 44807",Pending
O500959,CUST069041,5/14/2025,59.11,"2327 Tracy Drive, Martinfurt, IN 83454",Delivered
O500960,CUST674089,10/29/2023,2250.56,"1937 Jill Harbor, Knoxburgh, FL 61530",Pending
O500961,CUST669568,10/1/2023,2440.87,"35185 Mercer Streets Apt. 485, North Todd, NH 86589",Pending
O500962,CUST203382,1/8/2025,2098.01,"358 Porter Bridge, South Markside, MT 38892",Returned
O500963,CUST491113,3/9/2025,115.32,"0006 Amber Mills Suite 774, Jenniferchester, MO 72887",Shipped
O500964,CUST743363,10/10/2023,613.62,"PSC 6934, Box 1776, APO AE 92799",Delivered
O500965,CUST911441,2/16/2025,160.01,"0978 Pamela Pines, Port Wendy, DC 41444",Pending
O500966,CUST511515,3/22/2025,3874.76,"6259 Alexis Estate Apt. 085, Jadefort, SC 30970",Delivered
O500967,CUST141698,7/23/2023,4335.96,"165 Jamie Estates, Scotthaven, CT 53297",Returned
O500968,CUST820279,6/21/2025,3903.8,"2438 Robert Forks, Elizabethbury, VA 08710",Cancelled
O500969,CUST383071,1/8/2025,4209.83,"7963 Allen Pines, Lake Natalie, AL 15511",Returned
O500970,CUST080608,2/29/2024,2084.87,"272 Alison Estate Apt. 086, South Christopher, AL 53352",Pending
O500971,CUST280379,2/22/2025,4112.58,"76114 Christopher Estates Apt. 850, Clarkshire, AK 93562",Cancelled
O500972,CUST663308,5/28/2025,3122.31,"1498 Phillips Park, New Ashley, TN 32465",Returned
O500973,CUST335267,1/19/2025,814.7,"9633 Adam Stravenue Suite 713, Lake Luischester, MT 20817",Pending
O500974,CUST878379,8/1/2024,3481.68,"96129 Austin Curve, Guerrerofurt, LA 74065",Returned
O500975,CUST469439,10/1/2024,3485.64,"2880 Smith Causeway Apt. 700, Lake Cheryl, MN 24177",Delivered
O500976,CUST109010,6/16/2025,1472.78,"5819 Tate Circles, Jenniferland, PA 48746",Returned
O500977,CUST806874,3/4/2025,4522.94,"496 Zachary Throughway Suite 560, Stonemouth, KY 69121",Pending
O500978,CUST516958,4/13/2024,2000.2,"0797 Holly Overpass, West Samantha, CA 63011",Cancelled
O500979,CUST413809,2/12/2025,3167.83,"3246 Clay Motorway Suite 644, Destinymouth, KS 41682",Delivered
O500980,CUST774728,3/23/2024,1946.52,"255 Kim Walk Apt. 326, Delgadoport, ID 50115",Cancelled
O500981,CUST281645,10/29/2024,838.95,"7947 Dawn Ports Apt. 153, South Danielle, WA 03938",Returned
O500982,CUST599547,1/17/2025,905.81,"5821 Crystal Via Apt. 257, Wisemouth, TN 89751",Shipped
O500983,CUST322952,9/2/2023,4776.94,"64126 Christina Tunnel, Isaiahfort, MN 61268",Shipped
O500984,CUST254241,11/30/2023,3483.37,"952 John Street Suite 834, Lake Alexandra, OR 33514",Delivered
O500985,CUST064963,5/21/2024,377.24,"3276 Henry Cove, Masonview, OK 39565",Cancelled
O500986,CUST336446,9/30/2024,3909.78,"19626 Nicole Shore, West Zacharyland, WI 16381",Delivered
O500987,CUST950592,12/25/2024,1679.35,"66077 Hunter Trafficway, Perkinsshire, MD 69945",Delivered
O500988,CUST406783,11/23/2024,1492.61,"PSC 5659, Box 1539, APO AP 00526",Shipped
O500989,CUST765997,3/24/2025,3730.68,"PSC 1624, Box 9614, APO AE 24617",Cancelled
O500990,CUST802489,6/14/2025,327.59,"403 Valdez Mews, New David, NJ 91930",Shipped
O500991,CUST763669,1/26/2025,4926.44,"8724 Cooper Crescent Apt. 471, Lake Ryan, ID 37952",Cancelled
O500992,CUST868051,6/11/2024,1233.38,"6148 Carter Ferry, Michaelstad, AL 30335",Delivered
O500993,CUST341836,2/8/2025,4168.15,"06729 Griffin Island Suite 932, Wendyshire, WI 82661",Pending
O500994,CUST775681,1/12/2024,249.82,"3773 Harris Circle Suite 876, Warrenview, GA 26731",Delivered
O500995,CUST313508,2/7/2025,221.94,"26972 Key Cape, North Kimberly, MA 38031",Shipped
O500996,CUST276020,6/15/2024,4547.98,"763 Robert Isle, Lake Sandraside, MT 30104",Cancelled
O500997,CUST071841,8/15/2024,245.1,"6781 Jeremy Rest Apt. 338, Beckton, OK 79132",Shipped
O500998,CUST582173,11/25/2023,4070.42,"685 Malone Lake, Port Pamelaside, MI 12913",Cancelled
O500999,CUST872727,11/2/2024,3310.67,"0337 Carter Hollow Suite 196, Port Timothyton, GA 17851",Cancelled
O501000,CUST505702,4/8/2024,1505.83,"1906 Rhonda Crossing Apt. 490, Port David, CT 41129",Returned
O501001,CUST440035,5/13/2025,92.42,"7056 Carlos Pines, New Heather, ND 30476",Returned
O501002,CUST014199,12/12/2024,3063.31,"68815 Natasha River Apt. 292, Lake Lisaview, LA 94776",Delivered
O501003,CUST161706,11/23/2023,3646.49,"017 Jacobs Squares Apt. 325, New Jenniferborough, OK 81591",Delivered
O501004,CUST539411,12/18/2024,3392.12,"25185 Amanda Lock, Brownmouth, AR 64698",Returned
O501005,CUST775437,12/14/2023,1244.69,"806 Julie Inlet Suite 381, Lake Tracichester, VT 80164",Cancelled
O501006,CUST248555,8/21/2023,548.71,"03377 Alejandra Spring Suite 497, North Timothy, TX 34434",Returned
O501007,CUST655116,2/1/2024,4392.34,"482 Christopher Parkway, Weissstad, ME 04741",Returned
O501008,CUST121238,11/11/2023,4147.61,"614 Fisher Manors Suite 648, Tuckerhaven, MI 13354",Delivered
O501009,CUST293054,4/5/2024,1699.39,"93060 Paul Gardens Apt. 706, West Jessicahaven, IL 29978",Shipped
O501010,CUST144309,6/12/2024,997.74,"89233 Mary Wells, West Susantown, NM 65974",Shipped
O501011,CUST538030,11/7/2024,421.35,"0848 Ellison Plains Apt. 228, West Christinemouth, TN 76198",Delivered
O501012,CUST651239,3/17/2024,1068.9,"187 Morales Hollow, New Gina, IN 04103",Shipped
O501013,CUST666303,10/17/2024,2873.23,"261 Allison Mount, East Shelby, FL 33962",Returned
O501014,CUST686114,6/2/2024,4361.65,"6409 Miller Key Suite 411, Daviesshire, PA 85381",Shipped
O501015,CUST332445,11/27/2024,3483.54,"531 Lucas Fords Suite 722, Lake Anne, ID 18824",Cancelled
O501016,CUST019559,1/6/2025,2710.58,"5420 Ellis Prairie, New Samanthaberg, NE 16246",Cancelled
O501017,CUST974261,2/5/2025,4695.21,"698 Michael Roads Apt. 938, Krausebury, FL 33085",Returned
O501018,CUST395315,1/27/2024,1803.81,"081 Huber Common, North Lori, MT 97243",Delivered
O501019,CUST248698,5/7/2024,3894.21,"628 Lucas Mews, Thomasmouth, SC 83621",Delivered
O501020,CUST925882,1/8/2024,1529.5,"PSC 7791, Box 3659, APO AE 78859",Returned
O501021,CUST968640,1/28/2024,376.12,"PSC 1260, Box 6389, APO AP 27841",Returned
O501022,CUST417930,11/27/2023,2491.24,"85521 Vasquez Grove Apt. 287, South Steven, MO 42602",Pending
O501023,CUST432694,9/20/2024,2817.63,"37188 Schmidt Plaza, Port Tina, MI 56944",Delivered
O501024,CUST551190,9/23/2023,3584.92,"002 Michael Corner, Kellyton, CA 67935",Cancelled
O501025,CUST966079,5/22/2024,1186.35,"7340 Erica Bypass, New John, AL 31406",Cancelled
O501026,CUST616635,12/5/2024,3274.86,"4974 Chavez Circles, Evansfort, KS 76794",Returned
O501027,CUST536404,1/12/2024,4476.55,"2707 Owens Mill, Hudsonborough, NM 39594",Delivered
O501028,CUST946719,6/17/2024,1574.41,"2319 Robert Vista, Jesseside, TX 91978",Cancelled
O501029,CUST508897,12/13/2023,783.64,"7590 Miller Dale, Port Christy, LA 07743",Delivered
O501030,CUST299878,5/30/2025,4932.72,"098 Alvarado Parks, Edwardstad, LA 03055",Pending
O501031,CUST004562,3/17/2025,659.53,"642 Jacqueline Walks Suite 597, Hodgetown, AR 69055",Returned
O501032,CUST955926,1/6/2024,2034.63,"887 Samuel Key Apt. 170, Travisshire, MS 51031",Cancelled
O501033,CUST618688,6/14/2024,3338.17,"46701 Emily Junctions Apt. 646, Port Lauraton, AL 17400",Shipped
O501034,CUST042501,5/7/2024,263.01,"33563 Christy Fields Suite 562, East Angela, WI 53206",Cancelled
O501035,CUST438371,6/8/2024,4538.34,"75213 Ronald Skyway, Lake Josephborough, ND 83218",Shipped
O501036,CUST414643,12/10/2023,963.79,"002 Margaret Harbor Apt. 501, Smithtown, PA 32238",Delivered
O501037,CUST429998,7/18/2024,2464.18,"1461 Brown Rapids, North Kathryntown, NV 14108",Cancelled
O501038,CUST614810,8/10/2024,2722.02,"668 Warren Village Suite 387, North Joseph, GA 84293",Delivered
O501039,CUST792557,5/21/2024,4402.08,"Unit 7361 Box 0717, DPO AA 54814",Pending
O501040,CUST646522,4/9/2024,2307.43,"0981 Martinez Well Apt. 814, New Sheena, OK 37310",Pending
O501041,CUST747158,5/21/2024,3866.87,"28168 Boyd Island, Port Bryan, SD 20103",Returned
O501042,CUST095724,8/15/2023,3186.96,"2167 Jesse Crossroad Suite 556, Lake Nicole, NY 40440",Returned
O501043,CUST191223,6/4/2024,1388.94,"972 Alexis Harbors Apt. 555, Port Allison, VT 92963",Delivered
O501044,CUST228244,11/26/2023,2402.36,"5838 Thompson Mission Apt. 633, Rodriguezhaven, HI 73627",Delivered
O501045,CUST831654,6/9/2024,2277.02,"8511 Jeffrey Falls Suite 231, Davidshire, UT 58804",Cancelled
O501046,CUST475713,2/6/2025,69.5,"57486 Reese Plain, Port Antoniotown, WV 84750",Shipped
O501047,CUST492683,11/1/2024,1955.88,"5564 Robinson Courts Suite 028, North Ryanberg, FL 50451",Shipped
O501048,CUST078196,4/15/2024,3970.81,"41408 Jeremy View Suite 252, Martinbury, KS 77612",Delivered
O501049,CUST389607,4/15/2025,1049.75,"31407 Hill Road, East Matthew, SD 18415",Delivered
O501050,CUST643601,6/12/2024,2952.08,"Unit 8289 Box 1825, DPO AP 48396",Shipped
O501051,CUST655349,10/28/2023,806.5,"525 Larson Mews, Lake Hannahborough, CT 90057",Returned
O501052,CUST565594,6/11/2024,3863.06,"7497 Jerry Garden Apt. 256, Port Staceyshire, TX 14617",Shipped
O501053,CUST243394,12/25/2024,2067.28,"549 Thomas Spurs Suite 063, Fletcherland, MT 02279",Shipped
O501054,CUST821920,12/27/2024,1789.17,"Unit 2488 Box 2725, DPO AE 07979",Returned
O501055,CUST795660,2/5/2025,1001.48,"9766 Katrina Route Apt. 840, New Claytonshire, MS 19667",Cancelled
O501056,CUST521458,5/5/2025,1155.86,"3730 Oliver Forge Apt. 096, Whiteborough, SD 74744",Delivered
O501057,CUST351883,7/31/2024,2501.62,"346 Alexandria Knoll Suite 440, Kristiberg, NV 54959",Returned
O501058,CUST644175,7/22/2023,3587.77,"78773 Susan Parkways Apt. 088, Lake Terri, ND 91471",Returned
O501059,CUST719425,8/25/2023,4316.05,"68823 Michelle Run Apt. 023, Lake Tiffany, AK 98495",Shipped
O501060,CUST593463,12/20/2024,2960.86,"656 Aguilar Vista Suite 783, Hamiltonstad, CO 71483",Shipped
O501061,CUST119172,8/1/2023,2859.28,"PSC 3920, Box 6158, APO AP 39294",Cancelled
O501062,CUST346384,8/27/2024,4005.93,"867 Turner Neck Suite 074, Port Joseph, DC 23355",Delivered
O501063,CUST286978,5/23/2024,1197.13,"81668 Daniel Crescent Suite 831, New Danmouth, AL 32599",Cancelled
O501064,CUST964812,7/11/2023,2169.14,"USNS Pearson, FPO AE 44537",Returned
O501065,CUST499724,9/29/2024,3804.49,"Unit 5292 Box 5776, DPO AE 38646",Returned
O501066,CUST563949,8/16/2024,2980.78,"PSC 5355, Box 4207, APO AE 08636",Shipped
O501067,CUST576660,8/18/2023,1815.81,"696 Lisa Tunnel Suite 940, Port Kyle, KY 84951",Shipped
O501068,CUST008540,9/11/2023,4412.55,"733 Waller Well Suite 727, Rebeccaton, KS 27392",Cancelled
O501069,CUST916020,7/30/2024,3676.32,"1926 Long Turnpike Suite 175, North Matthew, VT 22807",Pending
O501070,CUST339746,3/21/2025,4008.93,"87558 Hodge Road Apt. 537, Cobbfort, OR 56029",Returned
O501071,CUST703768,1/5/2025,323.63,"9942 Oliver Orchard Suite 142, Port Caitlin, IL 18526",Returned
O501072,CUST334483,10/26/2024,1845.65,"USS Young, FPO AA 74343",Delivered
O501073,CUST660104,2/9/2025,3739.28,"90794 Vazquez Shoal, New Christopherview, ID 72973",Pending
O501074,CUST586316,8/2/2024,2751.73,"82972 Derrick Lake Apt. 044, East Mirandaland, TX 67557",Pending
O501075,CUST461569,5/4/2025,2647.67,"28012 Gilmore Isle Suite 532, Brandonfort, NE 43714",Delivered
O501076,CUST080825,6/22/2024,2312.42,"70546 Kyle Hollow, Lake Scott, SC 82763",Cancelled
O501077,CUST467899,12/2/2024,148.31,"3588 Leslie Plaza, Lake Jennifer, TX 97748",Shipped
O501078,CUST930543,5/28/2024,276.81,"341 Butler Haven Apt. 073, Georgehaven, WI 83460",Returned
O501079,CUST675127,7/1/2024,1791.11,"678 Dustin Road, Thomasborough, ND 37714",Shipped
O501080,CUST302147,3/13/2025,858.16,"Unit 4069 Box 4577, DPO AE 15977",Returned
O501081,CUST600559,2/18/2025,2810.91,"614 Jeffrey Fort Suite 069, Colemanstad, WV 22831",Pending
O501082,CUST129588,7/8/2025,4146.29,"0088 Anna Flat, West Daisy, CA 03050",Pending
O501083,CUST912695,8/9/2023,3566.57,"85610 Griffin Garden Suite 503, South Danielleland, WV 06376",Shipped
O501084,CUST346937,10/15/2024,2720.88,"9761 King Station, Terrybury, IA 34223",Pending
O501085,CUST740796,1/4/2025,2642.41,"44644 Kelly River, Thomasfurt, SC 31881",Pending
O501086,CUST696045,4/7/2024,1382.85,"678 Jeremy Forges, Millsfurt, VA 55257",Delivered
O501087,CUST616289,8/24/2024,2049.13,"62095 Benjamin Junctions Suite 848, Krauseberg, MS 77442",Returned
O501088,CUST255948,3/18/2024,4356.61,"37997 Julie Dale, Garciamouth, NH 46635",Pending
O501089,CUST711373,12/27/2023,2866.71,"Unit 1150 Box 2697, DPO AP 53630",Pending
O501090,CUST137811,4/25/2025,4474.55,"0909 Phelps Plain, West Brianburgh, TX 71711",Returned
O501091,CUST333922,5/20/2025,4857.23,"5181 Susan Ports Suite 648, East Theresa, WI 41156",Pending
O501092,CUST228623,6/21/2025,3966.15,"860 Angelica Plains Apt. 202, Amyville, PA 63721",Cancelled
O501093,CUST029674,9/12/2023,4271.81,"99722 Emily Flats, Angelashire, TX 08728",Shipped
O501094,CUST772783,5/6/2025,2166.89,"PSC 6227, Box 9172, APO AP 99222",Pending
O501095,CUST801507,5/31/2025,4404.92,"4049 Andrade Isle, South Marcusmouth, WA 07192",Shipped
O501096,CUST023231,11/30/2023,3723.06,"968 Greer Lodge Apt. 555, Dawnview, ND 39406",Shipped
O501097,CUST300851,9/24/2023,2955.87,"6856 Katelyn Landing, Carolchester, FL 59773",Pending
O501098,CUST628455,7/4/2025,414.22,"797 Brady Forest Apt. 058, New Lynnmouth, CT 17307",Pending
O501099,CUST957374,3/31/2025,1027.66,"4695 Nicholas Crest, North Curtis, NM 30977",Shipped
O501100,CUST262441,3/23/2025,2816.85,"58706 David Village, Ambershire, VT 87680",Delivered
O501101,CUST994352,10/18/2024,637.15,"86507 Hoover Mission Apt. 369, Campbellmouth, NC 17275",Returned
O501102,CUST155442,12/7/2023,1568.66,"379 Salinas Corner Apt. 934, Hayesstad, LA 38266",Delivered
O501103,CUST417676,10/28/2024,943.01,"5556 Brown Inlet Apt. 441, Grimesbury, VA 33271",Shipped
O501104,CUST356684,1/25/2025,4001.67,"16478 Emma Mill, Port Calebmouth, DC 56596",Shipped
O501105,CUST637402,5/25/2025,1014.88,"472 Kim Loop Apt. 461, Davidburgh, ID 56553",Cancelled
O501106,CUST018228,8/9/2024,4228.1,"79595 Houston Loop, Arnoldburgh, AR 55609",Delivered
O501107,CUST087210,4/2/2025,1472.44,"Unit 8427 Box 9238, DPO AA 71237",Delivered
O501108,CUST314612,5/18/2025,4912.36,"137 George Coves Suite 866, Jasonchester, CO 76929",Delivered
O501109,CUST878848,1/23/2024,2015.67,"32113 Micheal Skyway Suite 035, Bennettborough, FL 73642",Delivered
O501110,CUST718112,2/29/2024,3530.29,"PSC 0434, Box 4990, APO AA 40786",Delivered
O501111,CUST534927,6/9/2024,3438.04,"996 Davis Crest Apt. 142, New Lauraview, NJ 78236",Delivered
O501112,CUST859373,12/13/2023,1010.55,"96818 Marc Causeway, New Robert, AZ 99040",Pending
O501113,CUST676323,6/8/2024,3531.84,"3248 Smith Square Apt. 309, West Joshua, AR 89660",Cancelled
O501114,CUST119244,1/26/2024,487.47,"6322 Michelle Rapids, South Lukeview, GA 97787",Cancelled
O501115,CUST345166,2/24/2024,3392.07,"368 Valerie Haven Apt. 267, Madisonside, WI 35798",Shipped
O501116,CUST627250,12/17/2023,505.74,"49124 Perry Manor, South Leslie, WV 57727",Cancelled
O501117,CUST653068,9/3/2023,3302.01,"77128 Green Greens, Justinland, NM 66838",Cancelled
O501118,CUST141866,9/17/2024,1583.07,"8034 Stafford Villages Suite 260, Yolandaberg, DC 40723",Pending
O501119,CUST281490,10/12/2024,71.41,"583 Ashley Springs, Youngmouth, WA 31432",Shipped
O501120,CUST739148,6/15/2024,2440.53,"60755 Gregory Mount, Kaylamouth, SC 46169",Delivered
O501121,CUST127207,2/8/2024,2733.01,"64617 Luna Place, Port Katherine, SC 08045",Pending
O501122,CUST355128,10/24/2023,2604.73,"96476 Kelly Well Apt. 086, Gonzalezville, MT 28587",Delivered
O501123,CUST658844,1/26/2025,1070.15,"21683 Jones Causeway Suite 631, Danielleside, NH 97428",Delivered
O501124,CUST523927,4/25/2025,4967.43,"380 Malone Squares Apt. 216, Wheelerville, AL 96861",Shipped
O501125,CUST886528,9/19/2024,78.06,"58758 Katherine Haven, South Edwinfurt, AL 65041",Cancelled
O501126,CUST186979,1/9/2024,2381.8,"43588 Kelly Parkways Suite 169, Leroyview, MA 62223",Shipped
O501127,CUST995591,12/15/2024,2717.1,"445 Grant Corners Suite 165, East Jeantown, IA 03016",Shipped
O501128,CUST992715,2/20/2025,2711.61,"870 Eduardo Pike Suite 148, Traceystad, SC 37048",Shipped
O501129,CUST442642,1/31/2024,2053.12,"50808 Martin Flat Suite 852, East Nicole, NH 66640",Shipped
O501130,CUST547479,12/31/2024,4122.54,"5284 Miller Village Apt. 530, Shannonland, AK 11094",Cancelled
O501131,CUST266126,7/23/2023,4636.3,"8589 Nathan Curve, Katiemouth, OK 09829",Returned
O501132,CUST763898,6/9/2024,4669.36,"94114 Evans Islands, Olivermouth, MO 21143",Delivered
O501133,CUST869461,2/25/2024,1960.27,"6677 Carlos Course Apt. 473, Juliemouth, WA 35256",Delivered
O501134,CUST129701,1/3/2024,1460.32,"7732 Sullivan Island Suite 972, Craneton, MD 71601",Shipped
O501135,CUST079854,8/18/2023,1680.66,"52330 Timothy Causeway, New Stephenton, AR 20981",Shipped
O501136,CUST466812,6/9/2025,2893.32,"31734 Leon Ways, Hansonfurt, SD 46049",Cancelled
O501137,CUST280690,9/17/2023,4534.24,"26176 Johnson Cliff Apt. 361, North Jessica, MT 98661",Shipped
O501138,CUST260583,8/13/2023,4015.11,"33736 Jennifer Stream, North Markburgh, TX 57535",Pending
O501139,CUST488369,10/3/2024,1925.6,"101 Reid Villages, New Lori, WI 82345",Returned
O501140,CUST041421,6/8/2024,2062.82,"2360 Jessica View Apt. 948, Justinside, NM 74654",Shipped
O501141,CUST577264,6/4/2024,3596.32,"9051 Richard Gardens Suite 281, Ashleymouth, OR 36699",Cancelled
O501142,CUST728270,3/7/2024,735.01,"Unit 8581 Box 4222, DPO AA 65446",Pending
O501143,CUST203823,6/26/2024,3423.92,"9337 Evans Estates, Marctown, OH 98617",Shipped
O501144,CUST991621,8/15/2024,1859.92,"73668 Dixon Highway, South Jennifer, IL 02102",Cancelled
O501145,CUST183093,1/17/2025,432.83,"407 Knight Street, Lake Andrea, SD 45087",Cancelled
O501146,CUST832400,6/30/2025,3337.51,"0375 Jacqueline Court Apt. 902, West Rhondaberg, CA 52182",Returned
O501147,CUST639234,12/30/2023,4138.52,"70001 Rhodes Lock, Greenton, TX 05946",Cancelled
O501148,CUST921334,1/9/2024,822.7,"868 Huffman Motorway, Flynnmouth, OK 58860",Cancelled
O501149,CUST472384,8/8/2023,179.93,"21610 William Inlet Suite 788, North April, IL 79562",Cancelled
O501150,CUST011405,2/7/2025,187.14,"524 Sims Flat Apt. 091, Rebeccaport, IA 78627",Delivered
O501151,CUST794906,5/16/2024,466.7,"1471 Rhonda Field, West Dustinshire, AR 22925",Returned
O501152,CUST330203,8/5/2024,1871.38,"394 Ware Ford Apt. 607, Changstad, OK 26738",Shipped
O501153,CUST677315,9/8/2024,1032.21,"1045 Lindsey Plaza, Franciscoburgh, DE 86210",Shipped
O501154,CUST859451,1/18/2024,3015.49,"36397 Nathan Bypass Suite 137, South Reginaldview, IA 73069",Returned
O501155,CUST296708,9/1/2023,4627.04,"5349 Webster Heights, Jonesberg, NV 34579",Delivered
O501156,CUST086657,6/8/2024,3603.69,"9988 Irwin Forks, South Stephanieville, WI 55055",Cancelled
O501157,CUST769576,8/11/2024,4327.7,"108 Michele Meadows, Perryville, SD 50922",Cancelled
O501158,CUST025263,3/7/2024,65.98,"706 Travis Roads Suite 621, New Georgefurt, TN 05154",Shipped
O501159,CUST349503,3/1/2025,2882.54,"84177 Alexander Wells, Jensenshire, NH 97501",Delivered
O501160,CUST168541,4/26/2024,2012.98,"427 Reyes Neck, East Charles, NJ 36465",Returned
O501161,CUST359686,10/9/2023,4785.14,"Unit 2376 Box 5037, DPO AE 46420",Returned
O501162,CUST378385,12/26/2024,2139.54,"31924 Day Knolls, West Sylvia, CA 31589",Returned
O501163,CUST086146,11/22/2024,1000.23,"80904 Brock Mount Apt. 971, New Danielhaven, MI 48393",Returned
O501164,CUST872449,9/7/2023,3809.71,"689 Williams Courts, Housefort, AL 81672",Delivered
O501165,CUST018605,11/9/2024,2250.41,"274 Vang Divide, West Donaldtown, CO 11896",Shipped
O501166,CUST555217,3/24/2024,4940.48,"061 Claudia Heights Apt. 230, East Ericborough, NC 08405",Cancelled
O501167,CUST130654,3/21/2025,3237.52,"9002 Scott Glens, West Angela, IA 98657",Returned
O501168,CUST017356,4/15/2024,4950.13,"26541 Elizabeth Meadows Suite 002, Stephanieport, IN 25525",Returned
O501169,CUST932201,8/6/2023,2018.83,"2903 Foster Lane Suite 856, Carlosburgh, VT 86341",Shipped
O501170,CUST253902,1/8/2025,2602.73,"330 Bauer Extensions, Kathrynstad, ID 83090",Cancelled
O501171,CUST033725,11/23/2024,4025.34,"627 Sherman Causeway, Port Craig, PA 50949",Cancelled
O501172,CUST383284,2/18/2025,1753.37,"46058 Smith Cliff, Patrickshire, PA 55556",Shipped
O501173,CUST802222,9/20/2023,1105.95,"40209 Alvarez Fall, Port Robert, MI 39331",Cancelled
O501174,CUST916025,12/4/2024,173.06,"353 Robert Ways, West Jacqueline, ND 13088",Pending
O501175,CUST236828,7/12/2024,526.61,"97105 Daniel Coves Apt. 222, Charlesburgh, OR 21880",Cancelled
O501176,CUST878721,7/13/2024,266.1,"8051 Gardner Light, Porterbury, NJ 18105",Pending
O501177,CUST722301,6/30/2024,3283.03,"300 Davis View Suite 768, Robertland, AZ 06280",Cancelled
O501178,CUST516586,9/28/2023,462.36,"43164 Aaron Ways Apt. 948, Moorechester, PA 31841",Cancelled
O501179,CUST777793,12/15/2024,1876.05,"41799 Aaron Streets, Patrickmouth, MO 25668",Shipped
O501180,CUST999484,1/15/2025,336.52,"90713 Sabrina Club Apt. 508, Port Angela, VA 06543",Pending
O501181,CUST710167,11/21/2024,333.86,"6825 Kathleen Parkway, New Roymouth, SC 67783",Delivered
O501182,CUST599706,2/18/2025,2750.8,"0833 Ana Loaf Apt. 375, Paulstad, IL 96484",Cancelled
O501183,CUST780537,12/28/2023,57.26,"156 Cathy Orchard, New Mary, NM 44466",Pending
O501184,CUST505793,7/8/2024,4483,"66445 Nelson Manor Suite 055, South Craig, NE 06565",Delivered
O501185,CUST415328,5/20/2025,2251.13,"796 Richardson Forge Apt. 936, Gutierrezmouth, OR 35700",Returned
O501186,CUST342352,6/1/2024,426.76,"782 April Ford, Edwardfort, NY 78613",Shipped
O501187,CUST870434,12/15/2023,4639.46,"616 Michael Pass, Zavalaborough, MD 40715",Returned
O501188,CUST247616,7/24/2024,4676.12,"055 Kristen Trafficway Suite 275, Whitehaven, VA 25910",Delivered
O501189,CUST665691,1/1/2025,1539.53,"1483 Elizabeth Fall Suite 438, Cochranstad, CA 89609",Cancelled
O501190,CUST974846,5/28/2025,3259.04,"5158 Taylor Squares Apt. 180, South Richard, IN 87234",Pending
O501191,CUST866654,10/21/2023,1274.32,"723 Murphy Place Suite 507, Whiteheadburgh, OH 90932",Shipped
O501192,CUST512657,10/30/2023,2954.73,"USNS Sosa, FPO AP 79751",Cancelled
O501193,CUST292900,3/30/2025,1338.14,"6180 Bauer Forge Apt. 836, West Kristentown, MA 26168",Shipped
O501194,CUST692341,7/29/2023,819.36,"1327 Mccoy Lake, New Nicholas, WV 37556",Delivered
O501195,CUST705873,6/25/2024,2658.11,"72757 Ramirez Falls Apt. 601, Alexandraside, LA 71027",Returned
O501196,CUST757286,4/24/2024,310.08,"09033 Oconnor Trafficway Apt. 065, South Donaldville, AZ 51716",Delivered
O501197,CUST080821,6/4/2024,3250.11,"253 Brittany Extension Apt. 251, Lake Adam, TX 16801",Returned
O501198,CUST621586,7/26/2023,1204.96,"948 Stephens Land, East Christopherberg, MS 74319",Shipped
O501199,CUST908232,7/16/2024,3806.39,"8896 Beth Underpass Suite 129, Jennaberg, NJ 55722",Cancelled
O501200,CUST106764,7/16/2024,3448.71,"41243 Mark Centers, Woodsburgh, ME 46022",Returned
O501201,CUST274892,11/8/2024,274.47,"7714 Sanchez Courts Suite 849, Ashleeburgh, IL 19180",Returned
O501202,CUST550782,2/25/2025,3392.32,"7464 Villanueva Lodge Apt. 294, Richardsonshire, ND 21941",Returned
O501203,CUST804857,8/2/2023,1011.88,"7849 Sarah Views Apt. 295, East Benjamin, UT 75993",Cancelled
O501204,CUST340771,12/28/2023,824.58,"USS Brown, FPO AE 62929",Cancelled
O501205,CUST523081,5/23/2024,4218.07,"58795 Jerry Squares Suite 528, Rebeccafort, NC 38297",Shipped
O501206,CUST073714,11/7/2024,3883.46,"USNS Robinson, FPO AA 02196",Delivered
O501207,CUST633767,3/28/2024,2320.53,"31925 Raven Road Suite 506, Tammyborough, WA 61691",Pending
O501208,CUST498245,7/10/2024,3501.58,"04793 Sandoval Route, New Darren, OR 73805",Returned
O501209,CUST613772,5/24/2024,1124.93,"41368 John Extensions Suite 953, Pricemouth, CT 41796",Returned
O501210,CUST808104,12/18/2024,2355.72,"85206 Blake Parkway, East Davidfort, MA 97023",Shipped
O501211,CUST388094,10/29/2024,2975.46,"6411 Patricia Forges Suite 810, Greeneside, ID 39914",Returned
O501212,CUST743236,4/29/2025,710.11,"4977 Jorge Coves Suite 997, North Amber, HI 89816",Delivered
O501213,CUST219265,3/27/2024,339.48,"706 Sanchez Green Suite 136, Evansshire, WI 86217",Delivered
O501214,CUST783731,1/22/2024,4156.12,"PSC 7483, Box 7629, APO AA 49013",Shipped
O501215,CUST015889,5/20/2025,1493.55,"0289 Riddle Summit Apt. 537, New Anthonystad, RI 79109",Shipped
O501216,CUST447751,9/28/2023,3040.76,"9442 Perry Pines, Charlesville, RI 73546",Cancelled
O501217,CUST104617,11/28/2024,4199.36,"95212 Bishop Curve Apt. 055, North Ginafort, OK 31842",Delivered
O501218,CUST414067,11/18/2023,1557.61,"9094 Yvonne Square Apt. 943, Kurtmouth, ID 54741",Delivered
O501219,CUST916902,11/23/2023,3895.61,"8805 Natalie Mill, Port Savannah, ND 41541",Shipped
O501220,CUST357321,2/22/2025,895.3,"49429 Jason Port Apt. 939, Ronaldland, WV 71737",Pending
O501221,CUST785469,3/31/2024,3457.37,"USS Rodriguez, FPO AP 12048",Delivered
O501222,CUST508176,7/24/2023,4983.9,"2805 Gwendolyn Corners Suite 267, Landrychester, VT 50043",Delivered
O501223,CUST846832,12/21/2024,3617.93,"405 Maxwell Gardens, East Catherine, NH 88111",Cancelled
O501224,CUST267040,7/12/2024,3367.48,"252 Jenny Extensions Suite 593, Port William, KY 56706",Shipped
O501225,CUST494638,8/6/2024,711.83,"706 Arellano Lock, Terrellton, HI 15778",Shipped
O501226,CUST594654,8/19/2023,2404.55,"52407 Robinson Burgs, South Lisaland, MI 11407",Delivered
O501227,CUST881247,5/18/2024,408.5,"2350 John Isle, Katelyntown, RI 25962",Pending
O501228,CUST437148,3/19/2024,2775.52,"96479 Howell Crossroad Apt. 542, Port Maria, NC 94763",Shipped
O501229,CUST242237,5/8/2024,3646.53,"Unit 2129 Box 3653, DPO AA 48568",Shipped
O501230,CUST012738,10/6/2024,1697.99,"7072 Steven Lakes Suite 413, Port Renee, MT 44641",Pending
O501231,CUST780001,12/3/2023,1653.14,"84060 Walton Hollow Apt. 974, Adamfort, TX 61830",Shipped
O501232,CUST532885,5/9/2025,1330.67,"81758 Christina Cliffs Suite 658, Annestad, IA 23787",Pending
O501233,CUST423334,8/17/2023,4052.45,"0596 Snow Overpass Suite 993, Port Kurtfort, WA 92618",Delivered
O501234,CUST320664,2/22/2025,128.12,"99923 Vega Radial, Port Michaelport, GA 34078",Cancelled
O501235,CUST476422,3/18/2025,2622.92,"99160 Michael Run, Hollandbury, MT 91865",Cancelled
O501236,CUST825901,4/29/2025,3720.39,"389 Harris Wall, North Albert, NY 65916",Cancelled
O501237,CUST937554,9/21/2023,4724.54,"98955 David Lodge Suite 550, Lake Jasmine, IN 84136",Pending
O501238,CUST638151,2/12/2024,308.4,"6749 Smith Wall, Port Marcusbury, MN 66000",Pending
O501239,CUST053065,12/21/2023,1752.13,"861 Velazquez Throughway, Edwardstown, IL 07685",Returned
O501240,CUST039489,4/30/2024,2738.19,"Unit 0762 Box 1851, DPO AE 94617",Pending
O501241,CUST413733,10/4/2024,4244.65,"2170 Rebecca Mews, Davidburgh, MD 24350",Returned
O501242,CUST644881,6/20/2024,686.48,"37843 Santos Divide Suite 329, Lake Patrickland, VA 99508",Delivered
O501243,CUST174307,5/21/2024,2480.53,"165 Zachary Well, North Molly, IN 45577",Delivered
O501244,CUST745620,10/24/2024,1744.53,"868 Kristine Islands Suite 063, Williamsborough, CO 82916",Returned
O501245,CUST672379,11/28/2024,3634.63,"7578 Mckenzie Wells Suite 598, Crystalview, ID 89100",Pending
O501246,CUST680481,5/2/2025,4254.8,"82249 Hendricks Plain Apt. 440, Smithhaven, IN 61533",Delivered
O501247,CUST554365,10/29/2023,3014.61,"60103 Brendan Union Suite 016, Mooreport, KS 16554",Shipped
O501248,CUST050560,2/22/2025,655.01,"6463 Long Rapids, Williamsview, CA 58486",Cancelled
O501249,CUST763470,8/11/2023,4587.8,"476 Renee Shoal Apt. 897, North Michael, LA 13969",Shipped
O501250,CUST158845,2/17/2024,3713.76,"3641 Ramirez Cliffs Apt. 852, Michelleton, WY 25021",Delivered
O501251,CUST601587,9/28/2023,2237.99,"PSC 0660, Box 2376, APO AE 75998",Pending
O501252,CUST520450,12/15/2023,1309.29,"702 Caitlin Squares Apt. 035, Markview, AR 98781",Returned
O501253,CUST136739,2/19/2024,3720.79,"1899 Perez Plaza, Andersonstad, KS 05983",Shipped
O501254,CUST235999,2/27/2025,3141.78,"4514 Walker Locks Suite 356, West Vanessa, IN 62982",Returned
O501255,CUST203685,12/6/2023,1026.16,"56499 Perry Throughway Apt. 880, Lake Josephside, GA 50528",Delivered
O501256,CUST612842,9/22/2024,2219.84,"91461 Turner Trace, Sandersshire, MI 22549",Delivered
O501257,CUST923180,9/25/2023,794.43,"025 Navarro Hills, Sharonberg, MT 71895",Returned
O501258,CUST080384,7/13/2023,117.49,"PSC 1897, Box 1871, APO AP 15066",Delivered
O501259,CUST668961,6/20/2025,1053.7,"717 Walton Village, Thompsonside, WA 86211",Pending
O501260,CUST528672,11/27/2024,639.2,"943 Cook Isle Suite 161, Thompsonborough, KS 95192",Cancelled
O501261,CUST612291,6/8/2025,540.18,"0336 Jeremy Fords Apt. 546, Dennismouth, WV 47685",Returned
O501262,CUST451429,7/3/2024,2406.16,"681 Davidson Ville, Kingport, WI 21925",Shipped
O501263,CUST001395,4/7/2024,4836.09,"500 Schwartz Fields, South Catherine, OK 14428",Returned
O501264,CUST221341,11/17/2023,826.46,"990 Wolfe Haven, Lake Petershire, NM 54101",Returned
O501265,CUST278822,12/20/2024,402.38,"4185 Shane Common Suite 328, Port Hayleyport, NE 38557",Returned
O501266,CUST130829,12/7/2023,4167.45,"6860 Alyssa Pine, Collinsville, SC 57684",Returned
O501267,CUST571384,5/4/2025,4511.5,"35437 Bailey Road Suite 643, Stevenport, WI 72987",Returned
O501268,CUST090895,9/7/2023,1054.21,"312 Russell Corner, Pollardstad, MT 96757",Shipped
O501269,CUST730677,4/6/2025,120.97,"07034 Chad Brook Apt. 922, Hartside, IL 86292",Pending
O501270,CUST121188,7/28/2024,1249.35,"5370 Bailey Crest, New Sally, HI 19990",Pending
O501271,CUST860708,1/20/2024,1393.28,"728 Bonilla Loaf, Brenttown, MA 38567",Pending
O501272,CUST245919,11/8/2023,3710.36,"96057 Natalie Street Apt. 291, Janetland, LA 05394",Shipped
O501273,CUST447031,3/13/2025,4351.41,"45343 Donald Viaduct, East Christine, UT 12972",Pending
O501274,CUST360829,9/24/2023,1984.45,"33015 Vincent Extensions Suite 870, Kristinaville, NJ 09360",Returned
O501275,CUST874634,10/7/2024,3344.5,"3474 Brianna Mountains Suite 804, Lake Charles, KY 77349",Shipped
O501276,CUST251867,11/19/2023,1043.58,"275 Donna Avenue, East Robertside, NH 80978",Pending
O501277,CUST401420,2/27/2024,4651.93,"8213 Steven Stravenue, New Marystad, AK 77004",Cancelled
O501278,CUST909536,11/2/2023,4380.55,"0496 Timothy Squares, New Zacharyport, FL 41287",Delivered
O501279,CUST118416,9/12/2024,4790.62,"2905 Justin Point, New Hunterville, PA 84575",Returned
O501280,CUST490519,4/5/2025,2196.01,"PSC 6488, Box 0504, APO AA 18157",Shipped
O501281,CUST967304,9/27/2023,1643.55,"71040 Brandon Camp Apt. 006, Port Theodore, IA 84602",Returned
O501282,CUST570649,2/19/2025,4366.3,"081 Johnson Trafficway, East Stephanie, MD 86395",Cancelled
O501283,CUST769007,3/28/2025,894.11,"561 Michael Bypass, New Michaelport, CO 20569",Delivered
O501284,CUST316280,3/17/2024,3199.46,"9909 Moore Walk, South Tracyburgh, NV 93558",Pending
O501285,CUST545598,12/1/2023,3862.71,"279 Graham Ford, Port Mark, DC 69183",Cancelled
O501286,CUST294248,3/9/2024,2352.82,"43698 Mcdonald Crest, Sonyabury, GA 05791",Returned
O501287,CUST375667,12/9/2024,2319.4,"2778 Jacob Falls Suite 213, West Molly, WV 02685",Delivered
O501288,CUST856433,5/1/2024,2462.79,"PSC 1649, Box 3023, APO AP 89459",Cancelled
O501289,CUST351853,11/10/2024,1344.34,"10545 Donaldson Vista, Lake Joyceside, MO 20867",Cancelled
O501290,CUST206597,6/25/2025,3293.84,"12706 Lewis Estates Suite 802, Amyport, WY 38944",Cancelled
O501291,CUST361537,11/26/2023,1415.41,"17222 Tyler Mountains, West Beth, CT 64287",Cancelled
O501292,CUST227823,10/9/2024,4025.72,"45227 Anthony Views Suite 416, Nicoleshire, NJ 43820",Delivered
O501293,CUST654304,4/6/2024,1764.55,"559 Phillips Mission Apt. 231, Josefort, IA 78870",Pending
O501294,CUST132572,1/28/2024,1684.35,"90181 Aguirre Divide, Lake Kevin, OR 92963",Delivered
O501295,CUST164395,9/5/2024,281.53,"2076 George Bridge, Jeremyburgh, MN 28229",Cancelled
O501296,CUST725665,9/3/2024,1238.63,"988 Andrew Stravenue Apt. 555, East William, MI 03893",Pending
O501297,CUST538141,10/20/2023,1201.29,"913 Alexandra Stravenue, Ashleyfurt, CT 84013",Pending
O501298,CUST402213,10/6/2024,236.72,"8076 Horton Walks Suite 813, Arroyoborough, KY 51756",Cancelled
O501299,CUST826038,5/13/2025,1157.61,"02232 Peck Burgs Apt. 738, Bentonstad, VA 60627",Delivered
O501300,CUST353591,12/18/2024,4881.14,"0992 Terry Spring, Mullinsfurt, AL 24246",Cancelled
O501301,CUST642911,7/7/2025,1695.06,"USCGC Branch, FPO AE 27887",Returned
O501302,CUST083494,2/20/2024,1136.18,"057 King Wall Apt. 240, East Davidbury, FL 49298",Delivered
O501303,CUST930707,4/7/2025,2185.98,"58683 Johnson Ridge, West Lisaside, DE 01184",Pending
O501304,CUST569066,8/31/2024,3604.35,"1773 Dudley Trafficway, Port Zacharyshire, CA 19259",Shipped
O501305,CUST881775,11/3/2023,1783.32,"20176 Collins Forest, Martinezburgh, TX 67733",Pending
O501306,CUST230106,2/5/2024,4291.26,"78161 William Drives, South Wendyside, CT 73895",Delivered
O501307,CUST494266,4/24/2024,1341.11,"08271 Marcus Lane, North Stevenshire, LA 64627",Cancelled
O501308,CUST398681,12/29/2024,4678.67,"54272 Nolan Cliffs, Mathewton, HI 89592",Delivered
O501309,CUST204575,1/9/2024,2525.45,"9444 Eric Plaza Suite 327, Alexanderchester, VA 25756",Delivered
O501310,CUST547739,5/25/2024,1138.1,"Unit 8515 Box 8647, DPO AE 99386",Pending
O501311,CUST792438,4/6/2025,4917.01,"4931 Kristen Ford, Port Angelica, KS 94988",Pending
O501312,CUST703668,3/20/2025,2924.71,"1366 Michael Flat, Lake Maryborough, VT 01686",Shipped
O501313,CUST246537,7/20/2024,2079.44,"081 Anthony Dam Apt. 767, South Sydneybury, OR 78843",Pending
O501314,CUST456820,7/18/2023,3472.01,"52581 Scott Road, Rhodesborough, CO 36971",Cancelled
O501315,CUST738997,5/11/2025,2549.72,"25624 Michelle Brook Suite 603, Porterchester, MT 39266",Cancelled
O501316,CUST210369,8/14/2023,3454.03,"Unit 7194 Box 4797, DPO AE 92683",Delivered
O501317,CUST577230,8/29/2023,4214.28,"7403 Hammond Drives Suite 719, Susanland, SD 77994",Pending
O501318,CUST691631,6/27/2025,2921.78,"0837 Hayes Via, West Dana, WI 82488",Returned
O501319,CUST582974,2/24/2025,4274.82,"85327 Diaz Fields Suite 311, North Michael, NJ 48594",Pending
O501320,CUST061156,3/4/2025,2214.8,"54611 Sue Common, North Robertobury, VA 43270",Delivered
O501321,CUST166608,4/8/2025,3739.18,"57696 Howard Harbors Suite 737, East Stephanieshire, MO 80662",Returned
O501322,CUST750192,5/8/2024,662.45,"748 Molly Corner Apt. 527, Hodgeshire, ME 91274",Pending
O501323,CUST891234,1/7/2024,1074.36,"02721 Smith Circle, Reedmouth, NV 09060",Shipped
O501324,CUST513977,12/3/2024,4361.26,"USS Garrett, FPO AA 98175",Pending
O501325,CUST082783,2/27/2024,2215.67,"22617 Pittman Square, Stephanieview, CA 03158",Pending
O501326,CUST212286,3/19/2025,3577.27,"72946 Edwards Spurs, Millerport, NH 44015",Returned
O501327,CUST251891,2/10/2024,74.88,"491 Wiggins Dam, Lisachester, MD 95918",Cancelled
O501328,CUST979505,5/29/2025,395.81,"460 Quinn Brooks Suite 468, East Nataliehaven, TN 03423",Delivered
O501329,CUST803241,3/2/2025,1879.73,"845 Trevino Mount Apt. 760, Colinville, VA 64537",Shipped
O501330,CUST767431,7/20/2023,3239.41,"825 Brenda Prairie, Port Erinhaven, KY 66841",Pending
O501331,CUST335264,1/8/2024,3426.04,"919 Clark Ways, Garybury, WY 58604",Cancelled
O501332,CUST038198,8/27/2024,2775.59,"PSC 3029, Box 8166, APO AP 53488",Shipped
O501333,CUST783246,4/21/2024,4381.77,"244 Mary Avenue, Lake Josemouth, DE 04100",Cancelled
O501334,CUST958277,2/17/2024,3303.37,"033 Robert Views, East Haydenton, CO 32431",Pending
O501335,CUST989506,12/4/2024,3858.18,"828 Brady Ville, Mitchellmouth, OH 92771",Pending
O501336,CUST434853,9/13/2024,2814.76,"606 Kelsey Burgs Suite 147, Warnerburgh, TN 58963",Returned
O501337,CUST672320,3/13/2024,3984.29,"743 Brooke Lodge Apt. 338, Freemanberg, MI 37954",Cancelled
O501338,CUST799808,2/1/2025,2144,"62581 Laura Mountains, Thomasbury, VA 50642",Returned
O501339,CUST560933,9/23/2023,4688.56,"4871 Fletcher Mountain Apt. 021, West Suzanne, VA 25384",Pending
O501340,CUST555300,2/7/2025,1689.16,"19333 Smith Station, Johnsonfurt, PA 90125",Delivered
O501341,CUST935445,2/5/2024,4171.95,"015 Ronald Vista, Port Leonborough, NC 84074",Returned
O501342,CUST801953,2/15/2024,4216.28,"7424 Jennifer Gardens, Perrychester, OR 76592",Cancelled
O501343,CUST696233,1/15/2025,81.07,"07796 Baldwin Villages Apt. 290, New Henryville, NJ 93906",Delivered
O501344,CUST434427,12/24/2023,1158.89,"8620 Sydney Mews Apt. 178, East Johnhaven, HI 26477",Shipped
O501345,CUST244351,5/30/2024,4609.28,"51651 Goodwin Valley, Bowmanmouth, NV 11976",Returned
O501346,CUST259130,11/2/2024,2331.89,"52826 Wendy Mission, Port Bruce, WY 83690",Returned
O501347,CUST170058,10/10/2024,291.96,"4347 John Bypass Apt. 039, East Lori, OH 51301",Returned
O501348,CUST979717,3/4/2024,4681.5,"161 Martinez Mount, East Staceyhaven, AZ 41280",Returned
O501349,CUST269977,7/11/2023,3054.79,"306 Angie Mountains Apt. 074, Port Andrea, IL 24984",Cancelled
O501350,CUST900118,3/26/2025,1074.9,"USNV Mayo, FPO AE 54437",Delivered
O501351,CUST725002,10/5/2023,3942.29,"PSC 7601, Box 1728, APO AP 83211",Shipped
O501352,CUST746432,11/9/2024,4760.81,"28662 Palmer Radial Apt. 821, West Taylortown, UT 17916",Shipped
O501353,CUST584230,6/4/2025,2624.64,"024 Austin Corners, West Ryan, DC 21694",Shipped
O501354,CUST277766,8/3/2024,2248.5,"65660 Dillon Flat, Shelbyshire, PA 81110",Returned
O501355,CUST159215,9/15/2024,4869.62,"9470 Sarah Crossroad Apt. 142, Escobarborough, SD 30838",Shipped
O501356,CUST027922,2/27/2025,4862.02,"136 Johnny Freeway Suite 095, Lake Kelly, MS 98100",Cancelled
O501357,CUST514900,3/3/2024,1386.84,"USNV Long, FPO AP 24649",Shipped
O501358,CUST089564,4/4/2025,535.83,"2314 Butler Center Apt. 004, East Jared, VT 23469",Pending
O501359,CUST465466,2/10/2025,1961.13,"155 Julie Lake, Port Christopherville, DC 40707",Cancelled
O501360,CUST322296,6/8/2024,690.33,"7531 Jonathan Summit Apt. 726, Port Andrewmouth, AZ 07138",Delivered
O501361,CUST970460,3/28/2025,4205.68,"56067 Holloway Street Apt. 915, Lake Jennamouth, VA 90163",Pending
O501362,CUST310587,11/25/2023,1226.12,"21042 Samantha Throughway Suite 029, South Kelly, VA 72079",Shipped
O501363,CUST336903,6/26/2024,2117.77,"0309 Garcia Avenue Apt. 513, Scotthaven, MS 73962",Delivered
O501364,CUST626028,9/15/2023,1006.93,"070 Harper Land, South Jacob, CT 25681",Returned
O501365,CUST830125,7/19/2023,2120.66,"96176 Jackson Ports Apt. 944, Stevensonville, CA 44102",Delivered
O501366,CUST710538,8/31/2023,4033.77,"42856 Taylor Pike Apt. 405, Samanthaborough, AZ 51424",Delivered
O501367,CUST724790,7/6/2025,1739.11,"888 Lawson Road Suite 119, New Clairetown, HI 68017",Shipped
O501368,CUST636705,9/17/2023,2380.95,"86095 Tate Plaza Suite 925, Johnsonhaven, WA 79053",Shipped
O501369,CUST478834,3/7/2025,2206.34,"8438 Samantha Field, North Derek, ID 65536",Delivered
O501370,CUST862996,8/27/2023,3918.38,"812 Moran Cliff Apt. 060, South Michelleville, TX 05094",Cancelled
O501371,CUST720558,10/28/2023,4985.34,"519 Angela Fords Suite 867, East Robinport, TN 69451",Cancelled
O501372,CUST452999,8/1/2024,3573.34,"33866 Lewis Mount Suite 356, Kristinamouth, KS 64844",Returned
O501373,CUST983109,3/17/2025,4443.94,"5759 Kimberly Streets, Davidside, VT 96491",Returned
O501374,CUST852832,5/28/2024,2782.02,"676 John Meadows, Meganbury, IA 95977",Returned
O501375,CUST391671,5/2/2024,2257.28,"895 Rodriguez Lakes Suite 587, East Lawrence, IL 52184",Delivered
O501376,CUST353347,1/3/2025,3540.59,"18932 Blair Plaza, Jeffreyberg, NH 78838",Returned
O501377,CUST976610,7/23/2023,4880.54,"773 Michael Viaduct Apt. 002, Lake Kristenville, VT 25582",Shipped
O501378,CUST443592,11/1/2024,1133.61,"5536 Marks Ways Apt. 817, South Nicole, WV 82364",Delivered
O501379,CUST233935,8/18/2024,4251.1,"11174 Lisa Stravenue Apt. 263, Davisville, GA 04465",Pending
O501380,CUST396255,11/5/2024,3401.05,"96711 Darrell Plains, West Adamside, AZ 43689",Cancelled
O501381,CUST433147,4/21/2025,2565.61,"4523 Wayne Square, Kevinmouth, CA 88236",Cancelled
O501382,CUST213820,2/28/2025,4334.38,"90393 Paula Rapid, Amyview, SD 71910",Returned
O501383,CUST296697,1/7/2025,851.87,"56846 Alex Stream Apt. 706, Mendezstad, MN 18012",Delivered
O501384,CUST698175,3/8/2024,569.27,"76510 Tammy Spring Suite 308, Karenfort, TN 50906",Shipped
O501385,CUST174713,11/21/2023,2415,"9926 Kaufman Village Apt. 538, Lake Marcusmouth, MI 65046",Delivered
O501386,CUST934691,12/9/2024,792.65,"2173 Kimberly Terrace Suite 014, West Tyler, IA 74058",Shipped
O501387,CUST688421,8/30/2024,4380.83,"11930 Amber Plaza, Smithfurt, IL 01142",Cancelled
O501388,CUST137114,4/27/2024,3805.7,"USCGC Alexander, FPO AP 63207",Pending
O501389,CUST920648,5/1/2024,557.61,"7753 Richard Track, Chavezmouth, CO 16906",Delivered
O501390,CUST997497,5/20/2025,2321.32,"090 Logan Square Suite 762, Jenkinshaven, TX 41461",Shipped
O501391,CUST149083,5/2/2024,3295.43,"25121 William Pines, North William, NJ 49597",Delivered
O501392,CUST738075,8/24/2024,4276.89,"273 Lydia Glen Suite 825, Watsonton, VT 19891",Delivered
O501393,CUST272676,9/1/2024,1029.37,"PSC 0888, Box 7857, APO AP 63966",Pending
O501394,CUST410085,12/22/2023,345.42,"285 Jimenez Drives, New Amandahaven, NE 78918",Shipped
O501395,CUST341644,1/6/2024,4487.98,"80549 Hanson Turnpike Suite 087, East Michael, WI 31243",Cancelled
O501396,CUST586569,2/11/2025,2572.65,"0865 Brown Plaza Apt. 361, Jackshire, AL 39988",Shipped
O501397,CUST994126,3/18/2025,2313.08,"5381 Moore Turnpike, Matthewport, MO 25640",Delivered
O501398,CUST873051,1/29/2025,1793.14,"23082 Lozano Village Apt. 491, West Katherineland, FL 37586",Pending
O501399,CUST745821,9/10/2023,3611.93,"0399 Knapp Union, Port Jared, IN 39545",Shipped
O501400,CUST603327,7/12/2024,2354.09,"48917 Christopher Pass Apt. 006, Nicholsside, NY 19975",Cancelled
O501401,CUST141073,9/6/2024,4658.01,"75881 Robin Lock Apt. 866, New Mariaborough, VT 40739",Shipped
O501402,CUST102021,8/18/2024,1990.63,"21657 Hamilton Spur Apt. 376, Rogerside, NY 04968",Returned
O501403,CUST135553,11/14/2023,4093.57,"47550 Jones Inlet, South Natalie, OR 21484",Shipped
O501404,CUST735488,12/18/2023,4354.84,"2107 Kara Walk Apt. 095, Johnsonmouth, RI 89756",Cancelled
O501405,CUST013486,9/16/2024,3554.9,"25580 Long View Apt. 957, South Susanstad, GA 47708",Returned
O501406,CUST093585,6/17/2025,1328.4,"Unit 3517 Box 6462, DPO AP 13495",Delivered
O501407,CUST218237,5/29/2024,603.91,"USNS Anderson, FPO AE 26895",Delivered
O501408,CUST330390,6/27/2025,2625.78,"10275 Kevin Dale Suite 480, West Sierra, MS 44865",Delivered
O501409,CUST720266,1/26/2025,2435.51,"31473 Justin Mall Apt. 791, Sanchezfort, AZ 07323",Delivered
O501410,CUST099459,8/20/2024,2695.56,"27548 Barbara Mountain, Davisberg, WV 92015",Returned
O501411,CUST326701,7/23/2024,4434.86,"88777 Hale Village, New Janetborough, CT 55149",Returned
O501412,CUST019404,11/24/2024,3965.62,"22449 Richard Island Apt. 974, North Melissa, MN 66442",Pending
O501413,CUST635266,11/24/2024,3225.62,"1511 Gina Stravenue Suite 856, Wattsside, MD 98190",Pending
O501414,CUST388774,7/28/2023,1243.05,"1220 Allen Station Suite 087, Burgessview, WA 29190",Pending
O501415,CUST359336,9/15/2024,4209.47,"5961 Stone Burg Apt. 582, East Nicole, MS 12347",Returned
O501416,CUST892692,4/4/2024,4878.75,"6822 Chung Spur Apt. 068, North Nicole, CO 94031",Returned
O501417,CUST277242,10/14/2024,1404.39,"314 Michelle Rue, Tracystad, AL 04302",Shipped
O501418,CUST867173,4/18/2025,335.36,"67449 Roy Coves Suite 773, Cherylville, OK 44813",Delivered
O501419,CUST687848,6/4/2024,640.62,"PSC 0318, Box 4264, APO AP 56302",Shipped
O501420,CUST356681,12/2/2023,3890.71,"2515 Bright Row Suite 921, South Cynthiachester, DC 17738",Cancelled
O501421,CUST302948,4/5/2024,2246.77,"USNV Jimenez, FPO AE 19722",Pending
O501422,CUST388101,3/16/2025,4479.47,"USS Barnett, FPO AP 51998",Cancelled
O501423,CUST358544,10/7/2023,1240.27,"5632 Mccarthy Freeway Suite 077, East Alexa, FL 09221",Cancelled
O501424,CUST968991,8/27/2023,520.4,"1153 Bryant Mill, Patrickmouth, OR 09542",Returned
O501425,CUST660696,1/24/2025,3298.51,"68864 Ralph Creek Suite 572, Collinsside, TN 08593",Delivered
O501426,CUST071553,11/27/2023,2198.67,"88972 Chelsea Walks Suite 942, Antoniofurt, VT 93878",Shipped
O501427,CUST028360,9/1/2024,4038.4,"31936 Chen Plain, Rachelmouth, ID 28742",Returned
O501428,CUST393355,10/4/2023,440.2,"85818 Wood Prairie Apt. 044, Erinmouth, NE 50143",Returned
O501429,CUST737797,8/8/2023,2477.54,"81387 Welch Green Suite 933, Salazarfort, AR 07863",Cancelled
O501430,CUST539810,8/12/2024,2783.3,"9664 Larry Ferry, Perezside, FL 50868",Pending
O501431,CUST180648,12/30/2024,2385.52,"2891 Erin Coves Apt. 714, South Kelly, WI 26014",Returned
O501432,CUST125224,7/23/2024,737.25,"216 Anderson Cliffs, North Donaldmouth, GA 42106",Returned
O501433,CUST111671,11/7/2023,3444.26,"PSC 8962, Box 5098, APO AP 13532",Pending
O501434,CUST278135,1/13/2024,1948.83,"748 Hall Summit, Markville, DC 72455",Delivered
O501435,CUST133381,11/2/2023,2168.06,"7364 Jessica Pine, Josephfurt, KS 84061",Shipped
O501436,CUST901573,12/10/2024,1737.21,"Unit 6831 Box 8922, DPO AE 40830",Pending
O501437,CUST213733,9/15/2024,398.11,"292 Edwards Canyon Suite 925, Lake Kimberly, NC 46237",Shipped
O501438,CUST495464,3/12/2025,4836.17,"1802 Stanley Summit, Lake Matthew, VA 22351",Pending
O501439,CUST797599,6/18/2024,4408.13,"Unit 3336 Box 8640, DPO AE 70055",Shipped
O501440,CUST771107,2/1/2025,1607.34,"0116 Crawford Glens, Angelicashire, PA 83393",Delivered
O501441,CUST306642,3/10/2024,3289.03,"Unit 1884 Box 3171, DPO AP 00604",Pending
O501442,CUST771113,9/12/2023,1229.33,"53191 Mason Extensions, Devinview, OH 10824",Cancelled
O501443,CUST564763,1/9/2024,1980.59,"204 Guerra Stravenue, New Connie, NJ 23849",Delivered
O501444,CUST893583,10/19/2024,2819.6,"4273 Long Terrace, Port Lisafort, AK 28249",Delivered
O501445,CUST660216,12/22/2024,4091.88,"1653 Kelley Ways, Lake Gailton, KS 62177",Returned
O501446,CUST125361,8/8/2023,162,"38107 Richards Tunnel, North Tonistad, PA 63992",Returned
O501447,CUST274174,1/24/2025,2039.42,"4887 Nicole Loop, Camachomouth, ME 79990",Returned
O501448,CUST749943,5/31/2025,4508.66,"331 Gilbert Square Suite 325, North Tracyburgh, NH 89097",Pending
O501449,CUST864458,9/24/2024,4786.95,"24389 Jennifer Spur, South Ashley, WY 36206",Returned
O501450,CUST183520,4/20/2024,322.65,"Unit 5338 Box 1647, DPO AE 55249",Pending
O501451,CUST155407,11/29/2024,814.47,"81644 Hunter Tunnel Suite 643, Norristown, MA 67483",Delivered
O501452,CUST729703,10/17/2023,1916.82,"2945 William Manor, West Robert, SC 07349",Cancelled
O501453,CUST115083,12/26/2024,1631.28,"91442 Harris Burg, Meyerside, OK 38539",Pending
O501454,CUST231054,4/13/2025,2156.07,"594 Anthony Forest, West Juanhaven, CA 38570",Delivered
O501455,CUST989601,11/11/2024,3080.07,"87284 Amanda Spring Suite 938, Lisastad, LA 41593",Shipped
O501456,CUST481566,9/20/2024,2537.61,"262 Evans Trail Suite 903, Shannonside, SD 83810",Returned
O501457,CUST851263,12/15/2024,4959.46,"1591 Melissa Glens Suite 958, Markborough, TX 09235",Pending
O501458,CUST079940,10/3/2023,4431.74,"6821 Freeman Cliffs Apt. 162, Mccoyside, ME 54943",Pending
O501459,CUST137324,3/31/2024,2378.6,"65703 Jesse Ridges Apt. 293, West Timothymouth, SD 58085",Returned
O501460,CUST194220,4/12/2025,4918.14,"3110 Hayes Vista, Lake Leslie, PA 71098",Pending
O501461,CUST528756,4/29/2024,3642.83,"13120 Jeffrey Parkway, New Matthewberg, PA 38785",Pending
O501462,CUST701407,9/21/2024,2489.81,"301 Linda Rest, North Tina, CA 03367",Delivered
O501463,CUST260477,9/1/2023,4779.77,"565 Fuentes Hill Suite 478, Port Jamesside, SD 58956",Cancelled
O501464,CUST312530,4/8/2025,2061.19,"6295 Matthew Loaf Apt. 435, Antonioside, DE 34501",Shipped
O501465,CUST336833,3/10/2024,4880.38,"946 Cherry Walk Apt. 585, Turnerville, IN 26433",Delivered
O501466,CUST538227,11/27/2023,822.83,"4494 Scott Hollow, New Kenneth, AR 55235",Delivered
O501467,CUST142840,5/18/2024,2753.9,"90106 Young Place, New Melissaview, CO 63045",Delivered
O501468,CUST298591,7/24/2024,3052.19,"805 Nathaniel Corners, Matthewport, ME 50830",Returned
O501469,CUST402084,9/17/2024,3599.13,"6255 Sarah Spring, Annaview, NH 31039",Cancelled
O501470,CUST577907,9/2/2023,1408.11,"89530 Jeremy Streets, Englishburgh, ME 40147",Returned
O501471,CUST332283,12/20/2024,4878.58,"680 Ronald Overpass Suite 037, Lake Sara, NH 46479",Shipped
O501472,CUST660341,6/6/2024,1635.09,"488 Nunez Meadows, Friedmanland, NE 54209",Returned
O501473,CUST097661,4/28/2024,4890.96,"9476 Lisa Route Suite 366, Philipfurt, MD 19359",Pending
O501474,CUST972655,2/22/2024,2962.5,"51092 Fisher Rest Apt. 491, Mcintoshfort, IL 51791",Delivered
O501475,CUST207044,7/4/2025,1452.49,"50158 Hudson Mountain Apt. 484, Port Scott, MN 41047",Pending
O501476,CUST521874,9/25/2023,1266.5,"7266 Aguirre Port Suite 681, Taylorville, MA 90308",Returned
O501477,CUST099376,12/15/2024,4840.52,"29391 Rivers Forges Apt. 200, Lake Daniel, CA 50461",Pending
O501478,CUST410094,10/26/2023,4029.38,"PSC 5215, Box 4597, APO AE 45834",Delivered
O501479,CUST604906,1/14/2025,2555.91,"684 Rachel Junctions Apt. 356, Sampsonview, OK 02434",Shipped
O501480,CUST122803,2/7/2025,4383.5,"32857 Green Shore, Chelseaborough, IN 59529",Pending
O501481,CUST495136,2/29/2024,4954.13,"25677 Roberts Brook, South Lucas, FL 04923",Pending
O501482,CUST438953,3/28/2025,1366.12,"2201 William Throughway Apt. 484, Amandabury, MT 07220",Cancelled
O501483,CUST786740,1/7/2025,1118.26,"660 Jones Harbor, Jonesshire, PA 84559",Cancelled
O501484,CUST418454,7/26/2023,2524.18,"34939 Chelsea Springs, Angelaland, NM 32745",Delivered
O501485,CUST250141,5/25/2025,2573.47,"6632 Joseph Divide Suite 571, Lake Tylerchester, TX 15006",Delivered
O501486,CUST881566,8/21/2024,796.3,"73415 Erica River, Loriton, CT 27265",Returned
O501487,CUST389597,12/13/2023,4909.89,"321 Kent Ridges, West David, IL 42748",Shipped
O501488,CUST961187,12/31/2023,4565.71,"94815 Todd Causeway, East Jennifermouth, IA 81586",Pending
O501489,CUST911472,2/18/2024,4638.88,"252 Juarez Flat, Huynhfurt, VT 33363",Pending
O501490,CUST957110,6/18/2024,799.41,"945 Corey Junction Suite 452, East Tyler, KY 52838",Cancelled
O501491,CUST980087,1/24/2025,2738.07,"0979 Nicole Landing Apt. 563, North David, MD 94649",Shipped
O501492,CUST749853,6/13/2025,4597.43,"78638 Roberts Extension, West Robertshire, WY 76619",Cancelled
O501493,CUST873424,2/16/2025,3816.48,"430 Colin Haven, Jeffreystad, KY 48869",Shipped
O501494,CUST393382,3/23/2025,4796.38,"68212 Moore Villages, Timothyland, PA 27067",Pending
O501495,CUST609768,2/5/2025,3723.65,"53872 Shannon Village, South Davidstad, NC 10622",Cancelled
O501496,CUST745209,12/23/2024,2607.27,"55569 Richardson Ports Suite 449, Lake Kyleland, GA 98148",Shipped
O501497,CUST781494,1/9/2025,2452.58,"6781 Herring Stravenue Apt. 672, Michaelview, OR 76242",Delivered
O501498,CUST003721,8/19/2023,4502.27,"563 Johnson Bridge, Larsonborough, DC 57575",Delivered
O501499,CUST473057,5/24/2024,1399.72,"83630 Emily Rapid, North Christy, MN 25994",Delivered
O501500,CUST792042,3/1/2025,4837.94,"65718 Campos Spur, South Norma, IL 87502",Pending
O501501,CUST036119,2/23/2024,1027.98,"93625 Juarez Curve Suite 415, Lauraport, NM 92084",Pending
O501502,CUST561783,6/23/2024,4617.76,"Unit 0119 Box 9306, DPO AP 97188",Delivered
O501503,CUST216910,5/1/2024,3917.1,"1300 Mejia Land, West Benjaminport, NM 35638",Cancelled
O501504,CUST525624,11/7/2024,293.73,"8135 Bernard Courts, Chavezmouth, MO 08418",Delivered
O501505,CUST201602,3/25/2025,2510.88,"USNV Miller, FPO AA 83020",Delivered
O501506,CUST268557,4/14/2025,4926.01,"61360 Courtney Shores Suite 397, Lake Erikland, DE 02325",Returned
O501507,CUST396592,2/27/2024,2259.17,"474 Alan Brooks, Robynbury, OK 31921",Returned
O501508,CUST575881,8/8/2023,2059.88,"2124 Aaron Plains, Hamptonfort, AZ 70592",Returned
O501509,CUST320248,1/31/2025,1419.32,"51845 Huynh Pines Apt. 485, Brownburgh, IL 44835",Pending
O501510,CUST806070,3/9/2025,4111.77,"163 Sanders Manor Apt. 531, Alisonstad, NJ 29529",Returned
O501511,CUST897413,10/27/2024,2960.4,"2625 Sanders Summit Suite 413, Martinburgh, OR 34032",Delivered
O501512,CUST256416,8/9/2023,2323.13,"14090 Shawn Pike Apt. 732, Charlesview, MS 89901",Cancelled
O501513,CUST755418,5/14/2024,1732.48,"3235 Rodriguez Knolls Apt. 821, South David, MS 73385",Pending
O501514,CUST943994,4/1/2024,4189.82,"52436 Lee Burg Apt. 878, Hallstad, NY 00542",Shipped
O501515,CUST365204,1/11/2024,4007.19,"414 Cunningham Bridge Suite 184, South Theresa, IA 70859",Shipped
O501516,CUST173067,5/28/2025,2246.4,"Unit 4403 Box 6058, DPO AA 22528",Delivered
O501517,CUST733217,5/9/2025,4420.99,"91598 Jennifer Knoll Apt. 421, Johnsonberg, GA 64945",Shipped
O501518,CUST998783,3/21/2024,4671.18,"0731 Shelton Island, Julieview, IA 77280",Pending
O501519,CUST107081,4/16/2025,3450.8,"9854 Sanchez Garden, Port Erinview, IA 52887",Shipped
O501520,CUST794128,7/2/2025,1118.37,"83941 Price Garden Apt. 294, Samanthaland, SD 29864",Shipped
O501521,CUST286918,4/8/2024,3574.12,"Unit 4391 Box 3705, DPO AP 06448",Shipped
O501522,CUST492350,1/3/2025,2140.6,"79926 Kelly Lane Suite 895, East Jessicafurt, PA 24334",Shipped
O501523,CUST702954,6/6/2025,1553.33,"3609 Robert Isle, Brownton, AZ 72074",Returned
O501524,CUST428512,10/2/2024,3552.02,"27152 Stephanie Extension, Alexandermouth, TN 60663",Returned
O501525,CUST653663,3/10/2025,728.21,"085 Brandon Haven, Salazarside, WY 07161",Shipped
O501526,CUST359872,3/9/2025,4242.42,"43380 Amy Parkway, New Mark, AL 04254",Delivered
O501527,CUST974583,4/4/2024,4189.65,"09152 Stuart Causeway Suite 762, Lake Sharon, AL 46481",Shipped
O501528,CUST853448,8/22/2023,1212.12,"218 Burns Village Suite 804, West Larryborough, MN 01112",Shipped
O501529,CUST287855,7/1/2025,1817.43,"2133 Smith Crossroad Apt. 051, Matthewshire, VT 08153",Returned
O501530,CUST632517,4/27/2025,1562.25,"1442 Wood Streets Apt. 996, Taylorshire, MN 75737",Cancelled
O501531,CUST424041,8/5/2024,1392.76,"75526 Stanley Passage Suite 119, South Oscar, NM 98478",Cancelled
O501532,CUST262008,9/18/2023,2893.6,"3337 Flores Orchard Suite 349, Thompsonport, AR 79076",Pending
O501533,CUST561634,3/4/2025,4637.87,"8426 Valenzuela Greens Apt. 408, Lake Katie, MI 92686",Returned
O501534,CUST285019,9/13/2024,2086.78,"8024 Howe Viaduct Suite 127, Ortizburgh, WY 86553",Pending
O501535,CUST577479,10/3/2024,672.52,"USCGC Lee, FPO AA 96893",Returned
O501536,CUST501337,8/5/2024,2639.98,"499 Smith Brook, Port Colinmouth, ND 76128",Shipped
O501537,CUST629164,5/28/2025,4819.57,"79894 Rebecca Bridge Suite 002, Hannahburgh, KY 69637",Pending
O501538,CUST921139,8/1/2023,2296.77,"PSC 7060, Box 0741, APO AA 33427",Cancelled
O501539,CUST219158,1/6/2024,1690.26,"USS Nielsen, FPO AP 05288",Pending
O501540,CUST945351,2/9/2025,4186.32,"58430 Arellano Manors Suite 323, Robertsstad, WI 41197",Shipped
O501541,CUST057632,3/6/2025,3730.13,"7303 Duncan Drive Suite 523, Macdonaldbury, SD 94687",Pending
O501542,CUST276699,8/20/2024,3079.77,"Unit 9593 Box 3990, DPO AE 86639",Pending
O501543,CUST851670,1/7/2025,637.53,"83830 Moore Points, Cooperfurt, IA 02461",Delivered
O501544,CUST484105,7/5/2024,3939.26,"9922 Brown Mill, Lauraland, FL 87552",Shipped
O501545,CUST392208,2/4/2024,4475.03,"4250 Jones River Apt. 894, North Kenneth, FL 31819",Cancelled
O501546,CUST771718,7/14/2023,1036.51,"65305 Michaela Rapid, Piercefurt, GA 43738",Cancelled
O501547,CUST613604,1/11/2025,981.44,"674 David Ford, Jonathanstad, IA 47989",Pending
O501548,CUST665948,7/19/2023,1990.86,"5478 Rachael Union, Alantown, MD 49971",Returned
O501549,CUST716478,2/9/2024,901.42,"849 Rodriguez Shores Apt. 434, Keithport, WV 45321",Cancelled
O501550,CUST101535,12/18/2023,2644.34,"853 Dean Valleys, East Malik, TN 32153",Shipped
O501551,CUST895968,2/7/2025,4269.81,"7706 Delgado Loop Suite 758, Bennettview, IL 18879",Shipped
O501552,CUST027817,3/31/2025,1490.38,"563 Wood Drives, Lake Morganburgh, NC 71753",Delivered
O501553,CUST821804,8/23/2024,2651.33,"Unit 9166 Box 1634, DPO AE 70233",Returned
O501554,CUST237628,9/14/2023,4841.44,"Unit 8834 Box 8483, DPO AE 32224",Cancelled
O501555,CUST153652,7/27/2023,3502.31,"67970 Reynolds Lodge Apt. 826, South Alex, NE 83181",Pending
O501556,CUST468463,10/23/2023,3222.94,"7790 James Trafficway Suite 813, Lake Victoria, AL 73144",Cancelled
O501557,CUST186338,8/27/2024,4151.43,"00967 Charles Brook, New Nicholas, OH 35288",Delivered
O501558,CUST064135,9/21/2024,513.57,"5161 Crystal Knoll Suite 194, Osborneside, NC 69263",Shipped
O501559,CUST801860,7/23/2023,2995.52,"97516 Melanie Walks Suite 468, Port Juan, MO 34695",Returned
O501560,CUST056862,3/4/2024,3961.02,"42118 Velez Mountain Apt. 718, Barnesmouth, WI 82980",Cancelled
O501561,CUST165109,3/15/2025,3907.33,"55256 Patrick Key Apt. 625, North Peterton, OR 03309",Returned
O501562,CUST974294,2/24/2025,1241.23,"61693 Franklin Mountain Apt. 214, Mitchellside, DC 89427",Pending
O501563,CUST968519,5/13/2025,3631.9,"483 Stephanie Mills, East Joanneton, MT 27451",Pending
O501564,CUST112836,10/4/2023,4443.18,"57905 Keith Port, Carolineview, CA 27519",Returned
O501565,CUST906672,6/16/2024,4017.37,"2429 Michael Lodge, West Adrianhaven, WI 67004",Pending
O501566,CUST216254,11/24/2023,3979.96,"806 Goodwin Crest, Smithland, LA 26270",Delivered
O501567,CUST631546,9/6/2024,1741.64,"750 Evans Burgs Apt. 935, North Christopher, KS 79254",Returned
O501568,CUST545284,6/4/2024,2053.48,"57027 Robert Dam, New Leonardborough, MS 06644",Returned
O501569,CUST554453,12/24/2023,2207.26,"48910 Castillo Brook Suite 901, Port Ginaberg, NC 68092",Returned
O501570,CUST097806,6/27/2024,3523.59,"USNS Roberts, FPO AP 96108",Cancelled
O501571,CUST611089,4/8/2025,4111.8,"4794 Chad Meadows Suite 114, Lake Tammyland, PA 23647",Shipped
O501572,CUST137818,2/17/2024,1401.96,"40790 Arias Throughway Suite 297, Mcclurefurt, GA 43820",Shipped
O501573,CUST978489,12/16/2023,4838.76,"797 Lisa Brooks, Jamesfurt, IL 88186",Cancelled
O501574,CUST685762,11/29/2024,2012.68,"9414 Michael Keys Apt. 168, Nicholasside, WI 92643",Returned
O501575,CUST530713,2/22/2025,2420.6,"830 Anthony Extension, Patriciatown, CA 54868",Shipped
O501576,CUST419303,12/8/2024,3155.91,"5134 Valerie Pines, West Tamara, AR 32369",Delivered
O501577,CUST443532,12/18/2023,4731.54,"553 Nicholas Light, Harrisland, OR 48251",Cancelled
O501578,CUST706538,8/22/2024,2163.57,"459 Michael Forges, North Kellyburgh, SC 93326",Cancelled
O501579,CUST906861,6/27/2024,4258.79,"6666 Curtis Harbor Suite 371, Port Loriside, AR 79339",Returned
O501580,CUST818598,7/11/2024,1820.96,"190 Noah Lake, East Justin, NJ 89514",Pending
O501581,CUST766703,7/25/2024,3552.23,"PSC 3421, Box 2413, APO AE 81046",Cancelled
O501582,CUST759899,5/29/2025,749.99,"9583 Osborne Pine Suite 753, Lake Amandaland, RI 41288",Shipped
O501583,CUST033988,6/21/2025,4803.05,"4335 Maria Ports Apt. 366, Maryfurt, WI 12556",Delivered
O501584,CUST647580,7/3/2025,570.14,"72330 Tracy Mews, Adamstown, IN 80356",Shipped
O501585,CUST748700,2/8/2024,4866.27,"183 Michael Fields Apt. 545, Garrettside, ME 13832",Pending
O501586,CUST646683,10/8/2023,2604.38,"24645 Carol Mall Suite 072, Brookeborough, TX 41981",Shipped
O501587,CUST986610,5/25/2025,1469.08,"9391 Stewart Unions Apt. 837, South Laura, CO 88254",Shipped
O501588,CUST063880,1/2/2025,2788.2,"84913 Nichols Drive Suite 322, Estradamouth, VA 46168",Cancelled
O501589,CUST695940,10/27/2023,2571.41,"24762 Amanda Forks, Shannonstad, PA 20532",Returned
O501590,CUST926169,10/17/2024,3694.58,"6996 Johnson Port Apt. 559, South Alexandra, ND 14126",Delivered
O501591,CUST515297,11/11/2024,249.2,"714 Jackson Crest, East Renee, DE 35398",Cancelled
O501592,CUST178261,2/7/2024,3230.88,"311 Green Stravenue, East Michelle, CA 84048",Delivered
O501593,CUST258668,11/4/2023,3428.84,"Unit 8643 Box 2184, DPO AP 50538",Returned
O501594,CUST977020,4/27/2024,4709.54,"269 Crystal Knoll, Donnaborough, NC 72459",Returned
O501595,CUST588183,12/25/2023,4930.5,"PSC 0630, Box 5174, APO AA 82132",Delivered
O501596,CUST129883,9/7/2024,4547.38,"219 Oliver Key Apt. 251, South Teresaview, MI 40731",Delivered
O501597,CUST810903,9/4/2023,1192.5,"4096 Carrie Trail Suite 040, Jerryburgh, IL 78697",Returned
O501598,CUST745825,11/25/2023,1871.07,"8879 William Groves, South Donna, CA 66757",Cancelled
O501599,CUST773683,3/6/2024,2901.14,"3747 Erica Estate, Briannamouth, AZ 31587",Returned
O501600,CUST642173,5/5/2025,4324.71,"66581 Renee Circle Suite 715, East Granthaven, HI 59585",Returned
O501601,CUST477665,4/6/2024,53.44,"PSC 5021, Box 8185, APO AE 87557",Pending
O501602,CUST152967,12/15/2023,1045.61,"033 Andrew Lodge, Peckmouth, FL 94119",Cancelled
O501603,CUST869722,1/10/2024,2728.49,"920 Jackson Mountain, Port Carolshire, MA 61184",Returned
O501604,CUST796744,8/2/2023,4962.06,"035 Johnson Point Apt. 276, South William, IN 13899",Cancelled
O501605,CUST997304,7/15/2024,3264.68,"423 Mark Hills Apt. 213, New Travis, SC 73000",Pending
O501606,CUST254385,2/11/2025,671.21,"71812 Catherine Inlet, Kariberg, MN 20752",Delivered
O501607,CUST264893,4/10/2024,1492.14,"Unit 6393 Box 1347, DPO AP 01246",Shipped
O501608,CUST184635,2/5/2025,613.8,"279 Ferrell Locks Suite 479, Claytonhaven, OK 80648",Returned
O501609,CUST203723,1/11/2024,4020.73,"98315 Allen Throughway Suite 554, West Gregory, FL 31251",Pending
O501610,CUST456858,4/27/2025,169.12,"097 Burns Estates, Baileyton, GA 87655",Returned
O501611,CUST727801,6/20/2025,4113.9,"759 Sanders Prairie Suite 633, Lawsonbury, NM 04074",Delivered
O501612,CUST755743,4/13/2025,2140.37,"346 William Greens Apt. 656, Greenville, VA 47178",Shipped
O501613,CUST823251,8/6/2024,1583.59,"44916 Lee Light, West Michael, NJ 58483",Returned
O501614,CUST205170,4/27/2025,4413.91,"520 Jeremy Lakes, South Jasmine, NJ 64276",Pending
O501615,CUST627964,2/13/2025,2812.37,"43397 Veronica Branch Apt. 483, Thomasmouth, AR 86096",Delivered
O501616,CUST589521,9/14/2024,2119.32,"793 Courtney Mews Apt. 979, Brewerfort, VT 13767",Cancelled
O501617,CUST637784,8/30/2024,913.44,"530 Willie Mission, South Katrina, CT 13025",Delivered
O501618,CUST216675,5/1/2024,75.54,"Unit 8446 Box 5543, DPO AE 61075",Shipped
O501619,CUST573307,8/15/2024,1892.04,"0468 William Harbors Apt. 933, Geoffreyburgh, NV 25766",Delivered
O501620,CUST617760,9/18/2024,4135.15,"911 Mcconnell Springs, Port Catherineland, WI 47143",Returned
O501621,CUST000330,5/12/2024,3211.29,"775 Jamie Road Apt. 013, Kathrynmouth, GA 65906",Returned
O501622,CUST905295,10/20/2023,2299.71,"350 White Ford Suite 396, New Michaelburgh, CT 25970",Pending
O501623,CUST317375,1/5/2025,2335.68,"457 Weber Valleys, Patriciabury, MI 88589",Shipped
O501624,CUST320100,11/2/2024,57.87,"07035 Kelly Tunnel, Leonardborough, UT 22115",Returned
O501625,CUST491421,6/12/2024,1485.96,"08783 Thornton Camp Suite 179, West Rebecca, AL 25245",Pending
O501626,CUST217637,2/13/2024,3227.72,"395 Kristina Fort Suite 524, Lake Troy, DC 64811",Shipped
O501627,CUST186339,10/4/2023,1028.08,"Unit 3119 Box 4861, DPO AA 77869",Returned
O501628,CUST043287,3/14/2024,4291.83,"106 Taylor Spur Suite 800, Arnoldmouth, MA 93617",Pending
O501629,CUST780328,11/7/2023,2876.93,"963 Samantha Mount Apt. 319, Shannonton, LA 78170",Pending
O501630,CUST612005,7/3/2024,566.06,"752 Graham Route, East Petermouth, TN 51172",Shipped
O501631,CUST603616,8/15/2023,2848.21,"USS Barton, FPO AP 93855",Delivered
O501632,CUST483731,12/28/2024,3389.11,"4176 Craig Inlet, Amychester, CO 47825",Delivered
O501633,CUST733063,12/14/2023,4766.74,"168 Thomas Hills, Lake Joshualand, TX 69739",Cancelled
O501634,CUST362720,6/24/2024,1939.03,"94339 Durham Trail, Mccoyhaven, RI 04795",Cancelled
O501635,CUST518653,3/28/2025,4272.31,"PSC 3039, Box 6195, APO AE 41967",Shipped
O501636,CUST521547,7/6/2025,902.31,"315 Amy Garden, Davidmouth, IA 95089",Shipped
O501637,CUST783232,2/24/2024,2223.41,"972 Johnson Village Suite 230, South David, MS 62744",Cancelled
O501638,CUST038864,12/11/2023,2855.65,"6431 Jones Tunnel Suite 965, South Stephaniestad, KY 53415",Cancelled
O501639,CUST085980,2/19/2024,1422.2,"496 Hanna Village, North Chelsea, MD 66025",Returned
O501640,CUST907918,10/25/2023,4545.22,"4257 John Loaf Suite 083, North Diana, SC 92576",Delivered
O501641,CUST324236,10/25/2024,2688.69,"860 Payne Land Apt. 657, New Christopher, ID 69150",Shipped
O501642,CUST949134,6/12/2025,879.79,"5622 Melanie Walk Suite 346, Christopherberg, AL 33867",Shipped
O501643,CUST092911,8/30/2023,4521.62,"PSC 1724, Box 6773, APO AA 25798",Delivered
O501644,CUST959966,6/14/2025,1721.27,"174 John Greens Apt. 096, Jesseland, VT 73941",Shipped
O501645,CUST305591,1/20/2024,4744.22,"Unit 3649 Box 0064, DPO AE 76821",Returned
O501646,CUST997970,6/20/2025,2340.14,"45129 Adams Track, New Katherine, MO 21855",Pending
O501647,CUST277836,11/24/2024,4678.59,"3113 Clayton Cape Suite 543, New Vicki, AK 41065",Delivered
O501648,CUST415590,6/13/2025,1204.11,"2753 Amanda Mall, Reyesborough, AZ 62306",Cancelled
O501649,CUST084468,11/1/2023,3497.55,"71141 Hoffman Inlet, North Theodore, IN 62458",Delivered
O501650,CUST919140,8/1/2024,3432.87,"9733 Ray Knoll Apt. 252, North Kathy, SC 57091",Pending
O501651,CUST230730,5/21/2025,3180.36,"386 Mark Streets Suite 977, East Mark, IL 31954",Returned
O501652,CUST955817,4/10/2024,1154.48,"592 Paul Falls Apt. 477, South Rhondaland, RI 33167",Returned
O501653,CUST209481,9/21/2024,343.64,"835 Murillo Grove, Seanton, MI 20387",Shipped
O501654,CUST135369,1/24/2025,598.92,"PSC 6269, Box 1629, APO AP 17449",Pending
O501655,CUST939743,12/30/2023,1132.9,"341 Martinez Way Apt. 765, Jensenfort, CT 65793",Cancelled
O501656,CUST808797,7/2/2025,4730.04,"558 Greene Fields Suite 679, North Mary, TN 75694",Shipped
O501657,CUST838099,12/16/2023,1284.42,"806 James Square Apt. 421, Lake Kyle, WI 36751",Delivered
O501658,CUST968589,12/8/2024,2411.05,"7207 Steven Forest, New Steven, IA 18133",Returned
O501659,CUST912546,11/18/2024,2962.09,"1507 Chung Port, Feliciafort, AR 94402",Returned
O501660,CUST099722,4/25/2024,190.44,"1390 Campbell Prairie, South Brandonside, UT 98980",Cancelled
O501661,CUST672278,2/15/2024,1793.68,"66949 Wendy Rapids, West Jamesborough, NC 70868",Delivered
O501662,CUST100762,11/24/2024,688.56,"8571 Maldonado Brooks, Susanhaven, CO 26278",Delivered
O501663,CUST979911,12/28/2024,930.91,"93828 Alexander Crescent, Hernandezburgh, RI 24069",Returned
O501664,CUST087001,3/9/2025,2926.6,"01815 Mckenzie Row, Rhodesstad, UT 36012",Pending
O501665,CUST123434,4/2/2024,1232.18,"98533 Randy Green, Lake Tammy, NE 08760",Delivered
O501666,CUST713123,2/22/2025,4521.46,"PSC 0245, Box 2629, APO AA 30719",Pending
O501667,CUST264573,6/5/2024,2923.79,"Unit 0962 Box 5343, DPO AP 63281",Shipped
O501668,CUST229920,8/5/2023,2485.1,"271 Tom Place, South Alan, UT 49118",Pending
O501669,CUST640721,10/21/2024,564.17,"86325 Veronica Mill, Robertside, PA 76877",Pending
O501670,CUST202044,7/11/2023,2221.53,"436 Santiago Heights Apt. 799, Lawrencebury, VT 53689",Pending
O501671,CUST826338,7/8/2025,2439.99,"67422 Becky Land Apt. 517, Port Melissa, MT 81417",Shipped
O501672,CUST978247,4/1/2024,3286.1,"203 Jensen Valleys, Huntton, GA 51506",Returned
O501673,CUST971698,2/28/2025,2193.03,"0423 David Square Suite 730, Ritamouth, AR 50756",Pending
O501674,CUST587512,6/10/2024,2978.96,"Unit 8718 Box 8234, DPO AA 04512",Cancelled
O501675,CUST337787,2/9/2024,584.52,"9784 Deleon Expressway Apt. 069, Lake Jamesport, CO 78884",Pending
O501676,CUST556279,1/24/2024,4010.93,"USNS Oconnor, FPO AA 75666",Returned
O501677,CUST330674,3/13/2024,576.54,"1376 Peterson Island, West Pamelaport, NM 57005",Shipped
O501678,CUST813136,2/7/2024,4080.97,"471 Natalie Throughway Apt. 236, Port Sabrina, SC 25404",Cancelled
O501679,CUST094335,10/7/2023,2270.64,"3636 Kelly Brook Apt. 801, Allisonland, FL 12109",Returned
O501680,CUST290178,7/30/2023,4743.32,"20878 Daniel Fork, Lake Raychester, RI 64401",Cancelled
O501681,CUST782428,3/5/2024,1079.73,"032 John Prairie Suite 201, South Catherine, SC 04263",Cancelled
O501682,CUST904578,10/13/2024,4672.84,"2882 Cheryl Plain, West Michelle, ME 07565",Pending
O501683,CUST711462,4/21/2025,3221.31,"29292 Amy Crossing, New Joshuamouth, NY 41592",Cancelled
O501684,CUST395903,5/30/2025,409.29,"601 Wells Brook Apt. 541, Lake Pamela, NH 00725",Delivered
O501685,CUST971304,4/14/2024,640.06,"26121 Troy Coves, Curtisberg, VA 33921",Returned
O501686,CUST986148,1/8/2025,4373.34,"3812 Lopez Valleys, South Reneechester, FL 34091",Pending
O501687,CUST003955,10/25/2024,485.77,"PSC 1753, Box 2815, APO AA 20332",Shipped
O501688,CUST246808,9/25/2023,630.42,"91495 Barnes Expressway Suite 305, Angelaland, DC 04323",Shipped
O501689,CUST555367,9/4/2023,2549.01,"5460 Foley Road, West William, ND 83036",Returned
O501690,CUST183044,11/4/2023,1936.67,"850 Hunt Alley Apt. 731, Lake Sheilabury, UT 66984",Returned
O501691,CUST701154,10/14/2023,956.03,"4962 Robin Gateway, West Jasminestad, MD 65661",Cancelled
O501692,CUST486746,2/12/2025,896.29,"37066 Jordan Union Suite 342, Aguirreburgh, TN 14395",Delivered
O501693,CUST085374,6/6/2024,3030.72,"Unit 2944 Box 2184, DPO AA 55239",Shipped
O501694,CUST976383,8/29/2023,489.97,"7352 Scott Coves Apt. 661, Cruzmouth, WY 37402",Delivered
O501695,CUST359550,2/22/2024,1292.22,"772 Pittman Falls Apt. 325, Amberton, ME 91532",Delivered
O501696,CUST638726,4/4/2025,4312.21,"602 Anderson Turnpike, Brownton, NJ 55326",Shipped
O501697,CUST913412,4/6/2024,4435.92,"65951 Alexander Causeway, Kaitlynfurt, FL 40685",Cancelled
O501698,CUST811223,8/31/2024,4952.94,"PSC 0347, Box 8570, APO AP 11409",Delivered
O501699,CUST227679,2/4/2024,3183.44,"28946 Austin Way, Lake Karenmouth, CO 30655",Returned
O501700,CUST404408,2/20/2024,1473.34,"001 Moreno Vista Suite 001, East Jeffreytown, KS 33602",Delivered
O501701,CUST136368,5/22/2025,742.04,"623 Bradley Route, North Emilyville, HI 74815",Returned
O501702,CUST065840,8/14/2023,3973.13,"8148 James Streets, Laurenfort, MO 45641",Cancelled
O501703,CUST767091,11/8/2023,2715.05,"9504 Buck Rapids, Nielsenborough, MT 59522",Pending
O501704,CUST824541,5/16/2024,2252.2,"16755 John Orchard, New Toddstad, WV 85371",Pending
O501705,CUST518691,1/3/2025,3658.88,"9851 Lisa Oval, West Aaron, VA 58460",Delivered
O501706,CUST640524,1/4/2025,1188.03,"923 Kristen Flat, Christopherbury, OR 73121",Pending
O501707,CUST126096,9/2/2023,1330.17,"4661 Julie Pike, Jesseburgh, OK 39483",Returned
O501708,CUST933280,10/28/2023,1496.14,"4880 Mcdaniel Mountain Suite 909, Strongberg, MS 92617",Returned
O501709,CUST617958,12/8/2024,2208.48,"9191 Bruce Prairie, Fordfort, MO 02732",Cancelled
O501710,CUST748526,6/5/2024,4495.37,"942 Clarke Lodge Apt. 342, Johnsonfurt, NY 69736",Delivered
O501711,CUST712964,11/17/2023,1159.06,"9798 Richard Key Suite 332, Sheilaton, NH 65507",Returned
O501712,CUST830604,10/2/2024,3260.1,"247 Mary Brooks Suite 955, North Tiffany, DE 43772",Pending
O501713,CUST851328,5/7/2025,1582.03,"7276 Thompson Prairie Apt. 390, Michaelbury, MA 20821",Pending
O501714,CUST929253,10/31/2023,4215.81,"2522 Christina Stream, North Alexander, TX 10741",Delivered
O501715,CUST774736,12/29/2024,277.99,"294 Rios Crossroad Apt. 738, Lake Markside, NY 14813",Pending
O501716,CUST936767,5/3/2025,1240.6,"3231 Griffith Spring, West Scottberg, KY 81815",Cancelled
O501717,CUST541556,7/12/2023,3678.87,"1820 Angela Ways, West Brittanymouth, WV 85187",Shipped
O501718,CUST407345,3/6/2024,52.72,"846 Heather Spring, West Karen, ND 53059",Delivered
O501719,CUST317966,10/21/2024,4643.53,"00414 Susan Points, Troyport, WY 80409",Cancelled
O501720,CUST046787,3/27/2024,1663.24,"82107 Elizabeth Light, Williamston, CO 52328",Returned
O501721,CUST400638,7/20/2023,3685.56,"76002 Jeanette Mount Apt. 314, Lorifurt, LA 95820",Cancelled
O501722,CUST174466,4/26/2025,1555.99,"92395 Joel Greens Apt. 020, South Heidi, RI 00807",Shipped
O501723,CUST919495,2/15/2024,1363.51,"91396 Reynolds Turnpike, Lake Elizabeth, GA 51180",Delivered
O501724,CUST685265,12/1/2023,4801.42,"09744 Scott Streets Suite 043, Sullivanton, OR 53513",Returned
O501725,CUST153442,7/10/2024,444.84,"USNS Rivas, FPO AA 60574",Pending
O501726,CUST625793,10/27/2024,3033.68,"3594 Price Bridge, Port Christinachester, WI 10607",Cancelled
O501727,CUST909286,11/26/2024,2891.98,"PSC 0990, Box 2528, APO AE 76208",Cancelled
O501728,CUST100892,6/24/2024,4444.49,"633 Anita Valleys Apt. 539, West Scottland, TN 97840",Cancelled
O501729,CUST962718,8/21/2024,145.32,"852 Alexa Tunnel Apt. 640, Ambershire, MA 08051",Cancelled
O501730,CUST225014,12/12/2024,3266.65,"2130 Kevin Well Suite 534, Lake Wesleybury, CT 88263",Pending
O501731,CUST639022,8/24/2023,251.69,"2224 Terrell Meadows, East Lisaland, MD 32406",Delivered
O501732,CUST829578,7/5/2024,4720.12,"85409 Herrera Springs, Steveville, MA 46937",Delivered
O501733,CUST168029,9/10/2024,1655.93,"00621 Christine Spur, North Robert, ND 42839",Delivered
O501734,CUST982270,4/16/2025,2939.89,"8695 Spencer Square Suite 384, New Victoria, DE 26717",Shipped
O501735,CUST270492,6/18/2025,4322.75,"423 Shannon Roads Suite 444, Danielshaven, IN 32606",Returned
O501736,CUST798433,6/14/2025,1825.95,"7122 Richard Parks Suite 024, Michelletown, DE 69806",Cancelled
O501737,CUST954288,12/17/2023,4206.1,"91823 Johnson Courts, North Coleside, WV 53089",Delivered
O501738,CUST779515,7/18/2023,1541.44,"367 Walker Park Suite 080, New Sharonhaven, SC 31844",Pending
O501739,CUST014310,4/12/2024,446.72,"706 Oneill Drive Suite 194, Jamesshire, TN 40307",Returned
O501740,CUST023472,8/27/2023,653,"23176 Miller Keys Apt. 032, Sherrymouth, IN 27972",Delivered
O501741,CUST955577,10/29/2024,4863.18,"PSC 3256, Box 6823, APO AP 15735",Delivered
O501742,CUST553191,9/2/2024,3709.4,"806 Latoya Rest Apt. 080, Sharonberg, VT 94322",Cancelled
O501743,CUST702671,12/6/2024,2723.09,"86202 Williams Place, East Wayneville, CO 92375",Shipped
O501744,CUST757261,3/23/2024,2016.1,"73668 Diane Fields Apt. 642, East Stephanie, OK 52131",Shipped
O501745,CUST495429,5/16/2024,4909.62,"Unit 6900 Box 4420, DPO AP 03812",Delivered
O501746,CUST468132,8/7/2024,1397.28,"209 Sarah Neck, Wallacemouth, MT 23462",Shipped
O501747,CUST781297,1/20/2024,3304.28,"9371 Wilson Circles Apt. 562, West Denise, WV 38881",Pending
O501748,CUST644142,11/23/2024,3104.28,"101 Miller Ports, New Steven, MO 84874",Returned
O501749,CUST369659,10/27/2023,3179.79,"6914 Debbie Unions Apt. 053, Miguelborough, MI 12737",Delivered
O501750,CUST423903,11/19/2023,1579.56,"2805 Kenneth Springs Apt. 407, Catherineberg, FL 56314",Cancelled
O501751,CUST428505,2/5/2025,3288.12,"40084 Peter Expressway Suite 245, South Travis, NY 91797",Pending
O501752,CUST079333,5/3/2024,2691.69,"57514 Shawn Forge, Chenland, NM 93935",Delivered
O501753,CUST512959,10/23/2023,1380.26,"87312 Kenneth Prairie, Longtown, LA 77693",Cancelled
O501754,CUST285608,10/23/2023,1283.96,"Unit 8143 Box 0576, DPO AE 60259",Cancelled
O501755,CUST074639,6/12/2025,2706.57,"5808 Eduardo Groves, Watsonmouth, NM 87437",Cancelled
O501756,CUST416451,9/17/2023,4091.27,"8867 Martin Valley Apt. 788, Hayesborough, MO 42420",Pending
O501757,CUST945218,1/9/2024,2005.74,"35649 Green Skyway Apt. 369, Port Wesleytown, MN 46772",Shipped
O501758,CUST806095,4/16/2024,3649.14,"9654 Christina Roads, Mitchellshire, MA 19959",Shipped
O501759,CUST823027,9/1/2023,879.19,"761 Brian Flats, North Joeburgh, MN 51186",Cancelled
O501760,CUST339425,3/27/2025,1151.54,"1945 Jesus Mount Apt. 455, Donaldfurt, DC 82239",Cancelled
O501761,CUST720133,2/11/2024,1414.22,"PSC 7727, Box 6565, APO AP 06930",Pending
O501762,CUST785892,10/16/2024,1703.25,"7634 Brendan Pine Suite 360, South Rachel, ID 90892",Cancelled
O501763,CUST815014,6/5/2024,4732.33,"7228 Kristin Shoal, New Caitlinville, MN 71343",Returned
O501764,CUST553407,1/15/2024,2779.7,"63493 Hunter Ports Apt. 451, Port Jennifer, SD 27853",Cancelled
O501765,CUST454380,7/3/2024,4864.28,"649 Lin Highway Apt. 220, Port Shannonport, MT 66924",Delivered
O501766,CUST901429,5/19/2025,2023.19,"5350 Brooks Spring Apt. 431, South Amybury, OH 02695",Returned
O501767,CUST299363,12/8/2023,1545.51,"Unit 0969 Box 4217, DPO AE 14950",Delivered
O501768,CUST451126,12/28/2023,2020.71,"62787 Roman Gateway, Frankport, FL 54278",Shipped
O501769,CUST346886,9/15/2023,4820.89,"PSC 3256, Box 6218, APO AE 40065",Delivered
O501770,CUST529038,10/12/2024,1875.11,"7598 Randy Land, New Darryl, WV 16271",Cancelled
O501771,CUST628906,1/10/2024,4120.29,"219 Lance Creek, Port Tammy, FL 67959",Cancelled
O501772,CUST362533,6/15/2025,253.04,"75529 Chad Mission Suite 709, Martinezburgh, RI 94476",Shipped
O501773,CUST135297,12/27/2023,1796.64,"0961 Dana Parkway, Terryborough, UT 80460",Returned
O501774,CUST910015,5/25/2024,1740.11,"0911 Byrd Way, Leview, ID 59509",Delivered
O501775,CUST329854,10/11/2023,2158.98,"934 Green Isle, Andrewchester, DC 86170",Pending
O501776,CUST619800,9/5/2024,171.64,"23505 Douglas Drives, New Robertoland, CO 33732",Returned
O501777,CUST486681,5/31/2024,3553.31,"617 Connie Shore Apt. 767, North Trevorstad, CT 87613",Shipped
O501778,CUST458497,2/24/2024,903.37,"62324 Rojas Hill Apt. 368, New Mistyside, WI 28705",Shipped
O501779,CUST879950,11/12/2024,635.64,"052 Kristi Drive, Coxmouth, NJ 58740",Delivered
O501780,CUST944832,9/13/2023,176.84,"141 Deleon Cove, West Kathryn, CA 29409",Shipped
O501781,CUST102155,6/24/2025,1077.9,"453 Charles Well Suite 653, Annaview, NH 84452",Returned
O501782,CUST474815,6/26/2024,2441.74,"6445 Victoria Road Suite 755, Andrewhaven, AL 27190",Cancelled
O501783,CUST036906,3/20/2025,1173.53,"7530 Jeanette Dam Apt. 698, North Rebeccaville, ND 92436",Cancelled
O501784,CUST562344,3/12/2025,4554.86,"28352 Shawn Harbors Suite 227, Loganburgh, UT 84932",Delivered
O501785,CUST795903,2/21/2024,3355.95,"451 Kelly Points, Brookeland, KS 44381",Returned
O501786,CUST730164,6/3/2025,4438.25,"6007 Steven Loaf Suite 821, Port Brittany, MA 85702",Pending
O501787,CUST784376,4/21/2024,1268.55,"126 Miranda Lakes Apt. 760, Jenniferborough, NM 63402",Returned
O501788,CUST763263,8/2/2024,2569.47,"051 King Passage Suite 093, Thomasstad, MA 04928",Shipped
O501789,CUST064232,2/25/2025,1257.2,"6530 Matthew Harbors Apt. 757, Frazierton, IA 35194",Pending
O501790,CUST477962,11/21/2024,4440.75,"6592 Gonzales Field Suite 374, Fitzgeraldport, MI 25471",Delivered
O501791,CUST672474,3/7/2024,3435.44,"129 Osborn Crossroad Suite 382, North Natalieton, IL 67309",Cancelled
O501792,CUST160519,1/16/2024,4821.98,"2228 Barnes Fork, Laceystad, VT 44987",Delivered
O501793,CUST098765,10/9/2024,3094.45,"2309 Laurie Forges Apt. 381, Michaelmouth, KS 61649",Cancelled
O501794,CUST429317,2/24/2025,3620.67,"73114 Mary Canyon, Santiagoville, NJ 73226",Delivered
O501795,CUST262322,12/20/2024,2793.53,"Unit 5216 Box 4215, DPO AE 91419",Returned
O501796,CUST019762,9/25/2024,4404.31,"2458 Sheppard Island Apt. 743, East Angelaland, NY 59705",Pending
O501797,CUST967024,8/19/2023,2086.35,"63671 Rhodes Point Apt. 008, Krystalburgh, UT 45766",Cancelled
O501798,CUST385613,10/10/2024,2863.08,"1265 Alicia Centers, South Alexis, NE 19558",Delivered
O501799,CUST336776,5/20/2024,3452.29,"621 Orr Creek, Burnsfort, RI 65836",Delivered
O501800,CUST458500,2/20/2024,613.46,"87676 Allen Greens Suite 277, Port Roberthaven, OH 54167",Cancelled
O501801,CUST837347,3/22/2025,2734.76,"378 Trevino Valleys, South Danny, NE 20107",Delivered
O501802,CUST880114,2/6/2025,4232.66,"084 Ashley Meadow, East Jeffreyville, MO 19733",Pending
O501803,CUST169934,11/20/2023,3029.8,"117 Hanna Shoals Suite 026, Port Amyside, LA 85325",Cancelled
O501804,CUST391849,1/13/2024,363.88,"0589 Norris Fort, West Loriside, WY 54274",Returned
O501805,CUST712448,5/9/2024,4383.15,"899 Sandra Common, Lake Cynthia, MS 62884",Returned
O501806,CUST999595,8/25/2023,1623.31,"48839 Fox Centers, Rachelland, NJ 81963",Shipped
O501807,CUST051761,3/27/2024,2073.52,"567 Thompson Pine Apt. 488, South Jason, CA 94788",Returned
O501808,CUST526713,4/4/2024,3736.73,"6081 Tony Hills, Adamside, AR 53621",Pending
O501809,CUST232751,5/12/2024,4491.73,"907 Patricia Brooks Suite 404, West John, SD 22878",Delivered
O501810,CUST888875,9/19/2023,2310.59,"57819 Richard Glen, Stephaniebury, UT 01791",Cancelled
O501811,CUST272124,4/9/2025,638.6,"Unit 3780 Box 8026, DPO AP 24430",Cancelled
O501812,CUST303223,11/3/2023,1825.59,"1955 Nicole Turnpike, Michelletown, OK 81971",Returned
O501813,CUST786865,3/24/2024,4361.84,"5644 Louis Lane, Morgantown, MO 08418",Pending
O501814,CUST898505,12/28/2024,554.45,"964 Lucas Passage Apt. 067, New Christy, OR 26736",Cancelled
O501815,CUST255408,4/30/2025,958.44,"76281 John Underpass Suite 342, Robertsside, LA 73434",Shipped
O501816,CUST387783,10/31/2024,4064.33,"837 Bradley Squares Apt. 173, Stephensonside, AL 87252",Cancelled
O501817,CUST602892,1/15/2025,3568.12,"0055 Daniel Crossing Suite 608, Stanleychester, AL 44467",Delivered
O501818,CUST668770,10/16/2023,4708.81,"52045 Molly Neck Apt. 574, West Kelly, NC 26610",Returned
O501819,CUST244684,5/7/2025,4663.4,"244 Julian Avenue Apt. 454, North Natalieberg, RI 77125",Cancelled
O501820,CUST054144,1/11/2024,1973.02,"2701 Silva Mountains Suite 379, Port Christopher, LA 79337",Cancelled
O501821,CUST713214,1/9/2025,1888.85,"Unit 4675 Box 0538, DPO AE 73473",Cancelled
O501822,CUST760368,11/12/2023,412.29,"94412 Lee Haven Suite 979, North Whitneyberg, ME 41805",Delivered
O501823,CUST606185,6/4/2024,1045.59,"5016 Sabrina Rest, Toddborough, TN 34945",Cancelled
O501824,CUST281397,5/6/2025,1029.53,"6209 Heather Overpass, Christopherfort, RI 97017",Cancelled
O501825,CUST434905,1/6/2024,376.45,"8808 Williams Mountains Suite 448, Potterfurt, IN 87719",Shipped
O501826,CUST410062,3/14/2024,98.37,"32517 Koch Radial Suite 522, New Jeremiahchester, NV 48389",Returned
O501827,CUST323590,5/31/2024,3060.22,"64244 Sean Walks, Clarkbury, MN 57074",Delivered
O501828,CUST342545,4/5/2025,186.39,"658 Carol Garden, New Lori, FL 75982",Cancelled
O501829,CUST482986,11/30/2024,85.32,"68257 Phillips Coves Apt. 379, Erinberg, SD 14892",Pending
O501830,CUST445400,7/12/2023,2734.71,"7946 Butler Hills, Wesleyberg, OK 87940",Pending
O501831,CUST734983,9/27/2024,1350.83,"2719 Cindy Way Suite 703, South Jeffreyside, FL 49553",Cancelled
O501832,CUST903801,9/19/2024,4180.45,"9125 Martinez Pike, East Kathleen, MT 60058",Cancelled
O501833,CUST021824,7/4/2025,615.69,"7681 Evans Pike, New Amanda, SD 78039",Pending
O501834,CUST403279,4/28/2025,3243.6,"63397 Angela Rue Apt. 635, Reynoldshaven, AL 02194",Returned
O501835,CUST318531,12/22/2024,2766.3,"350 Nicole Estates Apt. 493, South Jennifer, WV 58163",Shipped
O501836,CUST855836,10/3/2023,3636.26,"564 Brandon Bypass Suite 571, Changside, ID 23475",Cancelled
O501837,CUST870570,12/23/2024,2785.27,"694 Robert Groves, New Kevin, ID 23830",Returned
O501838,CUST003151,11/26/2024,1597.18,"6728 Ingram Viaduct, Katherinestad, OK 24640",Shipped
O501839,CUST250955,9/1/2024,195.84,"607 Phillip Loop, Port David, NH 04945",Returned
O501840,CUST553903,3/9/2025,214.31,"133 Brittany Passage, Jenkinshaven, AZ 60876",Shipped
O501841,CUST379965,5/11/2024,3753.3,"PSC 2297, Box 9082, APO AE 57327",Cancelled
O501842,CUST722492,3/5/2024,4593.94,"001 Orozco Springs Suite 875, East Alison, LA 71719",Pending
O501843,CUST313809,7/23/2023,4950.55,"435 Carrie Parkway Apt. 688, Lake Williamville, NV 73980",Pending
O501844,CUST047270,7/27/2023,257.54,"45798 Jesus Hills Suite 055, Kingland, IA 85269",Shipped
O501845,CUST696461,1/7/2025,4663.29,"Unit 6252 Box 8535, DPO AE 24746",Pending
O501846,CUST402850,7/10/2024,1950.38,"3143 Sandy Mount Suite 311, Nicholeview, NC 86337",Delivered
O501847,CUST527304,7/8/2025,1074.78,"827 Smith Ford Apt. 412, Tammyshire, VT 33284",Delivered
O501848,CUST491276,3/19/2025,2864.19,"271 Cantu Mill, Reyeschester, HI 68509",Returned
O501849,CUST118836,9/4/2024,3190.4,"10570 Hansen Fall Suite 203, Port Michael, ME 68685",Pending
O501850,CUST586823,7/20/2024,3317.82,"604 Miller Parkway, New Jamie, IL 59703",Returned
O501851,CUST933390,3/12/2024,238.19,"747 Harris Groves Suite 840, Sullivanhaven, PA 75500",Cancelled
O501852,CUST813065,7/14/2023,4705.24,"596 Cole Shoals, Lake Monica, SD 21835",Shipped
O501853,CUST876537,3/24/2024,1308.96,"Unit 4091 Box 3608, DPO AE 37857",Pending
O501854,CUST613322,3/12/2024,1164.46,"746 Tyler Throughway, Patriciaville, VT 72653",Pending
O501855,CUST694037,6/23/2025,64.33,"42119 Figueroa Trace Suite 712, New Jeremymouth, FL 42038",Delivered
O501856,CUST710089,1/16/2024,1169.84,"484 Robert Heights, New Danielle, GA 84112",Cancelled
O501857,CUST383674,9/23/2023,1290.05,"72629 Harris Springs Suite 189, Port Jenniferton, CT 27422",Cancelled
O501858,CUST154231,1/7/2025,232.39,"175 Jeremy Field Apt. 621, Vazquezland, CA 20221",Delivered
O501859,CUST808158,6/13/2024,4338.82,"2227 Gibbs Mount, Munozview, RI 30078",Delivered
O501860,CUST671259,2/17/2024,4830.26,"008 Nicholas Stravenue, East Antonioburgh, MI 44350",Pending
O501861,CUST495687,3/13/2024,701.64,"0511 Patton Stravenue Apt. 594, Lake Brandon, NE 41875",Shipped
O501862,CUST691263,8/30/2023,3078.21,"991 Malone Fork, North Sean, NY 65702",Pending
O501863,CUST802633,5/4/2024,3938.58,"2930 Kevin Brooks, Nataliebury, NJ 30949",Delivered
O501864,CUST426244,3/26/2024,3960.05,"5890 Park Spur, Kyleville, MD 02874",Cancelled
O501865,CUST072521,11/15/2024,2737.08,"419 Kelsey Loaf, Lisaport, MA 04250",Delivered
O501866,CUST905150,5/29/2025,4035.17,"375 Kelly Tunnel Apt. 889, Klineville, DE 29032",Delivered
O501867,CUST888514,10/25/2024,542.26,"00471 Brandi Crescent Apt. 903, Robinsonport, HI 57891",Delivered
O501868,CUST321490,7/1/2024,1135.81,"53908 Shaun Lane Suite 034, Port Vanessastad, MA 83796",Pending
O501869,CUST532540,1/13/2025,4029.53,"USNS Brown, FPO AE 22921",Pending
O501870,CUST160498,8/30/2023,2226.47,"3002 James Crescent, East Taylorland, NM 56562",Pending
O501871,CUST739599,5/25/2024,2366.59,"95591 Christine Rest, Dixonside, GA 79610",Delivered
O501872,CUST376230,9/13/2024,2604.62,"94498 Jeremy Courts Apt. 390, New Robinbury, VT 79018",Cancelled
O501873,CUST902746,5/1/2024,4512.2,"Unit 4178 Box 1741, DPO AE 44419",Delivered
O501874,CUST803893,1/2/2025,2298.98,"90000 Sawyer Throughway, Vanessaton, AR 87384",Pending
O501875,CUST707181,10/25/2023,3616.39,"3282 Alvarez Views, Robinsonstad, OK 19808",Delivered
O501876,CUST031496,1/19/2025,4733.15,"69764 Lori Harbor, Johnsonton, MD 87900",Returned
O501877,CUST176310,3/26/2024,3575.08,"PSC 2379, Box 9910, APO AP 44578",Shipped
O501878,CUST191837,12/4/2024,259.05,"97042 Lowery Squares, South Brian, WY 69353",Cancelled
O501879,CUST728149,9/25/2024,3520.65,"042 Peter Vista, West Brenda, DC 66278",Returned
O501880,CUST968995,11/27/2024,1111.41,"41106 Cooper Wells, Rebeccatown, NC 43360",Returned
O501881,CUST647751,12/23/2023,2806.16,"6011 Casey Parkways Suite 818, Jamesmouth, GA 69354",Pending
O501882,CUST194925,11/19/2023,218.12,"Unit 1713 Box 9556, DPO AP 64837",Returned
O501883,CUST944351,10/2/2024,3643.91,"PSC 2564, Box 9915, APO AE 41988",Pending
O501884,CUST461090,3/20/2025,736.66,"06427 Pratt Key, Reevesberg, ID 20577",Pending
O501885,CUST370014,7/5/2025,1512.79,"3416 Cindy Islands Apt. 853, East Gregoryfort, IL 51203",Pending
O501886,CUST023333,12/14/2024,3821.29,"898 Mccarthy Springs, Lake Andreaport, MO 67726",Pending
O501887,CUST645847,1/30/2025,2058.06,"USS Ramirez, FPO AE 01565",Cancelled
O501888,CUST566159,11/28/2023,3698.06,"0750 Obrien Harbors Apt. 249, New Adam, WV 64675",Shipped
O501889,CUST446669,7/18/2023,69.38,"3531 Shannon Hill, Nelsonview, WA 23960",Returned
O501890,CUST517823,12/6/2023,1262.49,"05125 Diaz Dam Suite 060, Michelleville, SC 05902",Delivered
O501891,CUST570269,2/10/2024,4221.54,"458 Eric Station Suite 725, South Williamfurt, TN 19622",Pending
O501892,CUST653041,6/17/2024,3320.44,"402 Graham Glen Apt. 394, Marshfurt, VA 08082",Cancelled
O501893,CUST843792,7/2/2025,250.82,"USCGC Martin, FPO AP 78917",Shipped
O501894,CUST055036,10/18/2024,376.24,"912 Robinson Fork, West David, DE 60525",Cancelled
O501895,CUST209791,1/29/2024,3279.25,"58118 Rice Squares Suite 495, Andersonfurt, ME 80574",Delivered
O501896,CUST772707,8/5/2024,2347.33,"08955 Cook Inlet, South Caitlynburgh, OH 81542",Pending
O501897,CUST892300,1/17/2024,4613.43,"22117 Elizabeth Parkways, Jasmineton, NJ 14979",Cancelled
O501898,CUST320079,8/11/2024,811.12,"904 Ashley Track, Lopezland, ND 75965",Shipped
O501899,CUST029131,9/17/2024,2127.79,"09293 Ronald Camp, Paulburgh, NY 06557",Shipped
O501900,CUST040086,4/8/2025,3564.02,"85431 Hicks Square Suite 969, Kevinfort, WY 51634",Cancelled
O501901,CUST604914,7/16/2023,4211.93,"7089 Jones Grove, Perryview, NY 17215",Pending
O501902,CUST772780,12/19/2024,1984.19,"120 Scott Burgs, Taylorburgh, NJ 85787",Shipped
O501903,CUST084698,8/19/2023,2211.9,"Unit 8287 Box 2716, DPO AE 25373",Pending
O501904,CUST101786,6/24/2025,2866.92,"80686 David Oval Apt. 036, West Sandra, NV 80663",Delivered
O501905,CUST055668,6/15/2024,1052.93,"67441 Travis Throughway Apt. 203, Douglasville, AZ 33183",Delivered
O501906,CUST572538,6/12/2025,2607.3,"USNV Fox, FPO AA 35557",Returned
O501907,CUST586943,11/26/2023,3175.65,"Unit 0134 Box 0410, DPO AE 87764",Pending
O501908,CUST570679,4/29/2025,4159.28,"3133 Sheila Village, Davisfurt, RI 83378",Returned
O501909,CUST579599,11/4/2024,343.57,"20799 Manning Point Suite 777, South Jordanburgh, GA 60861",Delivered
O501910,CUST217566,6/20/2025,4456,"47929 Jennifer Valleys Apt. 207, South Patrick, OR 83369",Delivered
O501911,CUST994071,12/2/2023,661.23,"1775 Roy Unions, Brandonhaven, ID 21688",Cancelled
O501912,CUST498851,4/29/2025,1351.94,"5212 Brian Views Apt. 610, North Justin, IL 10564",Cancelled
O501913,CUST218058,5/18/2025,1860.64,"4112 Ariel Crest, New Joseph, NC 05475",Delivered
O501914,CUST362057,7/3/2024,1012.53,"084 Amanda Camp Apt. 066, Thomasfort, NC 02501",Shipped
O501915,CUST116515,12/1/2023,4626.01,"78163 Garcia Crossing Apt. 519, Port Christyside, NY 80700",Delivered
O501916,CUST953619,5/19/2024,102.24,"2960 William Orchard, Hatfieldmouth, LA 43956",Delivered
O501917,CUST758967,8/13/2023,1642.1,"24988 April Passage, East Pamelaburgh, WA 22848",Pending
O501918,CUST396030,5/14/2024,4370.86,"352 Denise Mills Suite 369, Kevinburgh, TX 74659",Delivered
O501919,CUST495539,12/7/2023,1448.83,"0078 Brian Crossing Apt. 403, Davidchester, OH 13096",Shipped
O501920,CUST690153,8/17/2023,4797.39,"1709 Bell Corners Apt. 715, Bradfordside, MO 34254",Returned
O501921,CUST910128,2/15/2024,1025.05,"869 Benjamin Ridge, North Dennisbury, OK 58446",Pending
O501922,CUST114766,11/1/2024,632.37,"9774 Rachel Terrace, South Amandahaven, TX 98732",Cancelled
O501923,CUST200707,12/19/2024,1467.66,"73054 Gonzales Isle, West Williamberg, MS 54043",Cancelled
O501924,CUST454098,4/10/2025,3459.26,"652 Saunders Unions, Brandonville, MN 62164",Returned
O501925,CUST523493,7/25/2024,2389.67,"219 Jimenez Extension, Thomasside, WI 11443",Returned
O501926,CUST592254,4/5/2025,4709.44,"8093 Brian Island Apt. 634, Blairborough, AL 51422",Cancelled
O501927,CUST859810,11/11/2023,940.35,"43244 Lisa Point Apt. 175, Larabury, KY 73415",Cancelled
O501928,CUST058523,6/2/2025,1760.37,"2569 Jack Point, Lake Tylertown, TN 74326",Cancelled
O501929,CUST194346,12/15/2024,1493.39,"89335 Gary Orchard, Richardsonchester, GA 57128",Shipped
O501930,CUST463762,8/5/2024,3375.37,"393 Shannon View Apt. 568, North Davidfort, RI 24997",Cancelled
O501931,CUST107368,2/11/2024,1525.31,"815 Robinson Crest, Lake Nicholas, CT 72380",Shipped
O501932,CUST447335,1/17/2024,2709.87,"41535 Escobar Skyway Apt. 202, Brownshire, FL 63120",Pending
O501933,CUST518342,12/26/2024,2489.14,"51503 Nelson Plaza Apt. 571, Michellemouth, VA 40186",Pending
O501934,CUST519518,3/28/2025,547.19,"7785 Bullock Ways, North Kathleentown, HI 95404",Pending
O501935,CUST522190,2/1/2025,119.4,"Unit 9862 Box 0029, DPO AE 19192",Returned
O501936,CUST635024,1/21/2024,1636.68,"8097 Vernon Plains Apt. 387, North Daniel, DE 98303",Returned
O501937,CUST815462,4/28/2024,2523.63,"1655 Thompson Squares, Jamestown, KY 67377",Cancelled
O501938,CUST521196,1/20/2025,491,"97080 Oneal Mountains, Thompsonville, HI 53874",Pending
O501939,CUST824659,9/4/2024,1064.02,"9270 Sullivan Crescent, Walkerborough, MI 52146",Pending
O501940,CUST861995,6/17/2025,4348.96,"90714 Mary Islands, Gonzalezside, WV 75537",Pending
O501941,CUST467754,11/20/2023,164.84,"16408 Wilson Parks, Matahaven, SD 40787",Returned
O501942,CUST361135,3/17/2025,2467.88,"Unit 2087 Box 7571, DPO AP 44842",Pending
O501943,CUST695127,5/14/2024,3539.63,"295 Elizabeth Prairie, Williamborough, DC 75120",Shipped
O501944,CUST953487,4/1/2025,4347.19,"861 Perkins Dam Apt. 329, Johnsonport, SC 42583",Cancelled
O501945,CUST265281,1/11/2024,4202.78,"1523 Christopher Falls, Sanchezmouth, DE 02261",Pending
O501946,CUST772494,12/20/2024,3883.14,"964 Carlos Alley Apt. 008, West Kennethton, NC 09895",Pending
O501947,CUST880372,3/28/2024,4665.88,"4358 Jones Spring Apt. 892, North Erin, CO 46221",Pending
O501948,CUST316445,3/6/2024,4260.21,"562 Reynolds Lock, Lake Davidton, NJ 60926",Returned
O501949,CUST948932,7/18/2024,2504.53,"4714 James Inlet Apt. 739, New Annette, MS 85973",Pending
O501950,CUST389388,7/26/2023,4909.66,"335 Hernandez Coves, Michellefort, AZ 05726",Cancelled
O501951,CUST982703,6/11/2025,3728.68,"760 Melissa Walk Suite 396, Stonetown, LA 73293",Delivered
O501952,CUST290218,3/8/2024,3292.3,"00466 Mills Grove Suite 535, Bernardland, TN 06003",Returned
O501953,CUST180839,11/11/2024,1640.85,"63238 David Bridge, Flowersshire, RI 49745",Returned
O501954,CUST312774,4/19/2024,1557.76,"888 Moody Trail, Caldwelltown, DE 47304",Delivered
O501955,CUST965122,11/5/2023,497.79,"651 Melissa Hill, Torresberg, VT 71064",Delivered
O501956,CUST530891,10/2/2023,1032.51,"7381 Hampton Canyon, Jodyburgh, AL 55072",Cancelled
O501957,CUST118338,8/25/2024,422.33,"923 Baker Harbors, Robertside, AR 55315",Returned
O501958,CUST127326,4/13/2024,407.56,"787 Ward Spurs, Valenzuelaport, MD 90322",Shipped
O501959,CUST643606,2/8/2024,346.21,"42942 Timothy Stravenue, Port Robin, WY 60323",Pending
O501960,CUST811229,2/6/2025,629.43,"51239 Kevin Dale Suite 954, New Amandashire, VA 60445",Cancelled
O501961,CUST644673,1/15/2025,2559.44,"980 Cassidy Light Apt. 808, Port Angela, MS 59866",Delivered
O501962,CUST922309,10/23/2023,3091.78,"297 Garza Ridge, Ruizborough, CO 91729",Cancelled
O501963,CUST482788,7/15/2023,3138.62,"552 Silva Turnpike, Nortonport, CO 36685",Cancelled
O501964,CUST771299,11/11/2023,4132.17,"027 Reid Burg Suite 428, Bradleychester, AZ 87313",Cancelled
O501965,CUST103214,11/1/2023,1118.21,"4142 Smith Flats Suite 267, East Danielle, MO 37890",Shipped
O501966,CUST325479,10/16/2023,3284.42,"6540 Jimenez Orchard, Harveyburgh, DC 14402",Pending
O501967,CUST388633,5/27/2024,2861.43,"944 Barbara Street, South Russell, WI 09080",Pending
O501968,CUST663520,11/1/2024,3056.3,"3177 Roy Squares Apt. 984, Perkinsstad, NV 52335",Delivered
O501969,CUST625892,3/22/2025,2205.25,"0232 Aaron Pike, South Sharon, KS 31643",Returned
O501970,CUST901549,3/16/2024,1528.98,"21412 John Vista Suite 371, Lake Matthew, MT 89931",Delivered
O501971,CUST984450,9/15/2023,1076.17,"9425 English Squares, West Lesliechester, CO 49718",Pending
O501972,CUST824268,2/13/2025,1497.72,"Unit 1853 Box 0766, DPO AP 87107",Returned
O501973,CUST433967,12/13/2024,1273.98,"3781 Russell Trafficway Suite 952, East Christineburgh, MO 57241",Cancelled
O501974,CUST943271,11/3/2023,3532.1,"189 Kelsey Fields Suite 939, Byrdton, CT 41787",Delivered
O501975,CUST542560,5/22/2025,4004.54,"5448 Daugherty Trace Apt. 817, New Laurenview, VA 14279",Cancelled
O501976,CUST623587,2/7/2024,4594.23,"5548 Lara Passage Apt. 931, Lake Brent, WI 48400",Pending
O501977,CUST253869,9/15/2024,1349.2,"3960 Wheeler Coves Suite 146, Christophershire, NH 63847",Returned
O501978,CUST483623,11/3/2023,816.84,"USNS Harris, FPO AA 40030",Delivered
O501979,CUST547190,12/1/2023,3409.81,"60977 Tami Oval, North Edwardside, SD 30187",Delivered
O501980,CUST774925,7/11/2023,3725.32,"109 Ramirez Summit Suite 976, North Micheleton, TN 55650",Shipped
O501981,CUST770056,6/13/2025,3207.36,"80365 Brenda Inlet Suite 174, Lake Sheriport, AZ 68658",Cancelled
O501982,CUST733456,7/30/2023,4240.84,"926 Jonathan Spur Apt. 423, New Matthew, AR 11968",Cancelled
O501983,CUST490673,5/9/2025,3515.23,"28297 Walker Fork, Gomezfort, OR 85455",Returned
O501984,CUST460758,2/3/2025,1523.78,"16121 Alvarado Coves, South Tammy, WY 51680",Pending
O501985,CUST092951,6/12/2025,4221.94,"576 Michelle Corners, South Charlesshire, CT 03799",Cancelled
O501986,CUST321364,10/13/2024,3421.18,"78727 Patterson Radial Apt. 044, New Amyside, MA 54468",Shipped
O501987,CUST727205,5/28/2025,4513.13,"7047 Kevin Islands, New Susan, OH 54323",Pending
O501988,CUST610877,5/21/2025,1364.83,"244 Logan Fall Suite 030, Collinsside, GA 81469",Returned
O501989,CUST918771,8/8/2024,4371.33,"11247 Villegas Village Apt. 747, East Sonia, NC 15925",Pending
O501990,CUST402248,5/15/2024,2168.61,"950 Bradley Plains, Gonzalezstad, VA 63004",Delivered
O501991,CUST008148,10/10/2023,3193.15,"68373 James Via Apt. 217, West Jackie, AK 28866",Shipped
O501992,CUST757215,6/21/2025,2862.49,"3565 Mary Expressway Apt. 434, Cannonberg, MT 01298",Cancelled
O501993,CUST659199,4/21/2025,3688.88,"1504 Barnes Valleys, Amandachester, SD 56382",Pending
O501994,CUST310235,11/14/2023,1098.91,"0000 Janet Islands, Cowanmouth, AR 65199",Cancelled
O501995,CUST396672,10/10/2023,2219.64,"61823 Hood Street, Lake Christinebury, ID 42200",Cancelled
O501996,CUST569700,1/23/2025,2103.82,"033 Pearson Bypass, South Angela, WA 88472",Pending
O501997,CUST237741,2/19/2025,1764.07,"PSC 7256, Box 7883, APO AP 09037",Shipped
O501998,CUST132588,2/12/2025,2088.5,"1217 George Street Suite 922, East Emmaland, LA 14062",Delivered
O501999,CUST944667,9/30/2023,936.08,"655 Leon Manor, West Connorbury, NE 78197",Delivered
