product_id,name,description,price,category_id,stock_quantity,brand
100000,Here Win,Little visit her mean step court address most news then traditional think serve.,790.07,1001,67,Vellux
100001,Whether Baby,Close language off indicate approach street.,58.05,1002,252,Ecocore
100002,Future Loss,Resource control lawyer grow father listen.,536.42,1003,311,Zentsphere
100003,Shoulder Student,Away account produce type action friend smile program sound.,269.09,1004,209,Novacore
100004,Quality Whatever,Girl learn husband late meeting model court under right author street miss single.,35.56,1005,121,Novaronix
100005,Expect Gas,Ago address per statement discussion group up.,986.24,1006,414,Omnimark
100006,Key Expect,Reveal subject capital note wish create.,769.21,1007,181,Nexcom
100007,American Nature,Address mention throughout hand north candidate choice region doctor.,316.13,1008,9,Luxbyte
100008,Marriage Right,Interest plan away same over change our.,764.02,1009,324,Novatrix
100009,College Treatment,Crime simple story back movie professor our raise amount ground cold ball husband.,345.42,1010,286,Luxronix
100010,Day Explain,Everyone believe fish including good every.,343.6,1011,495,Techtrix
100011,Establish Culture,Consider such catch blue billion left another surface lead.,52.18,1012,484,Omnimark
100012,Radio Fact,End matter prove least heart green few compare task.,429.7,1013,124,Hypergenix
100013,Finish At,Owner knowledge professor nature action lose light current view wear.,546.8,1014,57,Hyperronix
100014,Participant Staff,You outside field experience charge operation article various allow their.,600.26,1015,148,Syntrix
100015,Name Sell,Interest whether professional final specific return.,338.89,1016,189,Zentcore
100016,Fire Expect,Congress man fight laugh goal top only save.,425.82,1017,284,Novaronix
100017,Perform Buy,Year product us yet too Democrat century cultural sit standard parent somebody agree.,945.13,1018,496,Veltrix
100018,Easy Without,Charge subject remember establish compare social sound wish society system.,415.02,1019,224,Luxcore
100019,Issue Rest,Among crime between kitchen nice trial hotel continue when those.,57.83,1020,244,Zentmark
100020,Information Soon,Several charge series local focus few room him rather.,186.4,1021,180,Luxtrix
100021,Arm Class,Nothing always government civil training by.,298.22,1022,217,Novaronix
100022,Chance Thank,Simply open audience although really decide film.,154.64,1023,355,Nexronix
100023,Tend Middle,Anything white party seek practice crime step amount animal.,432.91,1024,55,Velgenix
100024,Recognize Room,Economy threat growth others ten collection air too long after huge laugh.,867.67,1025,77,Velsphere
100025,Tree Include,Last world shake return report give institution thank.,154.47,1026,102,Techcom
100026,Exist Similar,Long able at would business father name.,359.57,1027,303,Velgenix
100027,Interview Culture,Later lawyer five gas receive throw sea right free quickly decision ability.,556.29,1028,179,Omnisphere
100028,Design Serve,Small not account home later have first set interest of describe.,491.51,1029,111,Nexcom
100029,Activity Option,Change purpose address film attention family live form usually.,186.12,1030,449,Hypertrix
100030,Theory Give,Smile practice against full who decade one follow.,574.35,1031,46,Vellux
100031,His Across,Value attorney put industry watch during.,28.34,1032,11,Novacore
100032,Western Alone,Establish thus close wrong husband capital give with offer claim huge.,343.89,1033,115,Techbyte
100033,Green Ten,Born market wall tough base heart condition involve police fish.,857.72,1034,162,Syngenix
100034,Husband Through,Inside window might report with memory against character.,62.54,1035,148,Nexmark
100035,Save Budget,Issue history our loss push machine those sit degree degree return.,54.1,1036,22,Nexgenix
100036,Short Maybe,Vote team sound get quite nice.,983.31,1037,124,Novacore
100037,Bed Myself,Laugh animal down force serious similar clearly cell sound eight something around wall.,382.56,1038,37,Hypercore
100038,For Clear,Force follow show decide although into south reality us old investment.,558.78,1039,370,Nexsphere
100039,Network Base,Just listen book science tree just.,982.63,1040,466,Zentlux
100040,Page Share,Kind ball family these number ahead approach.,271.02,1041,379,Hypercom
100041,Race Lose,Bring argue that race age product professor shake contain growth hit player.,525.94,1042,385,Luxbyte
100042,Give Process,Card back science old imagine here.,538.26,1043,18,Hypergenix
100043,Among Level,Power ready think brother meet red we always choose establish by study.,850.42,1044,220,Zentsphere
100044,Like Particular,First scene pick data resource east big long instead high.,324.91,1045,349,Nexronix
100045,Special Past,Baby light loss appear like American.,503.07,1046,249,Veltrix
100046,Environment May,Case power good future happy remain like specific include.,713.96,1047,407,Ecosphere
100047,Art Pull,Establish protect drug civil family see imagine find need hear economy everyone.,256.9,1048,294,Omnironix
100048,Walk Practice,Indeed say available letter mind throughout everyone herself could out management cup activity.,713.95,1049,346,Vellux
100049,Today Week,Director left often there all somebody little bag together.,322.25,1050,28,Ecocore
100050,Popular Consumer,Small sport ago official sign walk however also toward article well serve let.,732.43,1051,33,Omnitrix
100051,Relate Plant,Entire allow position government yourself she check seat leave.,649,1052,169,Velcom
100052,Small Hand,Strong fund task center brother theory language natural little Congress health plan nice.,161.04,1053,44,Hyperronix
100053,City About,View keep consider rock party clear picture raise away collection long skill down.,476.84,1054,216,Zentcom
100054,Economy All,Add him region win scientist list movement concern put history certain education around.,684.68,1055,244,Synsphere
100055,Close Sing,Together state game grow human whatever south once trip daughter.,986.31,1056,458,Nexsphere
100056,Oil Small,Throughout in big his part not college college.,830.14,1057,84,Omnicore
100057,Writer Increase,Commercial every left apply three value concern.,361.11,1058,466,Nexcore
100058,Among Day,Nation call goal time theory much day somebody reach country part able arm.,638.77,1059,271,Omnibyte
100059,Clearly Way,Lawyer avoid size focus bad yard bring.,514.88,1060,180,Hypersphere
100060,Low Course,Study concern four very walk quite quality their type window far.,714.38,1061,370,Hypersphere
100061,Instead Weight,Nature amount hit behind program federal site.,386.62,1062,153,Synbyte
100062,Bring Ten,Idea staff interview do family color task style what.,789.71,1063,138,Hyperronix
100063,Growth Organization,Eat the feel key out create onto recently be foreign toward.,397.43,1064,477,Techora
100064,Else How,Window I professor ok population long commercial mind upon behavior better tell.,717.5,1065,374,Zenttrix
100065,Information Region,Forward result surface training weight message of.,549.19,1066,88,Nexcom
100066,Though Career,Paper more piece old far own customer.,134.98,1067,464,Novamark
100067,Thank Fear,Pm street year trip why see.,308.05,1068,46,Hypertrix
100068,Down Nearly,Consumer floor include speak draw me federal recently event.,608.54,1069,428,Luxgenix
100069,Live Training,Arrive woman church teach meeting age foreign agreement road.,174.36,1070,493,Velgenix
100070,Positive Speak,Almost everybody at series question watch in for benefit war.,56.5,1071,137,Omniora
100071,Word Plant,Center wonder relationship president development style.,672.11,1072,432,Luxlux
100072,Professional Politics,Door make after huge soon radio similar interview our positive.,164.21,1073,324,Velgenix
100073,Can Because,Type laugh heavy throughout never traditional seek fire raise camera.,912.96,1074,116,Ecocore
100074,Attack Store,Coach turn media whose probably common reach the guy defense notice more.,428.71,1075,491,Novaronix
100075,Remain Least,Myself role push value answer charge across.,44.61,1076,249,Nextrix
100076,Modern Return,Hospital hand talk peace view begin social open.,310.88,1077,322,Novatrix
100077,Page Money,Program arm culture amount message tell him often campaign choice theory body.,790.12,1078,220,Nexcore
100078,Term Training,Rise between newspaper bill past necessary window seek level somebody.,82.7,1079,398,Synmark
100079,Race Tough,Want window fast up fact boy suddenly street central size individual factor.,320.15,1080,467,Hypercore
100080,Style Share,These any firm security article suffer president.,83.48,1081,469,Syngenix
100081,Community Cultural,Choose identify more else stay candidate manage onto fact by face like.,992.07,1082,204,Luxtrix
100082,Whatever Discussion,Such poor may main technology bed direction decade.,309.68,1083,275,Hyperora
100083,System Box,Step offer reason each model scene support tonight assume class light week somebody.,24.83,1084,73,Techtrix
100084,Red System,Down air three be in tell decade.,281.28,1085,314,Luxcom
100085,Reality Lawyer,Stop sense physical life move mouth sort computer teacher.,430.74,1086,75,Luxsphere
100086,Sometimes Pattern,Contain start run role try assume ability catch article quite sometimes.,377.52,1087,311,Nexsphere
100087,Although Someone,And apply city everybody your bag us follow according recent line.,876.88,1088,308,Techmark
100088,Southern Company,Pressure gun quality month miss paper.,178.44,1089,265,Omnisphere
100089,Around Since,Whether approach maintain area along operation market often.,682.71,1090,219,Zentlux
100090,Although Wear,Stop evening security catch bill condition behavior expect deal rise southern easy raise.,804.51,1091,359,Hypersphere
100091,Hotel Speech,National large lot feel suffer enjoy feel pass.,827.06,1092,369,Nexbyte
100092,Pressure Investment,Eat data coach player this quickly event.,298.8,1093,269,Syngenix
100093,Rise Time,Test analysis medical how risk write family live other blue.,161,1094,175,Luxcom
100094,Hair Professional,Pretty name benefit garden person soldier.,224.44,1095,285,Omnironix
100095,Possible Store,Area situation season season senior until social key evening generation cut.,950.74,1096,79,Techgenix
100096,Mission Design,Gun consumer on analysis hope unit.,633.99,1097,274,Ecolux
100097,Order System,Often team on buy in visit machine phone common.,195.92,1098,213,Velbyte
100098,Life Front,Degree vote opportunity fear human talk leave final after manage.,860.67,1099,191,Techsphere
100099,Top Image,There kitchen life main seem consider them address.,578.62,1100,432,Syncore
100100,The Affect,Color expect study rise year lot gas worry again food feel professional.,212.27,1101,177,Ecotrix
100101,Customer Forward,Meeting wide box quite owner treatment serious four offer.,465.78,1102,357,Novamark
100102,Season Bank,Themselves house music note arm writer offer green last new month.,760.46,1103,355,Nextrix
100103,Teach Control,Despite idea team kid answer eat increase candidate already.,750.9,1104,280,Techmark
100104,Toward Run,Impact heart suffer plant pressure across project board certain mention.,643.87,1105,241,Omnilux
100105,Kitchen Soldier,Fly term price war family look reduce good sure treat set power process.,134.72,1106,446,Hyperronix
100106,Knowledge Yes,Effort Mrs everything home loss ten.,320.21,1107,304,Synmark
100107,History Century,Investment cover clearly hour few four fall financial.,730.37,1108,408,Ecotrix
100108,Treat Prove,Market choice future know media rate guy positive agree maybe tough carry family.,257.79,1109,273,Novacom
100109,Want How,Option knowledge defense onto could work maintain factor free more develop.,514.66,1110,158,Techcore
100110,Company Explain,Clear major another sell purpose which word.,113.27,1111,42,Omnicom
100111,Enjoy Garden,Use recently option month hit win its case break might best wife power listen.,811.95,1112,71,Novacore
100112,Grow Full,Become senior movie third much upon prove fill power water Democrat.,688.45,1113,12,Zentsphere
100113,What Also,Message end politics well truth hear.,952.07,1114,73,Hypercom
100114,Relationship Adult,Boy bad room national yourself force ever imagine line own positive upon.,789.66,1115,269,Omnibyte
100115,Less Author,Real food quality improve wrong everything.,205.56,1116,240,Techgenix
100116,Necessary Today,Call audience again so be story nearly.,62.51,1117,461,Hypercom
100117,Hit Ok,Discuss me identify detail blue growth red.,711.62,1118,12,Hypercore
100118,Prepare Fall,Onto mouth million physical above style most be course.,307.73,1119,499,Syncore
100119,Young Likely,After better general either question himself development mouth a finish throughout tree.,223.82,1120,91,Omnironix
100120,Them You,Middle degree final real goal all apply almost detail.,323.1,1121,236,Veltrix
100121,During Rich,Any research another manager hope economic explain win soon main central training.,642.73,1122,438,Omnisphere
100122,Whole These,Necessary sister Democrat usually time end.,598.56,1123,249,Zentronix
100123,Action Group,Country physical can couple lay western project take operation.,617.94,1124,211,Velcom
100124,Common Side,Level western pass anyone evidence approach employee join maybe little rock beautiful expect.,359.77,1125,424,Synlux
100125,By Meeting,Nothing window hot yard serve home yeah treatment dark cover condition.,723.92,1126,102,Novalux
100126,Relate Eight,More her note kitchen action shoulder.,196.49,1127,328,Zenttrix
100127,Pull Voice,Field yet gun money high play good board old city walk line tree.,544.62,1128,314,Hypermark
100128,Fact Friend,Recent simply down understand product around.,959.98,1129,161,Velgenix
100129,Budget Sing,Prevent ahead success sound star usually ok indeed.,435.41,1130,372,Velgenix
100130,Of Inside,Idea relate quite many modern how more board hot career lawyer back.,98.57,1131,311,Techora
100131,Compare Institution,Education success impact suffer hotel third measure game nothing.,425.74,1132,378,Nexcore
100132,Trial Where,Physical cultural tonight adult seven garden carry this shake.,214.39,1133,343,Luxsphere
100133,Some Type,Stuff its job impact develop season.,805.95,1134,14,Ecosphere
100134,Involve Another,Available address country in practice first laugh.,552.91,1135,471,Syncom
100135,Society Training,Commercial side gas window resource career full peace a song.,617.48,1136,159,Synronix
100136,Heavy Ten,Notice wife game win guess name.,10.37,1137,273,Hyperora
100137,Behavior Tell,Government least investment gun fast condition.,989.51,1138,58,Ecoora
100138,Risk Minute,Reason a describe about about customer people cause left American.,462.94,1139,466,Omnicom
100139,Agent Foot,Back development discussion investment identify floor foreign report scientist two.,982.37,1140,209,Techlux
100140,Blue Nature,Unit himself report far research animal arm politics arrive sell short upon.,195.21,1141,245,Luxora
100141,Growth Industry,Increase require purpose but network common you by prove five happen.,500.75,1142,50,Omnimark
100142,Republican Thing,Floor rest nature hard allow medical adult nor relate break position.,991.47,1143,200,Velcore
100143,Condition Hand,Concern wide skill hospital receive possible few look forward begin compare significant store.,482.46,1144,395,Nexbyte
100144,Country Friend,Require talk doctor fund low detail decide pattern woman generation interesting human.,527.29,1145,117,Luxlux
100145,Continue According,Record know forget work suffer between any.,299.84,1146,38,Synlux
100146,Security True,Side upon result top maintain myself remain without.,673.68,1147,179,Zentmark
100147,Figure Kind,Strong exist parent opportunity rather support.,166.98,1148,356,Hypercom
100148,Today Memory,Why kind join audience nearly information produce could that.,929.24,1149,231,Synsphere
100149,Travel Walk,Away table under part buy dark film on describe lot agent feeling.,123.27,1150,332,Velgenix
100150,Indicate Opportunity,Before artist young into rate national determine note center power.,586.48,1151,279,Velbyte
100151,Outside Including,Policy page idea institution customer record most traditional.,828.94,1152,39,Techcom
100152,Something College,Standard body describe painting within group.,276.83,1153,369,Zenttrix
100153,Style Professor,Interest black car situation carry sister.,714.28,1154,297,Velora
100154,Show Smile,Animal certainly light born professional understand feel dog choose money activity together.,627.06,1155,323,Ecoora
100155,Person Policy,Scientist score hundred realize see PM the wall.,487.66,1156,188,Omnicore
100156,Some Necessary,Opportunity less wonder health economic make hair grow contain.,169.06,1157,272,Omnimark
100157,Happen Million,Kind win smile sure mean yeah onto year player.,618.53,1158,345,Luxcom
100158,Human Natural,Material respond group analysis price seat necessary modern woman.,17.93,1159,85,Zentbyte
100159,Let Explain,Also wonder born focus indicate today.,278.16,1160,157,Omnigenix
100160,Right Today,Present him out election past herself give somebody glass think man their.,157.19,1161,476,Novaora
100161,Dog Draw,Morning around once cost range itself our pressure building subject.,711.52,1162,304,Nexcom
100162,May Thus,Address president later in nice girl air reach article.,512.51,1163,144,Hyperlux
100163,Somebody Deep,Note degree man student water base.,810.7,1164,111,Omnicom
100164,Option Recently,Sign wait pick truth group time memory.,18.21,1165,140,Omnicom
100165,Source Subject,Open couple participant pick beyond age difficult.,941.32,1166,255,Luxbyte
100166,Drug Close,Know require call outside center learn clearly week alone up recognize sense.,21.32,1167,171,Zentcom
100167,Still Already,Role thing source old tough product pick size him cold.,743.94,1168,89,Nexronix
100168,White Himself,Federal girl rise sort chair real cup serve.,31.91,1169,428,Syncore
100169,Successful Class,Cut effort able ball small throw fine nor.,164.88,1170,301,Hyperbyte
100170,Respond Everybody,Produce goal interesting through attack with.,537.82,1171,58,Velsphere
100171,Feel Tv,Wonder off anything far hotel speak ahead believe piece issue bad road film.,199.67,1172,119,Luxbyte
100172,Community Building,Public peace money at sense thing.,80.22,1173,360,Hypertrix
100173,Design Source,Check former speak cost prove middle.,957.75,1174,225,Hypersphere
100174,Name Including,No let despite dog class campaign especially mother let.,91.99,1175,481,Hypercore
100175,Economic Unit,Fall bring else once spend under wife suggest necessary no sea group.,142.66,1176,295,Ecoora
100176,Strong Skill,Pretty need other yard second Mrs sit majority material participant.,850.88,1177,358,Omnironix
100177,Financial Yes,Everything worry bed smile card performance.,997.03,1178,250,Luxora
100178,Above Reveal,Letter rather director record perhaps soldier shake special herself trade.,109.36,1179,69,Novagenix
100179,Join Century,Soldier point perform film adult fight century wind.,290.27,1180,402,Ecoronix
100180,Glass Natural,Meet tough visit understand firm dark western point marriage ground.,244.99,1181,433,Novagenix
100181,Guy Tv,Hundred box relationship wide fine moment road base pattern spring.,867.89,1182,409,Syngenix
100182,Suggest Project,Study station population father standard size live meeting from.,484.99,1183,98,Luxronix
100183,Herself School,Catch sister third wait heavy thing agreement one car whose risk.,380.55,1184,468,Synlux
100184,Professor Century,Huge laugh Republican chair beat attack peace fast hand situation.,333.67,1185,154,Hypergenix
100185,Save Even,Maybe partner yes quickly eye owner age senior ground performance quite.,331.28,1186,206,Synlux
100186,History Near,Seek peace build evening policy land over art here anything.,428.24,1187,108,Omnibyte
100187,Without Avoid,Throw every cost hair rate way book.,353.22,1188,331,Nexcom
100188,Debate Region,Would cover ground you world south economy relationship to describe.,822.46,1189,193,Zentcom
100189,Main President,Until specific political push meet television challenge Democrat.,408.6,1190,183,Hypergenix
100190,West End,Shoulder scientist today explain four win project film or bag.,609.37,1191,481,Techcore
100191,Six Data,Fight any task compare feel poor significant eat.,747.18,1192,405,Zentbyte
100192,Into About,Issue fire magazine society unit vote still physical.,176.33,1193,179,Novagenix
100193,Rest Go,Movement fire personal once wall single.,961.3,1194,57,Novacom
100194,Get Truth,Really few even magazine while fish rich sport accept.,903.91,1195,486,Hyperronix
100195,Head Free,Claim traditional red although street recent continue address.,320.79,1196,447,Zentcore
100196,Represent Concern,Big policy president condition easy play certainly story tonight group soon actually outside.,728.67,1197,401,Techgenix
100197,Box Analysis,Player tough professional into sense mean determine laugh including.,435.81,1198,130,Ecosphere
100198,Like Land,Watch fight class project enough drop.,450.68,1199,141,Hypertrix
100199,Face Certainly,Include respond voice record but participant girl when economic.,401.83,1200,2,Luxcom
100200,Bag Specific,Protect despite walk hour school miss wife.,126.65,1201,111,Syncom
100201,Yourself Fine,Hope pick kid move fly me everybody president short former since young yes charge.,914.34,1202,492,Synbyte
100202,Firm Kid,Box across side three Republican our agent above true.,107.46,1203,119,Zentcore
100203,Board Goal,Own response dinner expert eye share great treatment enter.,294.08,1204,443,Omnibyte
100204,Analysis Lose,Visit science hospital light kind by someone real short agency right.,315.66,1205,27,Synlux
100205,Travel First,New also stuff with result weight reduce.,106.53,1206,426,Techcore
100206,Hair Especially,Whose beyond pattern stuff fine my show part body.,308.77,1207,115,Hyperlux
100207,Mission Near,Decade little outside father arm Democrat management.,32.87,1208,375,Nextrix
100208,Media Affect,Realize message decision employee want together plant seven rise turn.,59.37,1209,7,Techgenix
100209,Way Network,Care itself oil particularly wait have however usually.,57.29,1210,64,Hyperbyte
100210,Soldier Remain,Reflect argue less economy huge success peace hospital.,678.71,1211,23,Hyperbyte
100211,Listen Nation,Certainly former husband woman only production tough over cause back represent sell.,276.57,1212,389,Hypersphere
100212,Area Western,Nearly skill support song fly represent threat model western feeling win.,882.61,1213,206,Hypermark
100213,Site Staff,Until decide rule us loss and.,284.05,1214,282,Ecogenix
100214,Top List,Visit general approach take our and bag part provide begin.,401.77,1215,304,Luxcom
100215,Foot Glass,Whose quite kitchen really attention move threat me bank owner some able.,196.71,1216,224,Novalux
100216,Myself Position,Wall commercial thought space mean reach cold cultural fund bill not.,283.65,1217,298,Techcom
100217,War Their,Accept another short certain participant region kitchen team including that some which century.,433.7,1218,57,Zentcore
100218,Pay Still,His we fill stuff method somebody seem actually boy light recent fall.,342.9,1219,39,Hypercom
100219,Glass Such,Short former time have career power TV important.,894.68,1220,368,Nexsphere
100220,Election Something,Set for huge save easy beyond per.,774.56,1221,476,Hypercom
100221,Music Find,Class Republican reach leg sing light book less sell.,96.51,1222,288,Techgenix
100222,Share Whether,Pattern movie discuss leave bring executive moment former.,410.86,1223,146,Syngenix
100223,Grow Enjoy,Describe pretty they eye all stock three.,208.1,1224,487,Ecosphere
100224,Our Certainly,Item store dark attention want choice anything economic air body.,286.02,1225,350,Veltrix
100225,Avoid Cut,Rest table several system stock notice face truth campaign population five.,728.16,1226,367,Nexcore
100226,Area Produce,Short behind short music huge sometimes best newspaper your sound control.,39.56,1227,268,Zentsphere
100227,Care Call,Two the face on fill night increase.,773.18,1228,186,Novaora
100228,Heavy Fire,Of society give game star attack risk item face inside day.,614.83,1229,63,Ecoronix
100229,Kitchen Coach,Join mission relate treatment center have much people resource certainly understand itself goal.,395.34,1230,335,Ecocom
100230,Until Market,Politics sound fill thousand able be reflect behavior learn catch operation everybody admit.,926.63,1231,351,Nexmark
100231,Actually Mouth,Build lay enough far cold such.,364.79,1232,394,Velmark
100232,Realize Edge,Land mind full off the operation finally system woman great.,16.17,1233,45,Omniora
100233,Raise Address,Able realize worker actually avoid western time some.,119.08,1234,354,Syntrix
100234,Weight Black,Push task series sometimes myself even.,411.06,1235,166,Luxbyte
100235,Dream Group,Including question art among industry save school road work how listen another great.,776.09,1236,380,Novaronix
100236,Red Station,Unit size how particularly think idea stock about.,715.05,1237,365,Omnisphere
100237,School Congress,Certain reach here central list tough room.,315.78,1238,275,Synmark
100238,Oil Happy,Put join mean mother safe wife.,510.89,1239,357,Techbyte
100239,Hear Commercial,Tell training challenge business consider admit.,193.62,1240,165,Velmark
100240,Ago Actually,Left see above money three here leg blue develop worker investment goal.,676.78,1241,193,Novacore
100241,Instead Crime,Onto institution machine most book both shoulder media care dinner capital mind.,281.89,1242,115,Nexmark
100242,College Quality,Lose quite score choose seem strategy.,168.97,1243,7,Zenttrix
100243,Before Speak,Cell maintain professional fear power organization voice talk approach bank phone those two.,22,1244,51,Synsphere
100244,Prepare They,Heavy test laugh industry trade Mrs bit decide during set usually near final.,680.23,1245,470,Ecogenix
100245,Half Law,Able week wear have the conference recognize weight specific bring point some run.,189.06,1246,188,Velmark
100246,Scientist Beyond,Sell street think why do I officer exactly budget.,812.85,1247,94,Hyperlux
100247,Same Camera,Reflect financial paper case us blue account trouble put leg hard.,307.8,1248,2,Techcore
100248,Late Professor,Mean pass goal base including add red media light movie member where wonder.,18.15,1249,139,Syncom
100249,Third Smile,Head hit carry third condition cold.,488.06,1250,456,Techsphere
100250,Author Spring,Actually audience activity far win less.,325.54,1251,440,Ecomark
100251,Case Nearly,Field movie improve green four the several themselves.,155.98,1252,435,Hyperora
100252,Him Of,Training focus begin during listen evidence four song television buy according.,117.9,1253,433,Synbyte
100253,The Nice,Term of notice wife push decide create production true actually sign.,604.81,1254,173,Hyperronix
100254,Box Seem,Field decision street appear network perform learn teacher single.,428.59,1255,492,Syncore
100255,Sure Seat,Raise good debate television it talk upon they share Democrat main cause partner.,90.84,1256,464,Velronix
100256,Fly Between,Act road floor outside key down.,902.41,1257,96,Novaora
100257,Send Yet,Whole book people race whether individual oil provide speech environmental.,121.13,1258,193,Ecocom
100258,Her Hold,Across skill interview character site collection west model discover catch.,209.09,1259,156,Hyperronix
100259,Cold Benefit,Their range part pattern represent mean radio us health both material shoulder.,61.18,1260,431,Zentora
100260,Site Cause,Learn sea prevent idea nor modern friend hundred hit.,526.98,1261,468,Nexcom
100261,Boy Chance,Ground baby game number foreign strategy common.,844.49,1262,333,Nexora
100262,Blood Somebody,Agent like very employee face turn development good.,486.81,1263,80,Zentlux
100263,Rest Why,Mr out present anyone it capital still summer benefit.,629.29,1264,186,Nexcom
100264,Once Face,Get born think measure call mind cup dark parent mission billion.,863.83,1265,372,Nexgenix
100265,Happy House,National thus light son responsibility feeling vote attorney.,978.35,1266,2,Novamark
100266,Base Discuss,Step last effect environmental very toward early simply approach success various.,410.87,1267,238,Ecogenix
100267,Report Report,Say degree explain learn wall state community shake make part not.,590.04,1268,34,Hyperronix
100268,Call Pretty,Miss poor significant doctor hear describe former value language seek nor.,126.62,1269,346,Ecoronix
100269,Bad Phone,Again perhaps hair run full exist my.,735.74,1270,390,Techtrix
100270,Hour Indicate,Theory training building upon laugh close sit outside energy thank foot staff.,69.62,1271,201,Techsphere
100271,Number Rise,Language ten join science ten his play your sea need family.,462.22,1272,160,Nexbyte
100272,Apply Final,Nearly probably company fly become myself probably detail lead final option item travel improve.,261.72,1273,56,Techbyte
100273,End Animal,Deal training old though recent reduce according.,349.87,1274,71,Zentronix
100274,Out Man,Send hit collection possible food guess happy.,297.63,1275,341,Ecocom
100275,However Class,Region it worry ten sound how assume today wonder lot fund.,614.69,1276,485,Luxlux
100276,Believe No,Use mouth certainly field friend visit discover protect dinner or collection big fact.,432.95,1277,83,Velcom
100277,Fact Use,Miss their write fight even paper subject.,920.32,1278,423,Techsphere
100278,Determine Rock,Quickly great know grow fire member six everybody stuff chair.,378.14,1279,217,Hyperlux
100279,Could Carry,Threat look affect certain listen campaign how alone discuss sport.,384.1,1280,226,Zentsphere
100280,Successful Loss,Each space home impact wait far best west measure risk he.,777.03,1281,319,Techgenix
100281,Student Nation,Air know myself single author when maybe ten.,345.64,1282,250,Zentora
100282,Wait Follow,Hold industry police individual positive much.,562.85,1283,272,Zentsphere
100283,Power Today,Certain their explain run manager like skin fall.,626.21,1284,408,Techlux
100284,Itself Turn,We suffer assume usually job argue game read wide impact young those.,319.46,1285,51,Omnigenix
100285,Ask Age,Husband operation to perform traditional worry toward deal often break beautiful.,294.41,1286,238,Novaronix
100286,Herself Off,Moment head find month hour toward career plant finish yard keep.,442.39,1287,208,Nextrix
100287,Policy Must,By least wear southern attorney lawyer author place will south environmental ahead particularly.,560.56,1288,293,Omnilux
100288,During Eat,Door left evidence form especially training citizen stop standard personal good animal.,293.3,1289,253,Luxora
100289,Foot Major,Manage off try approach good economy college resource visit.,349.72,1290,253,Velsphere
100290,Travel Discussion,Item account again should by other character face how home network opportunity writer.,311.84,1291,467,Novabyte
100291,Product Phone,These behavior skin song scene director college population factor long service agreement.,27.4,1292,245,Luxsphere
100292,Space It,Old participant hold speak seek drop number year operation least.,620.8,1293,90,Velbyte
100293,Every Sister,About pressure guy trouble go blue.,633.84,1294,243,Velcore
100294,Travel Figure,Yes pressure rock minute reflect we song everybody.,108.87,1295,114,Ecocom
100295,Result Land,Author wide reflect direction language really large result industry south article teach.,21.2,1296,354,Ecosphere
100296,Treat Around,Evidence example program determine oil cup rock TV step class box mission floor.,310.75,1297,356,Synbyte
100297,Walk Just,Break here blue today example health central discover during.,643.42,1298,402,Zentcore
100298,Wish Their,Pressure study sing growth official everyone involve defense do.,437.42,1299,72,Ecocom
100299,Kid Probably,Single west peace choice party friend wonder according door accept kitchen.,363.77,1300,174,Synora
100300,Training Fire,Health rest game per guy member let.,722.54,1301,294,Vellux
100301,Total Someone,Air interest down activity for direction.,15.54,1302,252,Ecobyte
100302,Daughter Walk,Within example general gun despite number challenge.,647.88,1303,179,Omnironix
100303,Education Cup,Top various maybe read movie top positive book lay both feeling so.,323.13,1304,224,Luxcom
100304,Those With,Under movie me shake during understand bag entire on.,245.72,1305,28,Luxtrix
100305,Analysis Southern,Tell them eight job carry room face door especially.,41.23,1306,239,Luxsphere
100306,End Meet,Big wall together action who specific difficult travel Mrs.,900.16,1307,40,Ecoora
100307,Until Institution,Friend yard Mrs news where person send.,889,1308,80,Zentcom
100308,Fight Bad,Because along condition line something charge list see wear cause yard pressure growth.,352.72,1309,274,Techlux
100309,Then Ground,Remain heart common maybe down suggest.,263.19,1310,269,Synsphere
100310,For Among,Every there couple natural side evidence live present son involve want.,534.83,1311,35,Techtrix
100311,Various Though,Suggest week you himself scene discuss end consider.,182.69,1312,261,Synsphere
100312,Him Bar,Purpose father really child number letter.,326.28,1313,233,Hyperlux
100313,Reduce Never,Chair style such apply black crime dog hold alone throughout decision question myself.,220.75,1314,467,Hypersphere
100314,Size Deep,Mrs run scientist seek teach art available.,891.45,1315,221,Veltrix
100315,Above Simply,Focus relate member design what according generation air watch.,263.1,1316,142,Ecotrix
100316,President Responsibility,Decision true once large still affect write speech.,695.43,1317,235,Synsphere
100317,True Full,Story final analysis vote will ago term many appear station guy traditional air.,395.43,1318,29,Ecoora
100318,Never Trade,Everyone remain site over traditional outside power allow get until trouble standard.,321.36,1319,79,Nexlux
100319,Small Type,New set travel public maintain economy message control candidate space market week TV.,811.48,1320,76,Nexgenix
100320,Response Interview,Politics know upon leg figure whose various report church them mission.,958.05,1321,320,Zentlux
100321,From Born,Language similar almost evidence amount material thus oil last field item grow instead.,732.81,1322,128,Synmark
100322,Lead Of,Industry even low left deep occur number statement term nothing thus quickly management.,721.29,1323,364,Luxronix
100323,Home Example,Get current box under every class explain else machine impact.,638.28,1324,281,Omnilux
100324,So Forward,Air former attorney to power program these can whose discover commercial.,415.48,1325,107,Zentlux
100325,Machine Station,Argue small pull act upon both upon table happen past off.,90.11,1326,34,Nexronix
100326,Realize Commercial,Truth campaign tell response technology information quite friend care benefit any imagine capital.,100.83,1327,36,Nexgenix
100327,Discuss Keep,Body community card firm truth central shoulder various.,838.62,1328,1,Omnilux
100328,Record Kind,Ground value raise turn big artist a crime former young.,765.55,1329,363,Nextrix
100329,Believe Late,Exist look investment attack race project sound specific recently dark.,79.16,1330,388,Synbyte
100330,Either Development,Ask food stuff always agreement chair simple side other home.,382.36,1331,256,Syncore
100331,Thank Development,Break maintain institution manager we land peace too how.,933.49,1332,176,Syngenix
100332,Mrs Camera,Court city bill guy office read clear land effort order must.,987.14,1333,43,Zentbyte
100333,Former Employee,Lose garden million begin seat dog nothing result fear Democrat past approach fire.,298.09,1334,403,Hyperronix
100334,Myself Suffer,Grow might affect play anything TV relate wide customer continue pattern let.,391,1335,179,Novaora
100335,Short Brother,Modern despite lose product win computer more Mr detail take within report.,751.56,1336,333,Zentlux
100336,Simply Expert,Summer employee seem develop raise name by idea leader beyond get whole now.,169.42,1337,290,Synora
100337,Situation Federal,Some now half key computer money black customer win owner.,261.07,1338,242,Veltrix
100338,Until Third,Need treat generation world student rich property way top several friend.,70.2,1339,25,Velmark
100339,Factor Dinner,Cover girl common however size field run conference arm.,134.47,1340,251,Zenttrix
100340,Nearly Next,Usually understand remember cup million behind expert let away number nature.,276.87,1341,301,Nextrix
100341,American Manager,Identify everything upon later rate half establish record hold behavior.,432.91,1342,349,Omnicore
100342,Time Family,Church truth piece likely tonight resource.,154.96,1343,356,Omnibyte
100343,Field Reason,Hair responsibility small on idea try per sell help well.,245.72,1344,35,Omniora
100344,Lay Than,Clear war ask recent series see most mention TV peace.,24.44,1345,300,Omnicore
100345,Attention Up,Relate expert forget government short speak soon person onto table degree everybody senior.,972.36,1346,322,Synlux
100346,There Yeah,If second throughout population resource less can step choice recently.,267.12,1347,49,Velronix
100347,Catch Until,Smile people citizen agency treatment happen.,292.52,1348,318,Ecogenix
100348,West Generation,Seven among she on drug music.,61.58,1349,39,Novacom
100349,Bag Increase,Significant you he authority mean process car.,570.32,1350,246,Zentcom
100350,Available Movement,Another TV up daughter whether former remain mean theory prepare rest.,83.45,1351,234,Techora
100351,Sit Follow,Enough nature owner time ten point owner me memory once drop.,461.09,1352,167,Techlux
100352,Meet Many,Attack community admit until dream try sometimes project kitchen section.,123.31,1353,202,Luxcore
100353,Between Month,Night quality rich prepare court chance people full week theory indeed quality market.,136.73,1354,320,Luxbyte
100354,Happy Kind,House not feeling size south plan first another unit very cover.,637.45,1355,55,Velbyte
100355,Trip Woman,Receive add interview than impact very here tell here.,504.84,1356,345,Luxlux
100356,Series Level,Nearly morning activity mission message show investment sea nice door might talk.,329.24,1357,493,Ecobyte
100357,Health Couple,Mention us sign door nothing get knowledge rest seat high risk provide thus.,450.45,1358,66,Omnitrix
100358,Yard Growth,Fight across some audience black will and sense.,383.81,1359,256,Zentcore
100359,Discussion Oil,Today mean building realize recognize other road national language market subject decide.,712.17,1360,119,Luxcom
100360,Tonight Treat,Yourself hit rise soldier PM marriage sign report surface oil evening cup.,364.81,1361,413,Hypermark
100361,Nearly Nearly,Will book audience modern series rule million will.,129.82,1362,189,Nexcore
100362,Save Upon,Discover idea they popular customer relationship turn all.,652.67,1363,256,Zentgenix
100363,Third Director,Particular try word national century claim during together.,709.28,1364,198,Luxsphere
100364,Support Camera,Big here source just song study across pretty role factor relate likely movement.,63.74,1365,69,Zentora
100365,True Recently,Candidate avoid example eye travel evening suggest activity.,651.93,1366,77,Luxcore
100366,Offer Magazine,Until movement interest firm police senior.,389.75,1367,476,Techtrix
100367,Budget Instead,Moment black second compare develop Democrat issue police.,920.77,1368,498,Syngenix
100368,Practice Eat,Word growth quickly defense share continue for fight wind live read.,382.98,1369,12,Omnironix
100369,Themselves Understand,Send to line campaign mention begin know forward water.,882.1,1370,259,Syngenix
100370,Between Mean,Place time know throughout impact national.,619.46,1371,28,Syngenix
100371,Choice Drive,Partner level whatever appear economy strong.,814.01,1372,376,Veltrix
100372,Successful Most,Smile something debate space shake section business national fire.,199.12,1373,13,Zentsphere
100373,Participant Arm,Treatment play almost son any speech will reduce.,477.82,1374,164,Nexcom
100374,Call Wife,Lot must word market upon view.,267.24,1375,199,Nexlux
100375,Entire Personal,Young hotel trip reveal visit travel major bad.,135.76,1376,191,Luxcore
100376,By Loss,Wide possible finish everything even expert sort game modern young learn animal material.,592.13,1377,224,Omnibyte
100377,Role Citizen,Sign good respond must here forget natural administration make player.,693.95,1378,312,Ecobyte
100378,Cell Them,Crime body truth same important although energy town name fall his their.,625.41,1379,154,Hypercom
100379,Television Then,Along father develop much several until six.,448.29,1380,25,Zentronix
100380,Successful Movement,Table road kid experience exist more bank project identify visit seven range green.,486.61,1381,138,Syncore
100381,Along Need,Beyond adult word other live scientist and attack successful main.,500.72,1382,442,Novaora
100382,On Old,Of even conference send but tend nation through safe perform ok.,720.64,1383,68,Techcom
100383,Son Lay,Area must month after senior property table quite sense.,425.61,1384,422,Luxronix
100384,Life Difference,Say law movement agree tough ever evening everybody doctor.,327.7,1385,240,Techsphere
100385,Must Arrive,Data all for investment drop left receive significant water drop similar.,187.06,1386,295,Synronix
100386,Conference Particularly,Seek sometimes day help fall teacher short body cause through along specific and.,213.53,1387,246,Novasphere
100387,Animal Be,Reality project condition American within bank pass.,977.2,1388,399,Zentmark
100388,Truth Writer,Teach fill help war simply school today live defense three.,338.01,1389,265,Hypersphere
100389,Minute Week,Spend agree example wonder explain go movement medical body admit decision which service.,112.53,1390,403,Velcore
100390,Strategy Ok,World anything war dark practice charge environment surface development adult agent.,252.11,1391,410,Zentbyte
100391,Artist Audience,Reflect serious four reduce cut son mother report.,72.69,1392,497,Luxtrix
100392,Modern Will,I leave everyone race loss get college once.,292.33,1393,257,Zentcom
100393,Over If,Career identify and on should morning dark half value current officer.,498.74,1394,343,Omnimark
100394,See Region,Wait house any cause agree air student public air push.,508.46,1395,368,Nexcom
100395,Dark Hospital,Which billion really else position piece who sort fast face too or.,41.6,1396,146,Synlux
100396,Run Deal,Maintain on present particularly hospital care together reveal able beautiful.,25.36,1397,52,Veltrix
100397,Word We,Close support pick role exist half.,62.32,1398,350,Luxcore
100398,Medical Represent,In none home when event political.,81.06,1399,203,Synmark
100399,Participant From,Scene candidate simple similar just read school part project.,312.28,1400,85,Ecoora
100400,Player White,Since three recognize service speech put might compare year camera picture.,682.45,1401,263,Ecocore
100401,Drive Soldier,Boy Mr want lay we town hair during heavy actually environmental series significant.,635.99,1402,420,Zentora
100402,Audience Forget,Get themselves now experience glass body range.,403.01,1403,412,Techlux
100403,Will Could,Radio safe clearly expert maybe arrive structure debate society state.,300.17,1404,205,Syntrix
100404,Long Fine,When music exist figure himself director baby time look begin might visit.,401.14,1405,132,Synronix
100405,Central Write,Event similar rule seat town guy address hospital brother case girl.,845.92,1406,18,Synronix
100406,Contain Would,Former hold nature man scientist half discussion when another live.,672.37,1407,311,Vellux
100407,Range Toward,Tree great seat sound hour sound reality political baby toward once.,194.06,1408,41,Ecogenix
100408,Meet Beyond,Support crime probably building require cold administration network different.,536.03,1409,447,Luxlux
100409,Hand Take,Wall defense war indeed hold certainly benefit upon.,121.42,1410,247,Zentcore
100410,Six Nor,Property wind power son field us life indicate boy understand.,715.33,1411,351,Nexbyte
100411,Power Camera,Success free couple suddenly worry condition minute paper.,739.38,1412,359,Techbyte
100412,Hundred Moment,Crime first fish direction opportunity teach instead.,732.7,1413,173,Velbyte
100413,Medical Sometimes,Beyond guy important indicate customer stuff sing adult fear staff fire attorney.,891.57,1414,291,Techcore
100414,Prevent Cold,Site budget interview produce political director on store happy every prevent beautiful remain.,959.54,1415,246,Synmark
100415,Two Although,Once especially administration leg media candidate friend fear Mrs second now fund kitchen.,127.98,1416,352,Syncom
100416,Dog Mother,Already out defense represent plan drive letter open.,702.52,1417,410,Omniora
100417,Its See,Lot carry show suffer another rate lawyer bed.,149.98,1418,340,Techbyte
100418,Face Mean,Here ago bring ball skin arm later.,402.41,1419,281,Luxtrix
100419,Lead Establish,Such answer win manager tree owner here analysis.,127.59,1420,216,Ecocore
100420,Big Others,See through protect develop same author young high fund stock.,755.39,1421,378,Zentora
100421,Recent Sure,You share strong various into put practice old loss hot total nor it.,86.12,1422,499,Synmark
100422,Consumer Get,Real test senior responsibility issue into beat interest performance successful event green audience.,570.71,1423,50,Novagenix
100423,Amount Make,Field well wish environmental room song.,217.99,1424,161,Veltrix
100424,School Operation,Agree unit threat maybe year off.,779.09,1425,181,Omniora
100425,Draw Shoulder,Put sound have mouth in media answer poor too hold option smile.,283.43,1426,159,Velora
100426,Treatment Remember,Security although season rise look him never TV during letter seek.,738.19,1427,82,Nexsphere
100427,Former Half,Often your more finish million matter land morning particularly.,781.66,1428,290,Novacom
100428,Lot Pick,Wife involve newspaper work quality factor on seem treat building industry.,985.66,1429,56,Hypermark
100429,Treat Voice,Between special word treatment add inside agency physical end hair management.,414.93,1430,135,Synronix
100430,Challenge Quality,Thank Republican finally choose say turn skin.,643.5,1431,249,Zentgenix
100431,Perform Office,Of focus real action indeed hand pull bar national short.,571.68,1432,434,Ecoronix
100432,Put Put,Including until dream mention hour music speak crime this Democrat.,821.53,1433,366,Zentbyte
100433,Power Rule,Room set either edge feeling protect west remember his figure I.,138.14,1434,90,Synora
100434,Brother Message,Exist full right vote art still better anything.,889.12,1435,364,Ecosphere
100435,Mission Drive,Care into water attorney almost continue produce report foot school like mouth environmental.,489.68,1436,437,Nexgenix
100436,Rule Reach,Film vote relationship pressure her much can pay wait product event.,384.32,1437,328,Omnicom
100437,Decision Market,Maybe toward town western read sea walk shoulder job seem us.,371.38,1438,24,Novalux
100438,Coach Rock,Sing father detail before behind continue history company cut man.,740.56,1439,75,Luxsphere
100439,Wish Billion,Attorney camera behind environment school away cause loss.,543.23,1440,107,Vellux
100440,Until Bank,Site former national commercial yes able occur travel cultural.,387.02,1441,12,Ecosphere
100441,Base Hospital,East society political deep him country organization.,310.76,1442,196,Ecosphere
100442,Can Candidate,Possible society staff wonder day head good.,78.07,1443,388,Syncore
100443,Sort Participant,Office understand stay evening affect action clear girl time water sure current begin.,138.11,1444,302,Hyperronix
100444,Drop Bring,Money cold consider them firm east past opportunity much customer campaign.,44.4,1445,427,Omnibyte
100445,Chair True,Owner ask reality agency material might sister available consider age administration Democrat name.,499.37,1446,130,Synronix
100446,Fine Site,Him agent tend nation property quickly group the five.,446.51,1447,279,Nexcore
100447,Short Challenge,Federal mother lot hair as opportunity become phone law laugh section plant real need.,972.74,1448,240,Techbyte
100448,Far Town,Street shake teacher way hear goal sport.,424.9,1449,40,Omnibyte
100449,Someone Sea,Medical that morning stop yeah inside party in different great appear red board.,253.07,1450,47,Techcore
100450,Instead Represent,Bill box enough number mention dinner growth customer.,885.43,1451,299,Syncore
100451,He Teach,Event meeting each compare where consider tough city stuff traditional think young crime.,834.38,1452,345,Novamark
100452,Sort Base,Opportunity budget possible worker difference real at new person.,308.25,1453,299,Zentora
100453,That Attorney,Whom relationship rich image blue painting traditional occur store hand whom street difficult.,257.43,1454,52,Nexora
100454,Garden Action,Open other child view late try.,276.28,1455,319,Hypermark
100455,Whole Idea,Technology major piece information example send sense with science forward and model style.,36.74,1456,478,Velmark
100456,A Federal,Force style read tend fact others ago.,124.29,1457,187,Ecogenix
100457,Season Teach,Local morning no military carry visit person line benefit TV.,622.21,1458,194,Synsphere
100458,Woman Outside,While heart almost college whole network dinner public mind decide similar.,986.14,1459,144,Omniora
100459,Strategy Modern,Sea task sister benefit consumer account each enter rock.,547.29,1460,62,Nexgenix
100460,Fact Clear,There organization popular heart goal including all still any effect.,950.86,1461,424,Nexgenix
100461,Might Current,Watch adult quickly should least movement individual.,799.11,1462,209,Zentlux
100462,Song Wonder,Parent wear officer society home dinner section.,721.93,1463,12,Nexsphere
100463,Drug Support,Page area threat race fund story no four.,208.14,1464,253,Synmark
100464,Similar System,Sense prevent mouth ground guy probably protect test.,103.86,1465,301,Zentora
100465,Water Type,Upon same same foot phone fall management also even out important spend item.,666.96,1466,109,Ecolux
100466,Into Me,Arm help maybe room education say on change.,639.11,1467,386,Novaronix
100467,How Fear,Result majority serious too enough agree real agency last.,726.61,1468,5,Luxtrix
100468,Drug Benefit,You series own question often firm couple building call speak increase inside.,241.74,1469,441,Techtrix
100469,Voice Republican,Performance risk quickly how plant current line language figure else investment.,188.42,1470,221,Nexbyte
100470,Turn Two,Officer phone benefit plan us appear ready night give fly four.,741.92,1471,316,Novacore
100471,Once Goal,Citizen make speak hour talk Mrs represent history.,520.04,1472,183,Ecolux
100472,While One,Behavior everybody arrive rock official event fly laugh others.,42.09,1473,43,Hyperlux
100473,Candidate Others,Different over recently price gun recent.,638.05,1474,315,Zentcore
100474,Much Trial,Difference appear happy sometimes pattern president down.,608.73,1475,7,Techora
100475,Wish Hand,Admit score activity to would by.,854.2,1476,406,Zentgenix
100476,Every Author,Particularly lose so protect he beautiful represent.,831.8,1477,40,Veltrix
100477,Pattern Image,Two onto pull mission inside particularly I.,709.82,1478,143,Velbyte
100478,Music Name,Lose play TV eight west political that tonight brother.,773.35,1479,71,Nexlux
100479,Front Seek,Sometimes food tend traditional Republican course professor build ask.,612.37,1480,290,Luxgenix
100480,Prove Administration,Interesting color minute break performance thought.,928.02,1481,193,Techtrix
100481,To Explain,Too camera huge follow talk message professor Mrs.,244.86,1482,114,Velgenix
100482,These Could,Ground teacher knowledge fire cell rule.,352.09,1483,250,Luxcore
100483,Increase Expert,Wear likely pretty personal among standard executive audience nor.,298.51,1484,378,Techronix
100484,Organization Stay,Tough cut until guy son authority bank song tell happy wide plant.,791.28,1485,142,Velcore
100485,Property Huge,National only painting meeting born agency from color claim Mrs.,497.22,1486,238,Ecoora
100486,Class Car,Remain benefit above lose direction rule meet respond I eat order individual recent.,560.73,1487,291,Novasphere
100487,Throw Quite,Ahead find agreement among total oil score compare theory experience movie long when.,622.84,1488,456,Velgenix
100488,Protect Any,Range movie try certain body suffer claim trial case.,156.43,1489,423,Ecolux
100489,Art Vote,Who thus push last out year building actually.,641.77,1490,338,Hyperbyte
100490,Church Test,Send hit partner around decision end now ball same to.,969.59,1491,495,Nexsphere
100491,Develop Question,Southern majority deal set interest buy too west treat themselves.,223.01,1492,328,Hyperbyte
100492,Prepare Know,Can than indicate themselves remember government yes call partner kitchen music six process.,358.49,1493,397,Omnironix
100493,Interesting Fall,Minute authority meet require media tough position teach nothing medical.,903.72,1494,474,Techbyte
100494,Well Size,Recognize leader explain represent long opportunity political.,857.6,1495,162,Ecotrix
100495,Pick Pattern,Baby reality audience kind who business example cell attack.,954.76,1496,96,Velsphere
100496,Product Family,Situation option open learn be family feel spring hard air citizen approach base.,335.25,1497,274,Vellux
100497,More Through,Guess late south either benefit another size relate in again.,72.53,1498,448,Luxcore
100498,Age Western,Doctor scene picture main senior change benefit medical time put sign.,469.66,1499,163,Hyperronix
100499,Color Hair,Yourself debate public customer away look according happy nation too.,638.82,1500,221,Zentronix
100500,At More,Source body doctor evening Republican former.,940.28,1501,181,Synora
100501,Mother Something,I option serve sign science bar.,62.48,1502,220,Nexcom
100502,Week She,Live almost star also message air finally black together.,398.47,1503,396,Zentsphere
100503,Have Wife,Become determine short father usually play many guy itself project.,958.66,1504,374,Synsphere
100504,Most Their,Collection reality dog cost stuff party teach forget sound hear.,843.87,1505,31,Omnitrix
100505,Rather Certainly,Trouble current away improve attorney air only.,927.05,1506,389,Novabyte
100506,Test Land,Push suddenly keep sit break area.,631.28,1507,345,Synlux
100507,Return Best,Hear write people decision hope second explain improve produce study key past major.,344.82,1508,108,Nexora
100508,Crime Tonight,Building claim situation policy class situation face.,190.27,1509,376,Nexora
100509,Behavior Mission,Church writer kind course issue series international read there across if.,967.97,1510,116,Novaora
100510,Property Various,Ever purpose real first film security lose newspaper decide type anything suffer finish.,701.28,1511,348,Novacore
100511,Main Or,Develop middle catch begin either only.,982.66,1512,451,Velronix
100512,Parent Ok,Soon information develop side management back be.,364.39,1513,354,Techgenix
100513,Before Effort,High at manage yes the dog picture hit.,169.64,1514,367,Luxronix
100514,Old Century,Onto loss box strategy address represent for price already Mrs everyone.,856.5,1515,421,Ecogenix
100515,Ok Behind,Treat report these modern arrive between forward good.,343.8,1516,440,Synlux
100516,Little Society,Deal agency there arrive hear main change.,163.67,1517,286,Zentbyte
100517,Evening About,Early year company share old protect accept simple fear produce walk various.,469.89,1518,173,Zentora
100518,Traditional Off,Image certainly paper none brother little great bank focus probably specific interview consumer.,640.22,1519,127,Zentsphere
100519,Car Not,Weight glass arm protect reality I section range.,172.39,1520,424,Nexmark
100520,Those More,Assume fact huge message space group.,640.94,1521,287,Zentora
100521,Ready Hear,Baby trip moment boy seek fight list.,213.59,1522,426,Nexgenix
100522,Defense Huge,Fly too public once apply feeling church business only agent around attorney television.,286.16,1523,295,Nexronix
100523,Ability Others,Develop drug draw rule build ball none soon little space training.,558.02,1524,169,Synmark
100524,Ask Wrong,Agency art story outside lay between popular half owner administration determine season.,544.73,1525,462,Luxtrix
100525,Owner Successful,Choose certain buy culture hard near.,292.37,1526,311,Nexora
100526,Kid Ago,Hair than spring century history whom for such floor seat so yet.,380.06,1527,480,Syncom
100527,Book Kid,Wife control ready interesting how participant purpose morning pull effort practice since.,38.46,1528,466,Zentcore
100528,Else Tax,Left rock debate ever your animal tend.,714.78,1529,415,Novacom
100529,Show Yourself,Term pretty hear perhaps apply check throughout bad per.,477.62,1530,387,Zentora
100530,Important World,Throw shake see particular life common would argue personal listen wait.,439.75,1531,351,Techcom
100531,Traditional Beautiful,Radio ever side hundred source early none across personal city bank.,142.89,1532,489,Velmark
100532,Mouth Western,Dog fish hold city leader benefit market pattern.,130.38,1533,285,Hypercore
100533,Reality Market,Still some culture western record get write fish wrong stay big.,770.7,1534,338,Synbyte
100534,Month Car,Board nor win hour less area here head national.,153.57,1535,414,Ecosphere
100535,Rule As,Also sing both during girl space line sit reason.,443.16,1536,144,Hyperora
100536,Wrong Soon,All begin professional employee major involve.,132.51,1537,169,Veltrix
100537,Seek Do,Toward church onto determine all southern today mention movement likely newspaper.,839.68,1538,412,Synmark
100538,Son Figure,There year listen health within free safe time.,87.51,1539,346,Nextrix
100539,Garden Value,Growth find then also take beyond read.,553.52,1540,249,Ecobyte
100540,Tax Threat,Claim go executive sort floor under sign cultural.,463.12,1541,301,Nexcom
100541,Stay Close,No response cold trade movie get.,375.69,1542,379,Novagenix
100542,Back Control,Effect modern last write administration beat check important enter lot machine.,338.52,1543,180,Syntrix
100543,Son Cost,Serve size left serve president great care rule various everything.,159.47,1544,241,Techcore
100544,Tax Point,Main provide indeed I establish business thus.,418.03,1545,180,Luxcom
100545,Drive Skill,Air country if heart dog rate fight consider middle fire buy.,227.2,1546,86,Ecosphere
100546,Painting Growth,Course final generation field help leg move administration send.,882.66,1547,454,Luxcore
100547,Any Knowledge,Mother for above charge that others agreement believe particularly.,553.65,1548,306,Synronix
100548,Specific Power,Collection herself daughter reason condition down far good see.,18.93,1549,437,Luxmark
100549,Think Bill,Line environmental rise just second which listen deal occur maintain page end.,456.32,1550,6,Zentcore
100550,Energy Reality,Enough hold course Democrat can city tonight road short identify country far have.,943.26,1551,263,Veltrix
100551,Wonder As,Tell character specific attorney thing phone market go.,530.61,1552,352,Techsphere
100552,Various Authority,Knowledge you order argue level visit.,318.89,1553,313,Novaronix
100553,Use Bad,Age available somebody down or evidence.,974.16,1554,436,Novacore
100554,Third Prepare,Audience family continue model even may book scene.,519.32,1555,259,Syncom
100555,Month Range,Staff ahead safe society son only money participant instead entire.,188.82,1556,91,Zentbyte
100556,Election Wrong,Wonder another record already financial town debate themselves news actually often among.,517.76,1557,308,Hyperlux
100557,Rock Pay,Quality state machine and during recognize pick.,802.72,1558,297,Ecomark
100558,Put Power,Close deal this fire pass policy approach guess break maybe.,80.33,1559,465,Novalux
100559,Investment Join,Positive protect main seven difficult though friend position.,390.88,1560,376,Synsphere
100560,Everybody Four,Try rock every maybe better cultural reach pay upon leader suffer.,19.01,1561,112,Zentsphere
100561,Run Sure,Look probably condition threat hear bag.,901.94,1562,455,Techgenix
100562,Human Difference,Sea result office drive actually great worker change day specific part too.,402.18,1563,425,Veltrix
100563,Base Though,Happen with all work as present certainly herself college.,188.94,1564,303,Luxtrix
100564,Drug Probably,Your share college population trip three may ok.,585.35,1565,239,Techcore
100565,So Knowledge,Visit reflect mean conference number themselves employee hand work relationship career.,18.6,1566,47,Novalux
100566,From Suddenly,Safe might administration society available staff response start career tell debate teacher.,222.86,1567,0,Velronix
100567,Happy Only,Open pay letter perform interest election allow movement part play along.,359.53,1568,171,Velcom
100568,Ground Range,Consider color environment likely nearly reduce style defense offer this particular send personal.,80.72,1569,489,Hypertrix
100569,Region Loss,Receive attorney building wonder technology live president.,49.25,1570,424,Hyperora
100570,Five Somebody,Congress parent alone eight others it outside strong partner meet area.,767.26,1571,217,Luxcom
100571,Window Marriage,Term room allow pretty third be nor week.,228.03,1572,65,Luxora
100572,Race Receive,Military month concern lay wide down walk hair five wall see.,803.65,1573,76,Synora
100573,Project Chair,Quickly source when society think baby per north agent education box.,190.78,1574,377,Nexmark
100574,East House,Main his leave remember science also Mr picture key.,542.48,1575,365,Ecoronix
100575,A Technology,Hospital wrong maintain three learn treat clearly street ago less.,488.27,1576,416,Hypermark
100576,Official Thought,Away question share according tonight thing deep through nothing.,358.12,1577,155,Synmark
100577,Pm Staff,Create decade card right analysis available air meet try put know space.,925.38,1578,401,Techgenix
100578,Throughout Sell,Number choice approach at face become forget thank manager really tough again.,717.82,1579,85,Veltrix
100579,View Condition,Animal hair return fast miss through agent treatment none month quickly.,130.18,1580,32,Ecosphere
100580,You Cost,Fly hit usually major someone camera still above might respond admit reach western.,813.29,1581,73,Omnironix
100581,Particular Onto,Oil difficult according TV push serve reach none six fund.,973.48,1582,228,Luxgenix
100582,Develop Walk,People establish sign involve girl food parent south crime.,607.24,1583,442,Hyperbyte
100583,Various Miss,Skill show election difference marriage talk.,960.56,1584,382,Zentlux
100584,Seven Public,Beautiful enough remain important economy assume race politics.,665.32,1585,253,Vellux
100585,Trip High,Look not international clear program station view opportunity region American federal.,135.83,1586,299,Nexcore
100586,Us Field,Store example because knowledge consumer beat enough whether glass across him change growth.,311.12,1587,177,Velmark
100587,Expert Season,City cell there listen quite list star western yet wall expect doctor.,319.11,1588,149,Synronix
100588,These Theory,Represent face represent guy manage both vote board total stuff especially.,169.16,1589,171,Synmark
100589,Author Them,Effort future successful drug board sing play sign pick similar resource.,601.18,1590,494,Synsphere
100590,Population Contain,Personal wind soldier decide seat million fact here discussion special.,788.98,1591,262,Techsphere
100591,Exactly Respond,Against drop provide painting TV development window.,526.83,1592,359,Omnibyte
100592,Arm Left,Forward successful small event begin service nation order race site.,294.59,1593,133,Velcore
100593,Left Ten,Determine agent international experience phone cost claim ground stop finally blood.,203.33,1594,128,Omnigenix
100594,Star Federal,But put civil never good appear black goal peace go record feel safe.,958.98,1595,4,Techcore
100595,Expert Finish,Process assume past stay green school.,230.34,1596,246,Techronix
100596,Exactly Third,Draw performance large wall agency officer trouble.,174.39,1597,134,Techmark
100597,Mention Effect,Finish tough there red government mean candidate note detail address beautiful son.,860,1598,36,Velronix
100598,Music Accept,Food certainly imagine either skin agency cause about stop.,602.86,1599,398,Velbyte
100599,Note Explain,Nature civil two effect start condition letter wear some.,121.54,1600,333,Veltrix
100600,Change Certain,Before cup product others red their heart sense mouth eight.,134.9,1601,171,Velcom
100601,After Training,Air law nation off just type front easy fine.,562.55,1602,36,Ecogenix
100602,A Discussion,Security past weight center measure leave significant affect mouth out person skin job.,577.14,1603,409,Hypertrix
100603,Player Group,National support number when major record paper body above book.,295.08,1604,349,Nexcom
100604,Improve Institution,Possible board including great until best sort today more.,422.38,1605,445,Nexronix
100605,As Green,Relationship go economic happen red evidence across control score anything expect great best.,843.24,1606,281,Velora
100606,Down Past,Support environmental job hand wife prepare.,441.12,1607,111,Nexlux
100607,Put Skin,Near sea break perhaps almost admit.,917.77,1608,411,Hyperbyte
100608,Option Pressure,Research customer expect job check yes two.,569.32,1609,125,Novacom
100609,Be Case,Door happen discussion also nearly chair simply rock nature land notice them million.,23.07,1610,232,Velmark
100610,Business Skill,Perhaps left probably benefit important child exactly.,575.5,1611,56,Luxtrix
100611,Even Without,Management year cause each civil treatment leader.,574.49,1612,160,Omnironix
100612,Nature Since,Hold also service there interview pull group executive whole lay.,966.18,1613,142,Nexcore
100613,Pull Approach,Teach well create mission itself fine together.,185.43,1614,483,Omnitrix
100614,Result Born,Wrong building position whatever else minute technology its.,574.92,1615,358,Velbyte
100615,Drug Easy,Control big art hope out bank staff along.,735.06,1616,472,Vellux
100616,Necessary Interview,Evidence board wrong team born create western.,487.66,1617,467,Zentbyte
100617,Past Station,Give one alone responsibility our test mouth.,623.9,1618,411,Luxsphere
100618,Model Resource,Option through why attention safe economic western answer low attention policy particularly north.,186.27,1619,19,Novacom
100619,Phone West,Audience start just likely without develop ability message official.,720.12,1620,288,Novasphere
100620,Audience Have,Couple two tough just strong personal nearly business pressure.,623.71,1621,205,Syncore
100621,Security Subject,Investment teacher fly its yeah test million magazine know beautiful ability.,514.86,1622,201,Novaronix
100622,Material Environment,Herself nice prevent bag put marriage decide.,42.17,1623,488,Syngenix
100623,Republican Article,Thus concern garden tonight believe far report alone.,790.85,1624,34,Luxora
100624,Recognize Church,Pm run card cover present which say require here own adult teacher rule.,866.15,1625,399,Nexcore
100625,Different Recognize,Most ten small kitchen great treat market vote whom.,110.44,1626,453,Omniora
100626,Nearly Education,Arm throw market start strong politics able accept discover large particularly very.,169.58,1627,149,Nexcom
100627,Turn Enter,Traditional whom have network all service.,157.82,1628,230,Synora
100628,Dream Store,Second mother image state news east.,809.82,1629,230,Velsphere
100629,Cover Room,From hit dark purpose close necessary hit need give week hand.,490.41,1630,114,Ecoora
100630,Its Father,Return suggest able woman dinner sing scene fact Democrat instead magazine during.,447.39,1631,304,Techtrix
100631,Leader Population,Great understand individual during much perhaps pay say continue.,770,1632,225,Novagenix
100632,Late Truth,Lawyer cause simply international item also assume government door investment hear.,748.28,1633,240,Zentronix
100633,Purpose Best,Fast own happen out nation sound.,863.42,1634,420,Nexronix
100634,Radio Certain,Someone smile billion work image hair law bag.,153.15,1635,488,Veltrix
100635,Too Eight,Stock avoid serious hospital data race.,386.31,1636,363,Ecocore
100636,When Last,Face there network continue interest wall brother less important.,496.63,1637,218,Luxcom
100637,Will Sit,Daughter kind value share six alone common traditional instead eye class certainly.,324.74,1638,66,Omnicom
100638,Color Eight,Citizen kitchen though play ready scientist responsibility very green site.,543.1,1639,88,Hypergenix
100639,Good Magazine,Appear society memory cover forward yeah happen seek will unit from.,378.19,1640,216,Veltrix
100640,Protect Best,Stop role coach culture song audience break.,797.81,1641,326,Techlux
100641,Camera Adult,Score choice success anything stop field me.,746.7,1642,14,Novasphere
100642,Collection Toward,Point continue study camera still general organization dream home painting central section.,170.69,1643,157,Velora
100643,Remember Study,Knowledge finish man agency degree successful quite development.,75.81,1644,271,Zentcore
100644,Perform Describe,Although partner analysis agreement prevent item society.,283.54,1645,230,Novagenix
100645,Area Until,Former send region any four involve significant see until capital vote action range.,659.35,1646,477,Novalux
100646,Maybe Democratic,Investment continue must leg southern represent nothing.,804.08,1647,401,Omnibyte
100647,Attack Out,Later put against technology technology Republican career form TV month value.,157.42,1648,466,Ecoora
100648,Could Go,East break stop interest stuff audience small effect measure customer great movement land.,135.67,1649,500,Novasphere
100649,Ever Participant,Owner language too role father expect you know former stock admit from.,997.81,1650,174,Nexronix
100650,Unit Anything,Wall reflect set conference style their.,586.26,1651,425,Hypergenix
100651,Mrs Half,Together alone draw that little yourself research so.,363.51,1652,381,Omnimark
100652,Tough Decade,Threat environmental evidence service child her.,182.36,1653,270,Techlux
100653,President Or,Answer action decade put it she four region president believe.,934.86,1654,430,Hypergenix
100654,Several Center,Success door subject red on approach idea affect fact decade my.,718.25,1655,247,Nexlux
100655,Successful Machine,American know book spring less training break society.,69.08,1656,394,Novacom
100656,Own Pull,Themselves just series already walk seek mind quality.,218.45,1657,11,Zentronix
100657,Common Night,Week mission ability job ok ahead protect.,185.54,1658,144,Ecotrix
100658,Star Account,Traditional last morning fire concern blue term morning former from American Mr seem.,132.87,1659,42,Nexmark
100659,Few Likely,Democrat stock seek democratic appear spring always professional thousand.,773.31,1660,122,Hypergenix
100660,Class Poor,From read from remember environment necessary meeting record dog picture simple.,538.9,1661,250,Synmark
100661,Effort Customer,Nearly black collection major painting sport of end gas customer.,568.79,1662,207,Synora
100662,Produce Direction,Couple vote before hold could modern commercial take north.,503.04,1663,278,Zentora
100663,Left Particular,Her better either yeah though start forget carry laugh amount paper seek.,275.59,1664,319,Hypertrix
100664,Put Trouble,Option best accept allow over majority fight finish city hour force.,704.34,1665,148,Velora
100665,Author Imagine,Particularly woman result industry good morning after college more.,615.28,1666,139,Omnigenix
100666,Fund Always,Business participant quite writer however end Mrs foot information.,815.64,1667,215,Techtrix
100667,World Ever,Station phone left bad recently central.,129.09,1668,290,Hyperora
100668,Product Probably,Voice city southern scientist positive yeah real purpose.,800.7,1669,464,Omnisphere
100669,From Defense,Computer parent appear interesting dinner white page bag.,190.18,1670,45,Velmark
100670,Save Coach,Allow energy something same fight responsibility avoid.,613.98,1671,333,Synmark
100671,Too Ok,Raise become here shoulder yet five feel me relationship floor myself.,407.93,1672,228,Omnisphere
100672,Executive Everybody,Recently fund partner skill study people age light goal have voice compare.,940.34,1673,244,Ecolux
100673,Example Modern,Per bad form official more their lose character environmental admit.,87.93,1674,487,Hypercom
100674,Stay Indeed,Building bill whose training work evidence walk deep card interest later.,917.89,1675,97,Techbyte
100675,Fast Strong,Conference can every responsibility capital voice.,172.2,1676,107,Syncore
100676,Ground Necessary,Difference put various by foot large together grow fly as end us.,808.68,1677,228,Luxronix
100677,Suddenly Be,Amount admit technology phone apply number be same raise range be.,610.76,1678,465,Luxmark
100678,Common Type,Now when point know bring indicate difficult.,469.52,1679,136,Ecocore
100679,Animal Sure,Challenge technology health our though type ground above admit.,107.05,1680,351,Nextrix
100680,Something Standard,Tend system tree sound main left institution.,419.29,1681,230,Synora
100681,Science Perform,Hope city war fire person nature ready.,878.34,1682,82,Novasphere
100682,Possible Least,Sometimes together this wish traditional ask himself ago bar not later check.,458.69,1683,183,Hyperbyte
100683,Always Interesting,Fire factor knowledge rather under happen most wish.,382.24,1684,367,Nexora
100684,Live Hand,Various least under security other give wind participant.,43.8,1685,346,Hyperora
100685,Nearly Call,Medical next whether from win push agent growth look.,731.83,1686,80,Syncom
100686,Water Fill,Though security security until especially speech already represent speak work break newspaper policy organization.,374.3,1687,155,Luxronix
100687,School Either,Part wind interest character act theory.,539.03,1688,296,Hypersphere
100688,Table Hot,Industry produce brother environment lot its trade base people attention region pass usually.,84.83,1689,137,Techcom
100689,Center Happy,Lose involve everyone gas her which sit yet car.,178.92,1690,171,Nexcore
100690,Seat Room,Similar describe only help find military us unit production dinner everything final.,642.27,1691,205,Novabyte
100691,Computer Responsibility,Sell light share like drop entire how other pay both responsibility perhaps three.,274.72,1692,172,Techlux
100692,Sea Material,Rather oil but travel central skill partner tonight find.,264.01,1693,439,Ecobyte
100693,Result Thousand,Son remain nice high religious company.,663.34,1694,434,Techbyte
100694,Back Employee,Dream leave and form difference true recent.,171.92,1695,326,Novabyte
100695,Look Miss,Any mention third much customer suffer young street arm never culture present enjoy.,173.8,1696,274,Velmark
100696,Site Kitchen,Peace perhaps we attack claim everyone fly capital industry community.,25.18,1697,182,Hypercom
100697,Son Development,Whole state author energy standard hospital meeting.,190.72,1698,0,Nexcom
100698,Cultural Computer,Else probably sure key with determine see work make from government.,354.08,1699,416,Techgenix
100699,Most According,Wind huge should contain get apply.,247.84,1700,442,Luxcore
100700,International Sing,Mr item discover wear as lose itself line.,408.43,1701,250,Velmark
100701,Series City,General majority seem scene center position continue away.,570.77,1702,166,Ecocore
100702,Deal Fear,Evidence position end sign fact kind so whole less American popular sense.,297.29,1703,201,Velmark
100703,Need Suggest,Trade participant gas happen recognize of what baby.,411.35,1704,132,Synsphere
100704,Indeed Note,While stand same effect game administration event pass somebody huge life.,493.36,1705,271,Omnitrix
100705,Attack Likely,Audience rise yard author look behavior even.,21.22,1706,179,Synora
100706,Risk Evidence,Take current than out knowledge around ask exactly world huge threat region.,944.82,1707,147,Novamark
100707,Owner Behavior,Heavy color price matter general or possible Mr page.,866.58,1708,81,Hyperlux
100708,Dream Billion,Perhaps low medical person game quickly factor very weight approach summer.,392.8,1709,142,Luxcore
100709,This Include,War remember type set would toward skin lay.,837.66,1710,246,Techlux
100710,While Better,Ago never usually once fall over.,88.79,1711,479,Nextrix
100711,Hair Mention,Old measure join field yes nearly where realize.,72.99,1712,482,Zentlux
100712,Think Education,Leave little glass affect represent local walk unit interest.,898.29,1713,29,Luxtrix
100713,Couple Level,Deep water analysis light soldier scientist national response news by detail.,280.12,1714,30,Techtrix
100714,Defense Guess,Issue between another support record TV tough executive.,759.38,1715,280,Hyperora
100715,Economic Good,Treat letter speak training run charge this learn individual edge wrong.,300.08,1716,19,Ecolux
100716,Ten Prevent,Amount agency then share which attack believe food nothing his big find.,210.21,1717,451,Novacom
100717,Total Raise,Why change audience fund executive away thousand budget real both discussion different better.,889.51,1718,411,Syncore
100718,Security Final,Even effect character all parent white religious prepare poor away mouth hit.,858.82,1719,478,Omnicom
100719,Answer Recent,Claim him I he ball entire prepare reveal center discuss difference.,540.44,1720,439,Techmark
100720,Fly Poor,Better blue approach window ball toward life loss manager financial challenge picture within.,681.21,1721,141,Vellux
100721,Feeling Base,Discover buy specific group collection owner.,807.62,1722,309,Hyperlux
100722,Must Early,Short positive too represent sport which part upon score everything arrive expert reach.,385.27,1723,191,Synlux
100723,Age Hundred,Life source gun morning turn cover.,729.27,1724,385,Hypermark
100724,Water College,Anything few free source provide focus.,474.61,1725,172,Velsphere
100725,Firm Capital,Son property surface economic project factor against foreign admit such wish claim.,231.01,1726,149,Omnicom
100726,Need Leave,Realize low book with manage up box individual require.,359,1727,61,Syncore
100727,North Eye,Glass teach fact vote anyone successful born among again right cost despite bank.,287.28,1728,314,Techmark
100728,Institution Which,Remember adult last safe white recently.,164.53,1729,356,Veltrix
100729,Military Tv,Opportunity into return drive cell he will office nothing any somebody point maintain.,869.03,1730,331,Synsphere
100730,Paper Environmental,Agree throw direction someone offer while happy drop.,297.78,1731,334,Techlux
100731,Pattern Here,Floor purpose here nearly maintain face foreign day carry.,490.91,1732,288,Velmark
100732,Pick Add,Name like painting over event exist company the probably but we election TV.,234.89,1733,213,Omnicore
100733,Daughter Push,Federal claim wind boy again green.,812.92,1734,412,Omnicom
100734,Series Kitchen,Later watch pretty government carry raise lawyer chair best question.,364.06,1735,467,Hypercore
100735,Yard Guy,Participant word message trade maybe yes commercial official step because food.,839.49,1736,264,Nexlux
100736,Defense Available,Mention note news individual style it current school treat action.,915.2,1737,161,Novabyte
100737,Own Without,Film society before book top everyone series budget garden.,611.65,1738,275,Syncom
100738,Side Policy,Bill foreign real try change discover machine red.,462.14,1739,313,Nexlux
100739,Pressure Meeting,Whose tend difference research authority position but senior on.,113.68,1740,427,Techcom
100740,Even Community,Player camera manager effect shake difference write pretty detail hotel effort fill.,720.15,1741,338,Zentronix
100741,Others Computer,Quite improve piece sense government yeah finish bit important.,326.39,1742,40,Novabyte
100742,Boy Military,Wife ok enter eight bring heart mind describe better.,898.6,1743,297,Velgenix
100743,Continue Sister,This drop hold manage ready hand management.,48.36,1744,4,Techgenix
100744,About Step,Occur network ok manage message white to past unit less minute mean never.,955.32,1745,148,Ecobyte
100745,Program Happy,Road concern know pretty outside action provide produce late million key determine.,716.06,1746,89,Omnisphere
100746,Practice Guess,Top letter source best mention within remember political.,633.22,1747,500,Hyperlux
100747,At Power,Either surface early region travel dinner sing material low law up too.,664.92,1748,390,Syncom
100748,Share Recognize,Improve party practice watch together conference kid while box loss activity accept.,630.67,1749,165,Ecocore
100749,She Book,Let evening mission of those voice strategy television next and star.,37.49,1750,238,Luxcom
100750,Dream Job,Particularly official resource thousand cold able day check medical want clear day.,138.32,1751,337,Nexora
100751,Teach Blue,Rise put skin improve suddenly social both attention news always agree.,634.27,1752,38,Ecosphere
100752,Government Woman,Her design response structure through kid realize decision power staff add oil.,882.24,1753,380,Omnitrix
100753,Machine Nature,Perhaps authority message rate pick TV increase society make every reveal begin chance.,369.9,1754,39,Syncom
100754,Crime Role,Rock development under quality guy worry least international character field various material else.,394.32,1755,480,Techgenix
100755,Rate Answer,Realize available report personal behavior middle seem company camera source particularly less.,629.39,1756,252,Novaora
100756,Lead Nor,Reduce husband join by sound nation control couple defense fish focus.,634.91,1757,136,Techronix
100757,Contain Provide,Carry item paper activity maintain have expert become space.,159.83,1758,302,Omnilux
100758,Choice Fund,Church throughout bed recently organization plant price style medical question about interesting.,708.82,1759,141,Techcore
100759,Perform Herself,Public add court free have red structure.,497.35,1760,386,Zentbyte
100760,Marriage Want,Significant car down culture which seek support.,506.04,1761,7,Omnibyte
100761,Ahead Game,Eye official sure camera audience smile some list road here I democratic.,277.38,1762,249,Ecoronix
100762,Near Chance,Stock woman base table important office police any sell above spring civil ok.,271.51,1763,149,Veltrix
100763,Official Admit,Full spring school Mrs employee issue group according large.,833.73,1764,27,Techmark
100764,Face Each,Per knowledge low money dinner ask four every watch open paper.,398.15,1765,483,Techbyte
100765,Carry On,Room example wide anything president wish view across serve since.,923.25,1766,77,Vellux
100766,Set Industry,Person so live notice how ready.,960.59,1767,303,Novabyte
100767,Very Develop,Ago despite meeting upon thing themselves red various event.,554.26,1768,225,Zentcore
100768,Language Physical,True behavior product car which far suddenly everything minute which.,840.28,1769,67,Zentsphere
100769,Late Hand,Identify care clear six book last while oil stage return prevent I.,114.35,1770,453,Ecomark
100770,Heart Under,Thought material positive himself believe ago send bit sport staff challenge prepare full.,372.69,1771,63,Nexsphere
100771,Site Floor,Station network newspaper thus culture trouble TV upon when become.,643.93,1772,16,Ecocore
100772,Someone Idea,American keep also fear must radio decade.,32.14,1773,192,Vellux
100773,Lot Popular,Writer certainly score into several throw simple he growth treat.,963.84,1774,488,Luxcom
100774,Truth Significant,Smile dream they health least half he point.,861.08,1775,485,Novabyte
100775,Evening Light,Happen field husband alone chance left organization happy lose population former four garden.,71.31,1776,259,Novaora
100776,Democrat Who,Anything during worry personal industry consumer fear my.,991.93,1777,444,Zentcore
100777,Great Environment,Agreement during production prepare house care rather candidate develop.,99.71,1778,211,Synbyte
100778,Other That,Imagine year away better blue difficult nothing prevent although brother alone social.,284.31,1779,123,Hyperbyte
100779,Bag Board,Democratic how collection fear Republican house heart discover issue.,970.64,1780,34,Novatrix
100780,Data Deal,Force sometimes number whatever camera prepare move seem usually this first religious run.,958.61,1781,483,Nexsphere
100781,Commercial Answer,Head such responsibility country talk believe sit.,41.09,1782,335,Syncom
100782,Little Rock,Statement action population project prepare Mr choice oil property.,797.81,1783,314,Nexora
100783,Movie Place,Wrong line per fish word box buy hit.,735.21,1784,267,Hyperronix
100784,Stand Return,Image career bit reveal leave art top.,370.21,1785,253,Syncore
100785,Truth Choice,Their ago time full set identify positive suffer.,60.71,1786,294,Omnicore
100786,Place Scientist,Energy street spring follow son about book.,469.6,1787,354,Hyperronix
100787,Write Special,Give cause believe quite appear catch plant know determine.,376.5,1788,276,Ecogenix
100788,Father Director,Push general enter year share write child partner.,170.04,1789,368,Zentbyte
100789,Dog By,Cut audience amount at kitchen seem policy pretty far bad.,166.88,1790,389,Synronix
100790,Reduce Product,Each democratic point central sort kid middle.,96.63,1791,297,Hyperora
100791,Claim It,In sort organization answer resource according church carry every never.,511.83,1792,441,Velgenix
100792,Short Group,Watch stay seven clearly international life reach program over paper.,243.28,1793,250,Omnitrix
100793,Assume Yourself,Recognize well above hour model pull and writer blue evening action city.,641.96,1794,12,Techsphere
100794,Evidence Poor,Agency hard professional society early air.,311.99,1795,54,Novaronix
100795,Recently Use,Or down surface point rule necessary event fund camera more list national television.,625.83,1796,155,Hypercom
100796,Only Cut,Education beat few this product computer control race.,589.19,1797,279,Techcom
100797,Star Huge,Total glass despite meeting sister serious could this identify compare.,950.53,1798,398,Zentcore
100798,Understand Who,Good story point new hope area there organization alone.,390.01,1799,168,Synlux
100799,White Something,Strong human although political network kid ball yeah great kitchen.,600.54,1800,255,Hyperronix
100800,Social Remember,Need offer yeah crime name give baby drug notice today.,705.45,1801,359,Synlux
100801,Maybe Friend,Party doctor only sister account you.,627.29,1802,89,Techcom
100802,Poor Operation,Yeah under amount agreement hope pull be type.,122.65,1803,457,Hypersphere
100803,Age Great,Culture party song treat strong recognize assume development.,708.64,1804,489,Techtrix
100804,Office Debate,Hold manage increase long region TV develop.,832.44,1805,39,Novacore
100805,Image Remember,Notice expect thousand pattern same study church tree race.,424.51,1806,293,Novatrix
100806,Cold Watch,Already each list challenge control ok guess chair weight step in necessary.,244.25,1807,141,Nextrix
100807,Free Building,End market could address expert why.,805.02,1808,195,Ecotrix
100808,Chance Leg,Available arm wall report none theory actually board southern stage.,112.14,1809,382,Velbyte
100809,Point Yet,Field trial produce notice environmental research young woman reason sense market.,79.7,1810,149,Omnicore
100810,Property East,North weight billion benefit mission figure card particular across each focus young.,159.56,1811,343,Synlux
100811,From Democratic,Food any there live fine color.,540.08,1812,238,Novagenix
100812,Ever Kind,Car performance second soon shake down drop street room.,85.66,1813,102,Hyperbyte
100813,Different Risk,Newspaper religious training civil major these discuss current interview network foreign commercial draw.,203.08,1814,159,Luxmark
100814,Authority Together,Public you including cause address individual fast.,59.11,1815,337,Ecoronix
100815,Talk Him,Land fund seek moment check move include lose land air ground arm partner.,251.64,1816,164,Omnibyte
100816,Able Run,Would contain brother change group class despite manager do suddenly.,625.98,1817,459,Omniora
100817,Catch Determine,More guy value these fire total while treat half.,113.93,1818,259,Vellux
100818,Leg Organization,Friend training final success effort pretty cause.,77.89,1819,324,Ecoora
100819,Across According,Skin shoulder bad quickly win discover.,994.25,1820,82,Nexora
100820,Decision Billion,Today alone north something citizen away smile be road product generation write provide.,598.09,1821,24,Ecolux
100821,Guy Participant,President nothing price your too record eat plant senior hard contain.,871.53,1822,320,Zentbyte
100822,Major Daughter,Culture born far evidence herself rise whether decade force dream so specific.,456.6,1823,66,Zentcore
100823,Indeed Laugh,General lead tell culture mean operation no policy interesting.,977.8,1824,466,Hyperlux
100824,This Laugh,Adult language right upon yes good assume beat source.,385.22,1825,255,Hypertrix
100825,Modern Be,Call sit right memory dog character fill everything check way Congress than option.,346.77,1826,22,Hypergenix
100826,Lead Bring,Identify organization theory although eye firm.,642.87,1827,201,Techbyte
100827,Compare Catch,Commercial step national everything win my.,133.76,1828,10,Novacom
100828,Live Property,Site leave its sign sit ball among smile its.,753.94,1829,152,Nexronix
100829,Scientist People,Effort treat glass fast skill more new scientist.,690.76,1830,240,Ecocom
100830,Hundred Focus,Learn yard however stay gun risk seem apply authority past and around right.,722.86,1831,266,Hypercom
100831,Score To,Four suggest join time course occur a.,694.3,1832,321,Vellux
100832,Shake Try,Majority five my easy just pass ground institution can detail play official would.,870.48,1833,252,Techcore
100833,Lose Upon,Before amount easy describe clearly suddenly be provide amount couple.,885.4,1834,291,Ecoronix
100834,His Modern,Never option particular keep to home hope buy writer conference left name affect learn.,30.96,1835,73,Velmark
100835,Religious Likely,Important buy month behind top individual mission spring herself news nearly.,670.33,1836,254,Zentsphere
100836,Spring Life,Big safe book bar part speak sister.,294.13,1837,82,Techora
100837,Personal Answer,Still Mr after moment Mrs nation decide represent through.,155.69,1838,258,Luxtrix
100838,Rise Few,Thing institution top need heavy shake receive citizen trade subject environmental.,53.4,1839,433,Omnitrix
100839,Sing Friend,Nearly act never exactly organization evidence.,88.31,1840,381,Techbyte
100840,Evening Condition,Least consider difficult response quite hope.,466.26,1841,131,Nexlux
100841,Long Computer,Just professor here second fly final song.,32.04,1842,134,Novagenix
100842,Sell Clear,Meet carry admit read ball skin hospital decide meet single pretty price.,251.36,1843,259,Velronix
100843,Shake Congress,Seem best bag day operation guy act recent my.,745.86,1844,464,Veltrix
100844,New Stop,Everybody anything hold get account really.,231.28,1845,477,Velora
100845,Left Wife,Bring development front degree space artist though assume choose.,634.86,1846,283,Techtrix
100846,Half Exist,Month know three American single happy little field call bed instead wall.,824.83,1847,54,Ecobyte
100847,Too Gas,Season against up base research yard answer summer modern answer.,684.76,1848,149,Luxgenix
100848,Range Ever,Window physical something blood best want education study partner bit the unit understand.,285.96,1849,255,Ecobyte
100849,Point Whole,Minute child sure we deal room issue foreign.,859.77,1850,372,Luxcore
100850,Put Plant,Soldier special ground discuss wait into Republican.,445.79,1851,499,Veltrix
100851,It Purpose,Civil glass scene whose employee him return factor foreign management those.,908.66,1852,314,Novabyte
100852,Least Single,American begin Congress TV hair lay drug beyond.,584.27,1853,51,Novatrix
100853,Make Market,Cover believe Democrat wish writer fall various adult lawyer whether.,801.19,1854,452,Zentora
100854,Information Trade,Country professional it evening should wide program relate trip future.,749.26,1855,116,Syngenix
100855,Whatever Year,Past adult green leg grow line eat result campaign important dinner.,750.46,1856,22,Omnironix
100856,Democrat Understand,Along doctor war official large commercial.,497.75,1857,12,Omnigenix
100857,Effort Half,Next price pretty final already board.,793.98,1858,488,Velmark
100858,Area Common,Suggest almost this federal determine truth hope.,949.39,1859,28,Synmark
100859,Student Teacher,The response that east brother health space catch within edge why.,531.67,1860,155,Techbyte
100860,Treat Close,Skin nature state consumer one call past.,103.44,1861,182,Nexsphere
100861,Whole Long,Whom suffer coach whatever once star job first source.,403.03,1862,21,Zentcore
100862,Speech Important,Parent get best feel resource response use listen move minute.,25.94,1863,255,Hypergenix
100863,Environment Of,Member be military upon care none way mind myself them.,994.27,1864,366,Omniora
100864,Major Develop,Including share practice notice before off.,56.2,1865,367,Syncore
100865,Garden Let,Budget great improve final south year eye blue place draw watch song still.,402.46,1866,315,Omnironix
100866,Young Particularly,Last nice meet surface management figure reflect ball rather remember generation.,328.31,1867,329,Techcore
100867,Everything Me,Money second language artist else glass need remain door necessary do.,37.55,1868,380,Ecolux
100868,Theory Real,During everything mean real song space agree condition bag operation imagine join score.,399.67,1869,28,Novabyte
100869,Hard Court,Machine final research partner sense wide also something.,481.37,1870,72,Velmark
100870,Eat Human,Able fall cup young quite score worker major step power single wonder.,951.73,1871,499,Techlux
100871,Feel Animal,Example environmental include trade sport attorney resource set use seem.,730.77,1872,196,Luxcom
100872,Certain Local,Instead player yes military chance worry record.,141.44,1873,256,Ecocom
100873,Democratic Out,My why coach security game get camera.,883.99,1874,238,Velronix
100874,Participant Threat,Agreement avoid relationship former the born face fall ever list true here.,143.15,1875,114,Zentlux
100875,Cost Describe,Buy ago green paper everyone get standard top sing question behind determine material.,145.26,1876,358,Nextrix
100876,Rich Anyone,Would pass act model do item service occur class bank interesting exactly first.,790.74,1877,343,Velcore
100877,Better Event,Shoulder region career animal stock difference address step former data wall surface.,908.37,1878,70,Nexronix
100878,Police Man,Quite citizen energy development tough avoid part after water.,909.22,1879,457,Luxgenix
100879,Face Minute,Blue result scientist he citizen role black wear former everything everybody relate maybe.,258.37,1880,426,Novacom
100880,At Meeting,Protect we include after couple charge soon.,817.68,1881,236,Hyperronix
100881,Lawyer Allow,Unit his yes democratic form would from to call consumer.,954.02,1882,359,Synora
100882,Officer Ball,Guy this marriage herself also while plant.,190.06,1883,214,Velronix
100883,Me Long,State two four know walk physical water now help take bank help.,671.22,1884,74,Techcom
100884,Owner Beyond,Research industry would head sense decade push significant would least performance information.,341.56,1885,225,Synmark
100885,Finish Young,Despite national street conference industry anything rich mouth debate leader.,304.33,1886,235,Luxronix
100886,Price Level,Door pretty response us officer Congress the standard.,763.41,1887,69,Zenttrix
100887,Democrat Young,Performance address with sound daughter talk there clear raise question until court test.,161.78,1888,437,Zentcore
100888,Light Also,Arm relationship news kid our run education.,157.64,1889,451,Hypersphere
100889,Fear Play,Entire test relationship research series than.,661.63,1890,300,Syntrix
100890,Loss Similar,Recently particular different customer industry either treat popular me.,800.26,1891,181,Nexronix
100891,Two Deep,What throughout face realize east produce down know carry hour matter administration right.,902.59,1892,105,Nexmark
100892,Enter Place,Mission not billion baby economic nothing.,287.57,1893,301,Luxbyte
100893,Rather Player,Political company town than much number majority more.,275.68,1894,301,Zentsphere
100894,Action Way,Service another choice report produce any Democrat least perhaps accept.,726.72,1895,469,Nexmark
100895,Claim Management,Teacher herself may region fund study.,638,1896,9,Zentlux
100896,Simply Physical,Month miss my audience nothing husband political idea.,703.42,1897,446,Syncom
100897,Ready Production,Under business attorney arrive teach present dream operation reflect west.,845.09,1898,94,Omniora
100898,Future Play,Marriage couple number show question paper.,703.81,1899,57,Hypergenix
100899,Now Think,Control note ability product wrong institution.,310.08,1900,454,Novacom
100900,Evening Improve,System involve loss customer leader guy.,70.05,1901,350,Hypergenix
100901,Yes One,Economy bar four rate choose movie eye under stage like dark right.,104.35,1902,449,Techronix
100902,Pattern New,Situation arrive car model black type system stock.,358.69,1903,3,Nexcore
100903,Forget Police,Want first sport year check although foreign economic three create.,928.11,1904,209,Techora
100904,As Top,Half well eat team reduce strong chance price itself over street since.,16.43,1905,94,Novagenix
100905,Music Even,My season particularly man boy traditional late however.,628.3,1906,155,Techgenix
100906,Political Mother,Necessary modern figure cultural open heart left agency mother think civil.,484.09,1907,491,Velmark
100907,Performance Evening,Only baby until charge beat campaign history bag provide without usually positive tough.,967.17,1908,412,Nexronix
100908,Almost Above,Some skin nice often detail animal star finish democratic red individual how manager.,445.21,1909,293,Nexcore
100909,Little Mrs,Sell board in adult information note perform support.,528.96,1910,127,Nexlux
100910,Event Must,Use important media reveal those believe thought blood race child let.,712.5,1911,50,Ecolux
100911,Onto Series,Computer fish I take own value policy reason have.,657.01,1912,83,Veltrix
100912,Agreement Detail,Offer approach report available born sister inside.,57.55,1913,378,Techronix
100913,Watch Exist,Real father performance soon price of along nothing.,824.2,1914,279,Omnibyte
100914,Today Almost,From raise skill amount successful report improve painting because street.,440.84,1915,20,Omnironix
100915,Crime Economic,Study agree boy compare look campaign young from nice brother before material.,799.49,1916,400,Nextrix
100916,Husband Rise,Effort only officer young record step despite able bank.,578.08,1917,353,Hyperronix
100917,Beautiful Black,Exactly anything drive ten price reveal put defense term quality.,850.17,1918,89,Hypercom
100918,Color Loss,Approach mother water listen third term girl man follow national only top.,975.36,1919,359,Syncom
100919,Write Save,Fear east couple else show behavior far ask him enter amount of.,529.27,1920,381,Omnibyte
100920,Time Laugh,Big these military buy number road.,595.71,1921,356,Techbyte
100921,Prepare Exactly,Challenge leg clear memory relationship response maybe well contain view surface forget attack effort.,873.41,1922,197,Hyperronix
100922,Say Ability,Benefit alone glass high ahead focus western stay.,69.86,1923,0,Luxronix
100923,Join Religious,Recently town fish section consider important old star ground relate manage.,727.48,1924,365,Synsphere
100924,Republican Air,Whether national strong oil respond so.,482.64,1925,482,Novagenix
100925,Notice Economic,Visit view live east marriage view star foreign official.,311.86,1926,497,Ecobyte
100926,Data Spend,Health fast method picture toward government.,701.99,1927,446,Ecogenix
100927,Citizen Head,Present because newspaper radio create politics shake likely star soon small.,296.89,1928,414,Velgenix
100928,Development If,Game lose professor create him send move compare.,633.19,1929,358,Synmark
100929,Drop Develop,Assume cover which law clearly fly.,687.01,1930,392,Hypersphere
100930,Wall Around,Certainly professional toward wonder throw hand box shake article cover.,506.7,1931,88,Synronix
100931,Center Pass,Congress with yourself one a the contain.,956.01,1932,34,Synlux
100932,These Step,Public data order grow bed herself.,252.45,1933,240,Novacore
100933,Fly Of,Result industry opportunity main cup system save other into left exist.,867.09,1934,463,Techmark
100934,Stage First,Worker and weight far head through well.,577.64,1935,234,Novabyte
100935,Federal Those,Say rest radio tend law city affect conference character.,830.66,1936,64,Velmark
100936,Fact Word,Build compare mother free feeling guess institution.,687.36,1937,88,Novaora
100937,Feeling Opportunity,Usually important increase keep interview always do.,772.84,1938,302,Nexmark
100938,Our Bar,Employee suggest score collection who anyone relate room camera develop serve nearly.,315.36,1939,228,Velcore
100939,Mind Result,Out enter others watch nice full energy third.,954.3,1940,193,Velcom
100940,Conference Dog,Artist also measure picture tough establish.,563.32,1941,291,Omnibyte
100941,Congress Pay,Financial store walk she development on quality man professor more word future.,861.18,1942,337,Novacore
100942,Increase As,Lead learn memory choice modern decision stand center player community.,867.58,1943,210,Novalux
100943,Important Strong,Successful serious person record deal design expect rise step television form Republican evidence.,653.65,1944,75,Ecocom
100944,East Raise,Heart field certainly whose thing last several among discover six their.,757.58,1945,264,Hyperora
100945,Learn Suggest,Since especially remember pretty live left job break hand risk hope.,540.34,1946,217,Omnicore
100946,Human Late,Step understand public room discuss ok table their truth expert exactly.,486.61,1947,497,Velronix
100947,Break Decade,East reality begin arrive north send way easy scientist good feel.,835.45,1948,462,Zentsphere
100948,Partner Fight,Right local it everybody cover within whole information character.,475.66,1949,151,Omniora
100949,Usually Total,Result take likely state show month former bag day treat all.,540.27,1950,199,Velbyte
100950,Age Truth,Side financial issue build positive common would international news.,168.05,1951,30,Syngenix
100951,Network Consider,Sense important spring instead whose president point trade.,142.28,1952,365,Zentgenix
100952,Step The,Write listen hospital rock step everyone money perform speak Congress.,492.12,1953,448,Nexmark
100953,Happy Capital,Style good would many especially activity.,813.13,1954,376,Novalux
100954,Watch Piece,Watch area their cell sea note guy within share particular store according power.,585.77,1955,204,Omnisphere
100955,Laugh Feel,Yourself third citizen join public court cup charge project.,269.63,1956,68,Ecomark
100956,Movement Myself,Live soon player more until future poor general contain popular so.,799.42,1957,220,Novaora
100957,Wait Anything,Weight car loss manage ahead present attention world mean growth area buy TV.,524.34,1958,417,Omnicom
100958,A Describe,Concern true southern above together election cost system analysis front else.,399.98,1959,66,Novabyte
100959,Detail Method,Game low tonight social home whom true edge case card.,827.48,1960,332,Synmark
100960,Small Language,Likely speak speak benefit leg white give opportunity rock inside set on nation.,166.51,1961,313,Zentlux
100961,Election Drive,Allow opportunity thing center bill hotel them garden.,383.61,1962,130,Techtrix
100962,Represent Need,From current which home game maybe read area thank raise style agent good.,469.31,1963,343,Luxsphere
100963,Capital Event,Compare energy morning interest politics capital Democrat contain run something.,899.09,1964,173,Techtrix
100964,Identify Statement,Even agreement society area beat shoulder employee.,684.38,1965,68,Nexlux
100965,Billion Bring,Others finally decade fish prove pay eye role miss.,590.93,1966,301,Luxlux
100966,Body And,Politics receive far action skin have.,615.21,1967,113,Luxlux
100967,Cut Trade,Experience light west boy decision high answer bar meeting idea necessary whatever.,161.85,1968,417,Novalux
100968,Fast Reflect,Risk huge doctor modern reality drive worry carry follow case course.,398.19,1969,284,Luxlux
100969,Simply Peace,Pass education glass without lead clear attack experience.,201.13,1970,175,Novamark
100970,Dinner Include,Young threat think mission someone outside.,883.83,1971,416,Techcore
100971,Respond Dog,Drug rather keep quickly live particularly study.,689.23,1972,300,Hypergenix
100972,Improve Well,Spend pressure eye late item major.,830.24,1973,186,Omniora
100973,Address Evening,Huge value house affect court need discussion area until effect customer feel goal school.,149.77,1974,366,Luxronix
100974,Keep Future,Four partner explain quickly project final marriage idea fly catch could within service.,721.73,1975,315,Ecotrix
100975,Notice Leader,Development decade peace should particularly seven.,532.47,1976,219,Synora
100976,Prepare Measure,Unit evidence they reveal notice interview dog leave.,514.84,1977,378,Ecobyte
100977,Another Night,Show whose top if inside about tough anything side together protect.,552.86,1978,322,Zentcom
100978,Skill Owner,Art purpose site left fast develop force still according offer measure.,519.82,1979,136,Hypersphere
100979,Rest Enjoy,Sound field past range skin adult.,499.48,1980,19,Luxbyte
100980,Their Two,Fact sport level either coach light want front even impact remain ahead.,809.22,1981,380,Ecomark
100981,Somebody Baby,Finish high smile capital task main major sign.,881.39,1982,338,Hypercom
100982,Those There,Spring whose name window recently sit either however road.,275.17,1983,270,Velronix
100983,Ago Hold,Fear close until risk involve throw light check condition situation.,252.69,1984,478,Nextrix
100984,Professional Democrat,Much reach sure out bar themselves center particularly idea him.,569.67,1985,211,Nexgenix
100985,Impact Strategy,Gun reflect out economy investment message idea question senior.,186.83,1986,461,Techronix
100986,Its Old,Put author natural how lead wind never home type note reason left shoulder.,554.56,1987,347,Novaora
100987,High Financial,Face father former up after water build rule response south foreign.,141.67,1988,211,Nexgenix
100988,Want Very,Mrs rule this identify scientist only baby city inside.,719.5,1989,348,Techtrix
100989,Decision Task,Form mean condition fight eat candidate Mrs official truth tree smile.,417.91,1990,300,Novabyte
100990,Current Situation,Product fall create music American cup section both after.,663.76,1991,489,Nexsphere
100991,Forward Consumer,System design nature boy throw option single eye head although certainly share.,728.31,1992,421,Luxronix
100992,Use Her,Scene source upon size more draw now others my news body.,768.19,1993,426,Techlux
100993,Outside Dream,Green recently dark particularly run suddenly.,360.3,1994,202,Zenttrix
100994,Service Research,Country them impact child possible writer growth keep because ask.,196.21,1995,293,Hypergenix
100995,It Just,Interview change behavior report single whether evening town serious these record nature.,375.91,1996,86,Hyperlux
100996,Majority Stock,Any nor skin star reach power cover whose today general candidate response account argue.,94.98,1997,496,Techlux
100997,Board Stop,Find air board to require method happen top few finish cup wait.,280.67,1998,174,Ecosphere
100998,Bill Indeed,Middle collection himself in cultural fall foot everything such western.,873.36,1999,478,Luxmark
100999,Save Cup,Reality coach wife join eye computer once.,848.89,2000,345,Zenttrix
101000,Process Ago,Now nation ask become think visit way happy without whole itself.,988.97,2001,96,Nexcore
101001,Anyone Too,Especially investment rise despite hour worker there into two doctor minute per.,234.7,2002,167,Novaronix
101002,Service Think,Air table half agency hot song player kid appear plant late.,876.61,2003,48,Ecocore
101003,Reflect Soldier,With area pretty not natural less crime likely physical up discuss.,546.41,2004,433,Omniora
101004,Yet Read,Join artist child write national me simple.,112.4,2005,84,Omnilux
101005,South Speech,Teach product maybe especially someone reality letter audience contain car without strong present.,53.65,2006,439,Ecolux
101006,Material Successful,Here help act up least again you.,798.2,2007,405,Omnicom
101007,Walk Finally,Card majority special become edge force often age stock.,869.93,2008,290,Nexsphere
101008,Between Identify,Purpose down phone reduce among choose surface miss act indicate Mrs become.,203.4,2009,70,Synmark
101009,Democrat Bank,Memory adult skill feeling happen statement start product method.,191.45,2010,65,Zentronix
101010,Job Along,Without she father never north shake.,304.16,2011,326,Omnicom
101011,Really Energy,Hope drive policy suggest agent would nearly vote security reach either capital despite.,656.76,2012,164,Novalux
101012,Trip Simply,Remain exist help end clearly nature phone product likely.,949.39,2013,382,Velcore
101013,Down Play,Everyone total west everybody too change after guess green take.,492.38,2014,213,Zentlux
101014,Feel Bed,Person car ago right age boy prevent teach put class thing parent throughout.,847.73,2015,433,Novacom
101015,Think Institution,Condition foot particularly play situation we.,90.21,2016,220,Techtrix
101016,Figure Program,Deep response theory Congress trouble would author likely.,44.89,2017,172,Luxgenix
101017,Voice Future,As election age four weight fine keep dream recent.,652.47,2018,114,Nexcore
101018,Lay Hot,Church every administration memory drop truth outside hard officer better skin information action.,421.73,2019,464,Hyperlux
101019,Baby Business,Page write party white get exist senior beat now benefit series.,290.74,2020,294,Techsphere
101020,Whom Mention,Successful require alone send according interesting clear trip training husband science out worker.,353.08,2021,181,Nexmark
101021,Foot Church,Capital plant subject fund enjoy first do pretty modern meeting court spring suffer.,230.27,2022,381,Omnigenix
101022,Oil Kitchen,Issue while husband open popular public fight.,963.36,2023,87,Ecoronix
101023,In Last,Article question clearly short pay plant during.,487.71,2024,295,Nexronix
101024,New Entire,Number heavy rise her hundred discussion face to blood off.,77.72,2025,118,Nexora
101025,Will Social,Same other increase last fish important shake thus.,449.24,2026,154,Zentgenix
101026,Understand Inside,Stand send east weight occur enjoy.,508.58,2027,277,Hypercore
101027,Nearly This,Likely I change instead approach green story decision billion north because.,170.45,2028,356,Vellux
101028,System Forget,Heavy bad significant property discuss be head choose tell.,413.51,2029,306,Novasphere
101029,Range Six,Sure rule direction oil many others high conference collection student fall.,259.65,2030,167,Ecolux
101030,Rather Herself,Medical fly son debate head future century project lose government fish interesting.,777.96,2031,108,Novamark
101031,Only Management,Study land focus admit various tough economy huge foreign song.,384.77,2032,214,Nexcom
101032,Decision Together,Notice experience show action data yourself seem science push method chair professional across.,939.48,2033,152,Ecoronix
101033,Question Sing,Say sister look technology certainly practice pressure law sure effort from.,75.09,2034,324,Omnicom
101034,Space Receive,Dinner either decade need so focus ten.,655.78,2035,16,Luxmark
101035,Tough Prevent,Within there price foreign quality without community eight nearly partner make choose.,966.66,2036,278,Hyperlux
101036,Not Discover,Former pull light boy agree cover head number business avoid involve.,747.36,2037,341,Zentcore
101037,Leader Street,Power know here rise old send fill near free somebody television.,483.3,2038,57,Techronix
101038,Method Raise,Most those yeah some even life war natural.,625.21,2039,410,Ecobyte
101039,Yourself Defense,Exactly dinner network perhaps hair condition.,224.69,2040,424,Luxmark
101040,Chance Picture,Sign husband culture shoulder stop instead back area.,664.15,2041,344,Nexgenix
101041,Plant Away,Response matter front prevent he city seek trouble trade put right.,183.08,2042,386,Syncore
101042,Difference Newspaper,Tax four role garden strong structure though.,999.01,2043,307,Techsphere
101043,Same Image,Special small yourself man she quickly understand professional others.,669.38,2044,240,Novacom
101044,Into Back,Ahead dinner oil mean weight each hope let their bit but garden fire.,258.65,2045,199,Hypergenix
101045,Cultural She,Point computer I never born leader push machine recently also.,151.85,2046,190,Novaronix
101046,Future Piece,Rate weight item option away culture dark test let allow action here.,109.91,2047,73,Luxgenix
101047,Success Beyond,Perhaps condition gas finish speech prevent official boy campaign spring oil test central.,723.92,2048,288,Luxcom
101048,Bad Cup,Federal something success among safe high political.,853.22,2049,467,Luxcore
101049,Director Capital,Start network show near executive better me parent new wear stuff suffer.,875.23,2050,480,Techronix
101050,Short Wide,Enough accept agree maybe share spend major authority organization.,100.24,2051,468,Nexgenix
101051,Old Past,Interesting sure memory include institution next here professor hotel themselves like right.,928.02,2052,144,Nexgenix
101052,Boy Thousand,Special like especially write trial notice every ability action speak song.,402.62,2053,361,Velronix
101053,Course Young,Free continue society stop actually act nor for writer financial she.,313.8,2054,72,Luxlux
101054,Available For,Me argue control morning next toward range sign dream leg subject.,995.51,2055,10,Synlux
101055,Everyone Exactly,Trouble chair house mention third walk forget former few woman.,263.66,2056,237,Synronix
101056,Yard Discover,Side some risk my your computer brother dark blue can value.,116.44,2057,143,Novatrix
101057,Leave Unit,So over firm back shake work before.,756.69,2058,456,Ecoora
101058,Research Least,Police just gas company environmental town tax explain lot.,427.57,2059,321,Novabyte
101059,Manage White,Shoulder article now interview loss available as she unit food society.,495.77,2060,184,Velronix
101060,But Tend,Offer position their report practice place ago or able.,389.83,2061,134,Velsphere
101061,Possible Trade,Military light theory treat table material community everybody.,831.57,2062,137,Ecolux
101062,Really Last,Song institution style life tonight work character.,309.79,2063,278,Hypercore
101063,Old Idea,Kitchen or work require win not north event.,963.18,2064,118,Techsphere
101064,Score Room,When later people fly check also cause community possible identify data page.,807.87,2065,281,Techcore
101065,I Four,Year either future collection book difference he forward environment opportunity represent attorney owner.,886.4,2066,305,Techcom
101066,Program Order,Station enough hear eye physical best in want leader direction each.,338.99,2067,42,Zentronix
101067,Team Stage,Often see wife nature exactly mind.,252.88,2068,451,Ecolux
101068,Peace Heart,Home happy specific during seven ever compare mission admit law along everything.,83.22,2069,68,Omnigenix
101069,Data Every,Benefit around agree group computer top year ahead our debate visit.,178.66,2070,170,Omnilux
101070,Same Discover,Lot really student daughter chair doctor.,906.84,2071,478,Novasphere
101071,Mouth Daughter,Move hour challenge important piece show agent daughter baby yourself instead.,451.73,2072,432,Synora
101072,Not Room,Interest ever southern southern physical glass although act.,300.3,2073,411,Zentbyte
101073,Both Turn,First final cup hit above career than investment.,268.72,2074,436,Zentcom
101074,Health Movement,Actually break service manager focus for rest level left pretty.,559.93,2075,311,Omnilux
101075,Foot Try,To official write right not understand civil notice wind computer carry.,559.68,2076,366,Nextrix
101076,Situation Air,Much big head should behind start consider effect same know board fast.,613.48,2077,59,Omnibyte
101077,Participant He,Strong wait cut hospital factor system network expect my memory source amount.,497.8,2078,311,Omnicore
101078,President Year,Film either more election you high center let prevent PM.,695.71,2079,252,Hypermark
101079,Medical Within,Sure direction this degree reach red even wall public degree place film look.,512.19,2080,11,Novamark
101080,Herself Health,Man simply each team charge behavior college minute.,307.09,2081,204,Ecotrix
101081,Board Else,Past seat particular nothing whether machine later.,547.39,2082,471,Nexbyte
101082,How Per,Term interview light my hundred happy information room.,64.43,2083,38,Synlux
101083,Democratic Outside,Any economy tough require hotel best expert deep box wonder like shake.,590.54,2084,351,Omnicore
101084,Play Laugh,Though include inside social doctor almost manager decide option leader.,514.3,2085,33,Luxtrix
101085,Collection Teach,Weight high candidate book will hand another study however war now bad.,620.67,2086,9,Luxlux
101086,Light Down,Expect none see it give realize thus seven cup top throughout.,808.1,2087,144,Omnitrix
101087,Kind Prevent,Leg tough court good young exist value look today carry staff together.,83.92,2088,470,Zentgenix
101088,You Family,Life child affect large PM budget century article off room lay.,302.52,2089,173,Zentora
101089,Rock Store,President positive budget light rest second all concern.,114.9,2090,14,Luxcore
101090,Either Practice,Challenge policy artist remember exist back million owner understand argue land me year.,437.61,2091,198,Techcore
101091,Until Question,Despite indeed special example factor pressure.,154.86,2092,306,Nexcore
101092,Interest To,Us American finish behind visit such executive address often kind water.,63.53,2093,263,Techlux
101093,Everybody Woman,Claim quality treatment almost break just shoulder will plant remember account.,626.41,2094,233,Ecocom
101094,View Modern,Town wind book instead last trouble nature start stop him.,278.64,2095,5,Hyperlux
101095,Others Information,Star among down ground sometimes write.,765.12,2096,82,Zentmark
101096,Data Building,Spring financial skill born situation staff front.,793.48,2097,477,Novasphere
101097,Behind Eye,Because official themselves spend pass training size.,33.89,2098,353,Velronix
101098,Magazine Necessary,Also suggest up first hour moment rock cold particular too area throw.,228.63,2099,126,Omnigenix
101099,Increase Particularly,Country name billion high bag possible mention any finish nor fire.,295.22,2100,67,Synsphere
101100,Realize Cut,Science time both leave here ten put gun pass this thank investment.,84.35,2101,234,Velcore
101101,Black Song,Believe together simple order dinner pressure at never government.,299.9,2102,291,Novabyte
101102,Simply Single,College house end young could clearly indicate oil.,260.2,2103,187,Luxcom
101103,Owner Myself,Forget really take anything opportunity add only account record.,516.61,2104,332,Techgenix
101104,Free Just,Kitchen commercial talk sense condition movement several support author outside.,505.1,2105,460,Zentbyte
101105,Free Current,Huge trial hope arm teacher poor southern sign security explain TV apply.,84.4,2106,39,Hypercom
101106,Character Boy,Community size agent single seven country talk computer later ahead.,461.44,2107,130,Zentgenix
101107,Performance Always,Each able lot cause gas writer determine trip.,59.54,2108,105,Velmark
101108,Nation Line,Learn often here hundred seek paper.,952.84,2109,151,Ecogenix
101109,Impact Benefit,Wife same who result inside main popular drive attention figure cup eat.,223.17,2110,187,Techgenix
101110,Morning True,Wife then I discuss learn decide.,364.16,2111,127,Zentbyte
101111,Control Million,Study director consumer democratic really movie thought heart generation analysis.,827.59,2112,183,Hypersphere
101112,Arrive Everyone,Yourself take sell mouth keep bank actually guess fund despite citizen rock entire.,164,2113,262,Novamark
101113,Dream Quality,Public table tough foot mother serve part.,107.54,2114,450,Techcom
101114,System Into,Degree it born early wall then design very life deal.,224.23,2115,408,Novasphere
101115,Capital History,Hair right level window carry claim rise be third.,228.82,2116,178,Synlux
101116,Daughter Much,Daughter billion ever actually full eye organization local accept with section foreign traditional.,374.96,2117,275,Omnisphere
101117,Next Care,Fly together concern interesting success line fall simple popular career company set develop.,312.4,2118,49,Luxmark
101118,Contain Than,Above human let administration item student.,916.54,2119,77,Hypermark
101119,Read Federal,No religious nice than born agree simply environmental hope.,580.01,2120,85,Velcom
101120,Fill Leg,Four nor increase eat west spend difficult actually.,940.97,2121,130,Novabyte
101121,Success Response,Send artist treatment positive available executive dog response employee scene meet.,256.61,2122,382,Nexgenix
101122,Upon Enter,Defense indeed usually movement play cup six there speak lawyer.,201.27,2123,361,Ecosphere
101123,Just Resource,Old surface main size think again.,906.51,2124,42,Velmark
101124,Purpose Under,Box successful address nothing behavior board any official quality power now.,36.92,2125,232,Omnisphere
101125,Avoid Collection,World talk entire organization discuss trip pretty several service future across skill nice.,249.88,2126,463,Novabyte
101126,Newspaper Administration,Yet water follow available member too.,580.36,2127,28,Techmark
101127,Trial Successful,Really anyone middle whether account something trial easy become seven music somebody.,720.41,2128,406,Techronix
101128,Seven Land,When price indeed teacher picture sister company region.,893.26,2129,172,Syngenix
101129,Alone Whether,Contain yes memory finally minute such table ago ground.,804.09,2130,89,Velora
101130,Respond Our,Local strategy agent production character brother.,401.44,2131,14,Nexora
101131,Government Road,Capital professor skill student beyond stuff black wife good finally morning.,851.17,2132,451,Techcore
101132,Way Bit,Enjoy radio head according why administration.,658.25,2133,245,Techlux
101133,Health Buy,Pull view phone last lot hotel cultural production every not should.,356.78,2134,226,Nexcom
101134,National From,Television sister people forward material television bed include cold leg seem wish own.,927.58,2135,420,Novabyte
101135,Along Somebody,Development small environment rate society pull pattern through point everything art.,318.65,2136,85,Ecocore
101136,Also West,True industry yeah medical discussion every nature traditional garden area with show old.,893.41,2137,14,Zentsphere
101137,Responsibility Surface,Easy southern partner west thing southern artist civil remember industry paper your read.,247.31,2138,157,Nexlux
101138,Sound Today,Organization director catch door base environment.,482.58,2139,120,Novabyte
101139,President Hear,Talk often write environmental majority really itself society old always sell management up.,666.38,2140,386,Velsphere
101140,Race Over,Box technology test science reduce class draw operation.,154.44,2141,250,Omnicore
101141,Study Four,Enjoy responsibility chair fly work experience interview professor today three Mrs.,801.25,2142,336,Ecobyte
101142,Help Maybe,Provide during range above course general democratic away consider have everybody.,338.42,2143,265,Zentcom
101143,Onto Everybody,Source tough center happen create president action individual city hard model.,655.11,2144,72,Synora
101144,Study Crime,Public open sometimes choose sort pull occur popular some recent help others.,145.41,2145,200,Luxcore
101145,Identify Collection,Relationship interesting mission so few reflect test reflect political watch out factor.,937.71,2146,104,Techsphere
101146,Type Material,Page speech past ground month natural cell letter tend method war sometimes.,649.75,2147,52,Omnironix
101147,But Institution,Heavy their stage only whom side idea point star teacher relationship cup least.,940.8,2148,97,Nexcom
101148,World Defense,Say theory goal always from mouth kind.,207.53,2149,385,Hypercore
101149,All Which,Life contain tend remain house figure successful why store candidate though move act.,778.28,2150,220,Novacom
101150,Stage Short,Machine effect fine economic total agency argue affect.,863.79,2151,70,Zentlux
101151,Compare Force,South reason note today class city work central present cold help.,499.78,2152,197,Zentlux
101152,Type Owner,Land easy author population goal impact want call buy sound learn way.,703.88,2153,331,Syngenix
101153,Deal Discuss,Rich feeling key into job practice along experience.,78.39,2154,210,Syngenix
101154,Tonight There,Risk kitchen central put wish nothing purpose middle.,368.56,2155,218,Velbyte
101155,Official Tough,Send become bar exactly item international above.,454.27,2156,314,Hypersphere
101156,Keep Wife,Shake set none who good account issue table space.,462.54,2157,2,Techsphere
101157,Second Still,Program nature minute by medical personal.,940.6,2158,421,Synlux
101158,Add Father,You though practice personal social fund plant also.,570.53,2159,260,Syncore
101159,Education Appear,Record lay decision wall firm east risk daughter.,760.84,2160,418,Omnicom
101160,Bad Be,Save apply order because condition catch coach.,910.24,2161,452,Luxronix
101161,Low Important,Focus change maintain top safe truth create theory man base music.,186.38,2162,138,Ecogenix
101162,Dinner Show,Have she take open wear how current protect history watch.,422.98,2163,464,Velcore
101163,Range Nothing,Itself accept down radio we agency trial wait officer be leader.,671.74,2164,59,Omnicore
101164,Major Significant,Manager TV future certainly develop give color foot executive fund address.,413.53,2165,311,Techcore
101165,Image Ground,School ok second still admit other.,430.42,2166,141,Novamark
101166,Body Away,Investment magazine thank expect magazine language available wide price require color seat heart.,188,2167,125,Syntrix
101167,Benefit How,Indicate until cup town I difficult move special pay training item while indeed research.,981.68,2168,151,Velora
101168,Card Trial,Involve purpose none appear traditional still central sit section receive the meeting.,148.98,2169,447,Hypergenix
101169,Father Yard,Wall partner huge baby them continue.,235.2,2170,68,Omnitrix
101170,So Suffer,Outside your speak kitchen difference outside scene moment model audience character exist.,925.3,2171,335,Synlux
101171,Course Seat,Film report painting traditional fine always threat able represent garden blue hotel back.,551.94,2172,377,Omnigenix
101172,Performance Program,When candidate national body author player him activity character skill marriage for.,337,2173,435,Ecosphere
101173,Local Cut,They production phone enough car foreign.,498.78,2174,271,Synora
101174,Article Trial,Late machine me interview parent company result media.,96.94,2175,117,Techgenix
101175,Fast Huge,Outside lot customer technology themselves either.,371.78,2176,55,Omniora
101176,Rather Writer,Help left of scientist away month few common budget strong.,402.34,2177,56,Velcom
101177,Coach Recently,There all executive glass officer drop popular painting want lead.,335.36,2178,156,Novabyte
101178,Start Parent,Believe explain provide focus everybody share report international on admit yes.,242.85,2179,302,Nexbyte
101179,Young Determine,Institution data strategy campaign life improve teacher.,752.17,2180,225,Omnitrix
101180,Hospital Trip,Door back hour someone course blood your.,881.43,2181,343,Omnisphere
101181,Half Seven,And more give local need more front necessary great social view.,48.6,2182,448,Omnicom
101182,Allow Risk,Phone action nice focus organization could garden pass number measure pattern mind.,850.65,2183,377,Novabyte
101183,Radio History,Certainly of discussion shoulder through international brother.,654.35,2184,360,Omnironix
101184,Score Degree,Mr his animal no class can opportunity establish.,204.13,2185,482,Novamark
101185,Toward Note,Site would yes quality modern real by have third administration manager yard himself.,542.16,2186,58,Hyperronix
101186,There Message,Small work on this cut guy name likely defense.,524.25,2187,306,Velbyte
101187,See Son,Country industry camera political beyond environmental write project someone debate situation sing share.,560.38,2188,107,Synbyte
101188,Example Subject,Second question move my speak moment such.,740.09,2189,345,Velronix
101189,Final Recent,Accept man past where experience person modern.,143.84,2190,366,Luxcore
101190,No Her,Election town it particular anything church.,561.05,2191,215,Zentbyte
101191,Sense Of,Plan example probably eat character modern yes skin himself.,897.3,2192,361,Luxgenix
101192,Model View,Read low teacher develop alone will speech.,916.05,2193,152,Luxora
101193,Line Evening,City western accept throw decision hold suggest ability.,877.76,2194,3,Syncom
101194,Style Different,Customer beyond write major election nice.,94.56,2195,103,Zentcore
101195,Former Hotel,Generation red use condition tax always girl also vote.,979.57,2196,146,Techmark
101196,White Benefit,Opportunity fill left single officer financial rock receive oil somebody something.,511.65,2197,24,Ecoora
101197,Always Toward,Player each organization off nothing cell quality total similar indicate when truth and.,849.84,2198,285,Syncore
101198,Sport Green,Star treat dream send write yard model reduce.,552.85,2199,207,Zentora
101199,Page May,Know certain word chance reach third.,570.61,2200,363,Synsphere
101200,Official Compare,Note more high reality successful student interest assume.,950.59,2201,16,Techlux
101201,Miss Run,Window remember bring knowledge yet society too generation goal.,686.56,2202,254,Synbyte
101202,Action Describe,So around head enjoy consumer author low clear myself.,299.65,2203,397,Techsphere
101203,Even Region,Visit production citizen room its capital nothing together soldier laugh available where kitchen.,473.8,2204,226,Techora
101204,Have Night,Here relate south local different magazine sea surface short may.,245.78,2205,288,Novagenix
101205,Consider National,Then while several tell very happen long study business.,438.53,2206,48,Novaora
101206,Raise Office,Act structure power long participant project although side view.,507.8,2207,140,Hyperora
101207,Eight Include,Wall science make fill especially popular wide current animal key our might.,669.68,2208,143,Techlux
101208,Writer Meet,According investment minute me say present scene reduce game property.,136.28,2209,104,Ecogenix
101209,Into Fight,Film avoid success condition least anyone management couple wonder.,289.49,2210,98,Techora
101210,Campaign Computer,Build author myself view TV arrive training.,721.75,2211,453,Omnigenix
101211,Traditional Father,Offer but resource pattern special education cost your door society face one chair.,511.96,2212,484,Syntrix
101212,Yourself Seven,Front air second memory low all red way establish wait music soon in.,815.48,2213,29,Velbyte
101213,Security Charge,Push personal method old population Democrat first serious class relate.,499.94,2214,135,Hypercore
101214,Mouth Record,Wish military thought painting candidate chair our represent.,162.97,2215,296,Synmark
101215,Player Successful,Watch brother health professor new really cup standard beyond town tell significant.,265.23,2216,321,Synsphere
101216,Right Reality,Dog face price thank full smile common knowledge establish effort training represent card animal.,719.48,2217,23,Ecotrix
101217,Customer Receive,Security everybody instead defense could skin respond response idea product.,429.09,2218,339,Novalux
101218,Energy Issue,Production sit area cut particularly capital example career read many fear involve in fish.,269.83,2219,255,Ecoora
101219,Explain Wide,Yes of back standard special body agent recent.,574.86,2220,276,Syntrix
101220,Decision Sport,Scientist star activity training late for help travel each.,428.96,2221,105,Techmark
101221,Conference Why,Force economic produce money center apply.,310.96,2222,28,Omnironix
101222,White Election,Notice across visit how product anything him hundred.,332.45,2223,496,Syngenix
101223,Certainly Later,Seat treat idea that price meeting toward can remember enter teach.,47.01,2224,261,Techora
101224,She Financial,Finish move natural seat culture risk music value.,884.9,2225,58,Hypersphere
101225,Establish Around,Less three group ten million go option bill center those sea attack.,38.03,2226,325,Luxcore
101226,Certainly Trouble,Republican course program nation newspaper their term read when fight until old.,391.8,2227,290,Novabyte
101227,Strong Positive,Enough value those home cup whatever.,995.46,2228,18,Nexsphere
101228,Someone Great,Trip leave country expert wait condition boy seat style.,745.04,2229,180,Techmark
101229,Fly Writer,Include difficult owner get next reveal.,564.83,2230,363,Techcom
101230,Section Top,Tax house note cover benefit try until Mr oil beautiful prepare open.,419.49,2231,165,Luxcore
101231,Environment Police,Energy cold total significant show kid character.,789.66,2232,368,Hypermark
101232,People Voice,Pull full turn natural arm bar plan stuff red shoulder like.,94.46,2233,56,Velgenix
101233,Benefit Bad,Of success so here piece Democrat say policy unit any tell create.,109.89,2234,254,Zentsphere
101234,These East,Could know price tend her value source evening least food job fear question.,19.78,2235,476,Zentmark
101235,Fight Despite,Himself onto before I guy prove accept let wonder factor energy nice civil.,939.33,2236,498,Velora
101236,Peace Air,Style degree table try serious deep recently maybe institution quality save.,645.84,2237,424,Hypersphere
101237,Whom Drop,Region firm party central blood individual water lot.,546.54,2238,127,Nexora
101238,Response Remain,Or rather trip away thing miss structure.,86.07,2239,107,Luxtrix
101239,Citizen Their,Life space ever environment must decide today remain tree dog.,930.02,2240,54,Velora
101240,Human Yard,Mr treatment feel tend service friend girl prove manage because.,297.93,2241,166,Nexcom
101241,While Game,Themselves morning time society be modern day arrive home soon.,29.41,2242,402,Hyperora
101242,Dream Design,Relationship early difference by job seven prepare drive chair war your.,874.75,2243,347,Luxora
101243,Goal Share,If everyone anything party big there himself mouth institution assume.,552.11,2244,260,Techronix
101244,Arm Evidence,Happen space begin near either doctor material large indicate sure address long.,576.63,2245,145,Zentcore
101245,Fire Operation,Likely want training race under expect.,169.51,2246,47,Nexlux
101246,Consumer Protect,Food still television light general serious order region matter eat weight wind bag.,520.63,2247,72,Techora
101247,When Check,Hospital administration guess these small nature social public assume eye head describe.,835.22,2248,418,Omnibyte
101248,Kid Per,Likely enjoy information Democrat event finish entire join north church glass clear.,944.43,2249,256,Luxora
101249,Unit Investment,Dinner whatever bed eight industry step scene become contain many behavior away fire.,535.98,2250,331,Hyperronix
101250,Result Lay,Then break not present continue teach development.,380.7,2251,205,Ecomark
101251,Air Box,Red ever finish mean forget process read between.,768.21,2252,81,Nexora
101252,Call Gas,Need wish create raise such you design keep theory role door tend hear.,77.42,2253,268,Zentora
101253,Relationship Year,Employee just each minute you candidate already such.,603.29,2254,192,Omnilux
101254,Move Cold,Thousand country food boy week can need teacher game five.,432.76,2255,134,Nexbyte
101255,Determine Since,Country near theory until attention benefit.,347.83,2256,399,Ecocom
101256,American Hear,Mother again movement town take movement name raise language run always respond.,763.8,2257,61,Ecocore
101257,Interview Reality,Mention third option return police affect west candidate while price do south movement.,754.5,2258,60,Techronix
101258,Beautiful Fly,Spring to relationship director check early star.,874.39,2259,438,Luxcom
101259,Office Wish,Recent foreign consider tend compare rich tell.,603.51,2260,222,Omnigenix
101260,Charge Goal,Station receive drug state economy activity fire option.,38.5,2261,138,Luxora
101261,Trouble Early,Loss race special technology kid issue part.,895.44,2262,487,Zentbyte
101262,Gas Plant,Chair enough single now sometimes end election hope budget.,737.41,2263,476,Luxbyte
101263,Major Society,Themselves appear individual event spring scientist.,19.06,2264,103,Luxlux
101264,Say Especially,Adult beat take happen individual turn nearly new accept stuff.,811.95,2265,234,Ecoronix
101265,There Like,Democrat government look all up book administration.,27.27,2266,127,Zentgenix
101266,Once Music,World blood then couple level thing add.,441.97,2267,155,Techcore
101267,About Question,Election store along watch television national take clear reduce enjoy church.,664.05,2268,389,Techlux
101268,Model Fear,Positive response military conference magazine population big power music film nor floor international.,243.74,2269,157,Nexcore
101269,Election Offer,West sense coach another most huge board professional.,619.86,2270,331,Hyperlux
101270,Admit Floor,Artist listen parent rise near whose responsibility.,655.43,2271,462,Velsphere
101271,Evening Challenge,Often enter news data management lot rather activity street good.,218.7,2272,274,Velcom
101272,Leader Ready,Be wind report offer father minute these machine start team.,790.3,2273,467,Ecoora
101273,Owner Special,Majority church window personal money on reflect left free mind whatever.,380.7,2274,29,Zentcom
101274,In Listen,New song his north win international leader exist woman enjoy film.,545.47,2275,142,Synronix
101275,Mission Poor,Account worry almost beautiful fish only dog.,719.27,2276,197,Techlux
101276,Clear Red,Here best table probably study food actually meet note.,57.01,2277,239,Synronix
101277,Dog Yet,Wish us reduce important send very meet office majority brother we big ready.,312,2278,350,Velgenix
101278,Create Fire,Organization thank should break eight carry field base couple.,20.52,2279,77,Velcore
101279,Stuff Second,Indeed always movement responsibility realize center budget wear positive word.,152.95,2280,257,Synsphere
101280,Team Recognize,Now building charge majority sign guess sport compare with degree.,195.45,2281,180,Hypercore
101281,Our Blood,Pay usually maintain region produce tonight suggest specific.,158.05,2282,229,Luxgenix
101282,Would Mind,Move we cold east fall card standard bill beautiful on if boy.,227.58,2283,76,Synlux
101283,Physical Open,Across war later modern tend carry authority explain.,721.63,2284,71,Omniora
101284,Good Her,Dog hotel music poor final worker how win play exist authority.,429.23,2285,80,Luxsphere
101285,Well Surface,Development race official data develop management learn subject.,234.53,2286,81,Zentgenix
101286,New Both,Many protect candidate themselves value or commercial parent writer president.,337.93,2287,498,Zentmark
101287,Well Glass,Positive discuss recognize type risk own side sea couple treatment real.,805.05,2288,453,Ecogenix
101288,Guess Property,Huge three garden sit customer world spring sea sign.,426.4,2289,330,Luxcom
101289,Process Nice,Know culture church you cut manage add turn describe very garden.,751.26,2290,69,Hypergenix
101290,I As,Remember we owner ago conference though so million protect military sit stage moment.,326,2291,480,Syngenix
101291,Nearly Girl,Democrat then ready world little which.,854.48,2292,157,Novaora
101292,Value Particular,Tough evidence provide police clear voice.,429.72,2293,414,Ecotrix
101293,Catch Politics,Audience project able more however away inside form discuss focus body upon.,426.73,2294,118,Velronix
101294,Challenge Food,Nature include attention region side bring letter.,915.28,2295,250,Omnigenix
101295,Range Step,Food get capital military hope reality many imagine building camera rise decision investment.,308,2296,19,Nexcore
101296,Base Support,Particular despite force option network bring challenge.,646.82,2297,218,Omnisphere
101297,Discuss Receive,Decision analysis material model free seem husband care.,758.61,2298,497,Ecocom
101298,Special Against,Interview doctor art western probably without bill score trade soon agent fight.,380.22,2299,158,Luxora
101299,History Member,Black section in admit candidate look case travel occur kind oil.,542.16,2300,201,Zentlux
101300,Near Far,Risk protect great today southern somebody fact hot want suffer.,303.41,2301,53,Nexbyte
101301,Despite Character,Issue throw window name know anything big shake.,645.65,2302,410,Novamark
101302,Enough Happy,Point himself west point whom not.,675.72,2303,452,Omnimark
101303,Edge Move,Subject man purpose almost kitchen deal take however.,176.06,2304,154,Omnimark
101304,Onto Turn,Off parent than behind cold argue agree behavior risk.,528.82,2305,438,Zenttrix
101305,Realize Together,Attack nearly oil should from choose letter whether try avoid.,905.43,2306,92,Hyperronix
101306,Opportunity Trouble,Politics product economic respond carry increase watch operation last team despite.,432.42,2307,8,Hypercom
101307,First Fill,Sense feel teacher bag of within actually significant later six plant rate sister.,521.08,2308,381,Omnibyte
101308,Over Federal,Teacher about action while within home dream someone oil.,544.66,2309,491,Ecobyte
101309,Whole Drop,Rule through letter manager occur third none.,466.43,2310,472,Velmark
101310,Team Each,I education ask summer feeling bring under possible there last at fall whom.,403.89,2311,245,Nexmark
101311,Research Street,Seem think play control her decision which year important computer soldier knowledge several.,302.24,2312,33,Techsphere
101312,Yet Perhaps,Figure politics political tell country behavior none this yes require once leader.,870.91,2313,420,Ecocom
101313,Pick Each,Sell cause share human gun moment help eye bag drop great lot card.,203.04,2314,210,Synbyte
101314,Else Week,Sing customer side every glass production but small food in pattern weight last.,39.45,2315,487,Synronix
101315,Move Man,Growth treat while carry happen race late most such.,586.18,2316,67,Novacore
101316,Also Generation,Spring medical ten if spring keep from.,741.54,2317,145,Novacom
101317,Positive Rise,Area plan health page arrive of concern join itself risk which.,644.63,2318,482,Synora
101318,Several These,However seek national fast save upon campaign kitchen agent trip.,738.33,2319,54,Ecogenix
101319,Agent Reflect,Drive indeed water thank arm concern step increase.,870.88,2320,118,Hypercom
101320,Approach Raise,Director me successful modern understand radio attack cost.,600.98,2321,487,Ecoora
101321,Cell Control,Upon stop star card subject summer against.,114.08,2322,121,Synsphere
101322,Step Each,Four during car bank would lawyer interview suddenly bring.,873.42,2323,360,Velcore
101323,Nature Main,Affect behind southern score southern why business share pay site career over culture.,163.62,2324,473,Nexbyte
101324,Present Heart,His control campaign wide can billion indicate she ahead remain type give draw between.,621.35,2325,406,Novaora
101325,Test Image,Side economic stop nation baby keep study success doctor.,341.58,2326,251,Syncom
101326,Exactly Remain,Could act least west certainly option rate.,915.88,2327,302,Syngenix
101327,Though Our,Country be big discuss produce notice than difficult shake industry whose.,732.57,2328,24,Hyperora
101328,Above Few,Prepare child sense purpose Republican one.,669.74,2329,13,Veltrix
101329,Toward Company,Member medical toward bed something sign push everyone sense together top quite.,255.95,2330,369,Techlux
101330,General Customer,Style radio Congress heavy more investment player development east enough role before away.,712.13,2331,359,Hypercore
101331,Light Win,Company character respond tend prepare majority stock blood stuff opportunity.,135.2,2332,472,Luxronix
101332,Newspaper Least,Pick others election detail any have heavy pull wide key actually side.,178.44,2333,302,Luxbyte
101333,Southern Account,Series least recognize something south determine easy.,215.82,2334,318,Ecocore
101334,Unit Common,Age of me despite piece play set skill message.,761.04,2335,109,Omnibyte
101335,Guy Member,Half reach professional card only citizen.,318.06,2336,342,Omnironix
101336,Behavior Its,Involve play last item front form politics arrive company official especially your can.,228.21,2337,457,Omnironix
101337,Public Whom,Resource avoid force also training customer physical food officer whole.,169.44,2338,368,Synsphere
101338,Strong Option,Rich fine look artist against forget friend through week concern born doctor follow.,25.49,2339,1,Ecomark
101339,Article Successful,Democratic page control degree nor course floor team brother treatment need example goal.,704.66,2340,375,Hypersphere
101340,Describe Prepare,Tend something evidence I as accept coach.,593.36,2341,175,Ecotrix
101341,Arm Peace,Sign join down true value morning lead catch.,310.63,2342,207,Zenttrix
101342,Outside Base,Age my officer address believe entire next attorney father avoid.,595.13,2343,361,Zentcore
101343,Store Enjoy,We buy I magazine small everything challenge serve approach I.,410.08,2344,285,Novalux
101344,Pick Leg,Large member forward great tonight minute trade wind condition certain.,479.84,2345,91,Luxcom
101345,Sing Believe,Yourself site role day practice figure already up clear.,500.93,2346,153,Novagenix
101346,Else Individual,Person should type Mrs any training get career game.,83.3,2347,475,Nexmark
101347,Value Leave,Environment company you speak grow control couple.,603.01,2348,174,Velronix
101348,Turn Collection,Through voice especially quality author role change occur buy paper the.,571.83,2349,172,Luxcore
101349,Feel Adult,Protect daughter country expert pass call technology.,355.24,2350,125,Hyperbyte
101350,Perform Board,Never wall discussion miss edge maintain response.,279.71,2351,182,Novacom
101351,Hard Tonight,She concern consider federal day beautiful within price manager always same grow.,61.97,2352,295,Syngenix
101352,Father Four,Focus because from growth push soon child.,164.82,2353,102,Velronix
101353,I Western,Enough push present smile lay information body bag cup around strong what deep.,300.74,2354,36,Synlux
101354,Federal Western,Argue young edge include main soon.,20.26,2355,33,Hypercom
101355,Address Let,Third lawyer democratic article high manage who race ground whether.,725.92,2356,162,Ecotrix
101356,Report Lead,Every both wait natural relate of social receive account feel.,713.43,2357,469,Velcom
101357,Serious Necessary,Husband film focus assume understand yes according.,460.95,2358,384,Hypergenix
101358,Financial Among,Allow admit rise name rest move weight tonight task few.,557.33,2359,96,Hyperbyte
101359,Wide Professor,Certainly interest water end town position catch base final focus himself pass see.,36.52,2360,192,Techcom
101360,Mention Likely,You decide list move concern window cold call benefit seven education.,115.56,2361,133,Novaora
101361,Without Live,Moment often play three ok event.,755.53,2362,234,Luxcom
101362,Camera Order,Ok reality future left body break sense our wonder indeed among together write.,469.36,2363,53,Hyperronix
101363,Theory Career,Cause white hope similar sort around race drug remain.,966.96,2364,282,Hypercore
101364,Daughter Miss,Executive have now research hotel accept whom force energy prove.,620.53,2365,153,Nexsphere
101365,Seek Factor,Feeling pretty happy event true tough nearly.,157.28,2366,299,Luxsphere
101366,View Down,Low science side water change because need do ago newspaper just.,960.44,2367,129,Synsphere
101367,Good Man,Exactly lot sing thousand investment vote toward watch carry soldier not build here.,925.88,2368,137,Synbyte
101368,Industry Family,Present stage lay morning rest road build rule begin.,573.9,2369,81,Ecolux
101369,Character Have,Point safe treatment discover central page take economic.,54.51,2370,466,Nexora
101370,Have Stuff,Seek hope beautiful couple within claim able officer could guy rate behavior.,832.9,2371,161,Techronix
101371,Way Worker,Whatever first force hold power story firm.,930.09,2372,261,Luxsphere
101372,Plan Challenge,Ahead argue born relate possible house civil design daughter situation government.,196.48,2373,22,Synsphere
101373,Pm Thing,Weight note group wrong include particular present down miss oil newspaper hear.,305.99,2374,400,Luxcore
101374,Tell Significant,Expect natural fast professional between unit key manager represent election mouth security.,748.58,2375,210,Ecomark
101375,Easy What,Car group agency dark forget company room spring talk police democratic happen operation.,803.19,2376,433,Techbyte
101376,Nothing Trade,Maintain tell close might blue number top these ability human child.,175.63,2377,320,Ecocore
101377,Might Capital,Employee rather break goal their sign.,687.7,2378,160,Zentlux
101378,Theory While,Too nearly would nice management true.,17.74,2379,372,Velcore
101379,Answer Yet,How big consider day especially ground.,626.06,2380,363,Nexlux
101380,Black Operation,Teach opportunity executive enter son hospital reality industry realize try.,873.93,2381,132,Techcom
101381,Wide Opportunity,Where table husband require trial player country.,104.43,2382,263,Novaora
101382,Reason Alone,National authority say chance hospital forget way interest someone own direction tax establish.,278.55,2383,345,Novalux
101383,Ability Accept,Wish defense with indeed young table wind speech across authority low hope foot.,243.31,2384,147,Novalux
101384,Place Animal,State movie role hard study friend up.,376.4,2385,13,Ecoronix
101385,Likely Investment,Dream certain it so order quickly parent represent daughter red term see.,915.64,2386,169,Luxcom
101386,Artist Board,Enough top my learn anything quality civil attention run stage assume.,645.19,2387,211,Hypertrix
101387,Matter Develop,Must must consider service white nearly language sound evening activity.,247.34,2388,396,Luxgenix
101388,Let Standard,Among to back simple so expert center woman hand PM assume begin add.,474.59,2389,417,Velcom
101389,Or Local,Daughter ten laugh his act almost each education street or alone.,516.72,2390,172,Hyperlux
101390,Among Save,Control collection born however bad upon away school man develop natural without outside.,507.91,2391,73,Ecobyte
101391,Push Fact,However heart business impact current during feel just house.,691.33,2392,404,Ecolux
101392,Soon As,Remain together face your open building rock society.,696.08,2393,99,Hypersphere
101393,Blue Tonight,News if understand here next majority process truth.,648.51,2394,320,Techronix
101394,His Other,College general financial bed middle however decade stock moment.,558.17,2395,456,Ecocom
101395,The Light,Nation matter remain its without gas dog leave security.,226.53,2396,497,Zentsphere
101396,Race Responsibility,Catch music management bank whatever sing.,976.45,2397,313,Nexbyte
101397,Reveal Perform,Least life character industry owner leave.,950.47,2398,273,Hypergenix
101398,Animal Catch,Yes pay threat room center accept leader eat recently.,928.47,2399,55,Zenttrix
101399,Law Early,Catch poor school prepare ground travel.,808.71,2400,174,Velmark
101400,Space Town,Theory teacher social sort technology tough position play.,677.6,2401,403,Zentmark
101401,Song Game,Attorney sing more executive home administration late political certain.,416.69,2402,272,Hypersphere
101402,Physical Garden,How end foreign before light really hotel.,927.84,2403,248,Omnironix
101403,Avoid Everything,Such establish every team last right interest middle second necessary learn itself.,347.06,2404,423,Hypercore
101404,Recognize Yard,Arm race thought laugh once address happen nor where.,410.27,2405,304,Hypercom
101405,Collection Anyone,Box hand discussion political close culture nature process everybody.,667.84,2406,2,Techbyte
101406,Organization Police,Will reality someone then continue church specific think region music.,289.86,2407,461,Hypersphere
101407,Office Next,Audience perhaps participant school physical north phone senior thing.,797.2,2408,105,Hyperora
101408,Form Final,Beyond use here goal interesting present south yes she kid girl.,516.66,2409,397,Techlux
101409,Dream Discover,Between the develop without money direction offer.,802.74,2410,53,Synlux
101410,Whom Anything,Assume check president his most partner help probably control pull.,429.66,2411,18,Hypersphere
101411,Continue Within,Community away book these now they.,865.9,2412,3,Techlux
101412,Culture Forward,Always consider that support event standard.,856.02,2413,368,Hypercore
101413,Own While,Stock reason party half away short piece leader others serve hit surface future.,107.73,2414,360,Hypergenix
101414,Writer Choice,Watch police ready beat draw factor fire next spring address citizen.,445.1,2415,322,Nexlux
101415,Your Enjoy,Consumer significant interview offer section have.,83.04,2416,196,Hypertrix
101416,Appear Along,Billion foot concern doctor set executive up.,129.73,2417,500,Novabyte
101417,Family Plant,Teach occur center score modern hope task whether possible.,39.51,2418,256,Velcore
101418,Price Process,Team hope lot during east rise choose true plan collection.,878.55,2419,412,Luxsphere
101419,Onto And,Medical scene bring either level themselves along from.,727.58,2420,180,Novasphere
101420,Arm Purpose,Out lay art seem radio foot everybody.,257.21,2421,245,Novacore
101421,Third Husband,Race even yes success gun major moment computer kind character yard.,829.53,2422,403,Ecobyte
101422,Gun Old,Baby everybody gas nothing catch impact.,36.74,2423,499,Hyperora
101423,Knowledge Close,Media push why so exist know vote provide gas.,165.07,2424,37,Synbyte
101424,Drug Spring,Education arm little relationship hundred school main score.,414.61,2425,271,Luxronix
101425,Professor Authority,Great necessary hold of without order serious.,315.97,2426,3,Luxcore
101426,Mouth True,Low community western himself get agent much right.,37.28,2427,472,Luxtrix
101427,Lot Computer,National voice hospital sometimes heart campaign bag.,366.01,2428,176,Zentmark
101428,Wish Issue,Away evening current few site and people indeed.,731.72,2429,317,Luxmark
101429,Just Price,Social both yard program rich month treatment very hour.,72.96,2430,324,Nexgenix
101430,Forget General,Weight get laugh raise grow meet interest single at owner well.,475.45,2431,152,Nexcore
101431,View Student,Word nature lot against everyone ground air off news final eat outside skill.,412.6,2432,133,Techsphere
101432,Another Daughter,Owner nor population really later generation student appear.,686.28,2433,193,Ecogenix
101433,Material Lawyer,Whom although church poor pass TV interest most not however somebody difference.,113.41,2434,340,Omnicore
101434,Debate Image,President job phone according crime he benefit everything rest line agency sea.,200.59,2435,403,Luxora
101435,Talk Thousand,Option might water guess trade camera.,47.48,2436,228,Luxronix
101436,Value Like,Line firm oil near appear something produce door weight news.,930.67,2437,378,Novabyte
101437,Husband Image,Forward brother drive should shake model yard listen maintain simple weight.,540.38,2438,333,Nexbyte
101438,Issue Theory,Usually according cover area decision wrong condition central movement.,542.41,2439,171,Zentmark
101439,Heavy Above,Claim a identify president college ten imagine future three.,80.16,2440,404,Novaora
101440,Total Democrat,Share right town field deep form be receive call resource other.,228.77,2441,126,Luxgenix
101441,World Possible,Morning rise throw evening room onto bill.,700.8,2442,199,Velgenix
101442,Control Trouble,Green watch last put whom onto partner player history energy accept energy.,994.94,2443,126,Hyperronix
101443,Improve Way,Watch food source southern break safe.,317.5,2444,265,Synmark
101444,Past Lawyer,Compare century now analysis score sound.,679.33,2445,424,Hypertrix
101445,Rise Laugh,Professor yard improve candidate site decision.,613.65,2446,181,Omnimark
101446,Consumer Subject,Course throughout forget investment high use standard would question guy town.,375.39,2447,250,Omnitrix
101447,Themselves New,Good economic she last leg certain charge measure include own.,419.09,2448,465,Velmark
101448,Very Nice,Less film weight treatment ever seek identify firm between power language.,410.85,2449,397,Omnitrix
101449,Quite Crime,Business old figure experience scene parent always probably.,540,2450,487,Nexronix
101450,Peace Place,Remain check everyone check too kind first standard term third try message.,242.14,2451,495,Ecolux
101451,Land Station,Fall international ever culture such camera Mrs agree pick everything.,528.59,2452,34,Novamark
101452,These Cold,General subject job create large each science fall.,333.4,2453,255,Techtrix
101453,Wide Likely,Realize option on lose surface test size.,127.87,2454,382,Novagenix
101454,Specific Probably,Laugh floor under own man yard think man.,719.9,2455,143,Ecomark
101455,Describe Project,Player run the where itself range college see in want place.,132.19,2456,69,Techcom
101456,Need Process,Site reach where account job theory away fast simply explain worry.,691.46,2457,447,Ecosphere
101457,Wind Carry,Collection four peace most woman space approach.,24.41,2458,8,Velsphere
101458,Pattern Recognize,Bed carry long card perhaps standard.,920.87,2459,297,Synbyte
101459,Strong Executive,Each end always exactly three light store increase range level imagine figure majority.,57.12,2460,150,Novamark
101460,Real Program,Speak hair everyone project enjoy throughout seem activity local.,950.96,2461,114,Nextrix
101461,Government Discover,Table child thing analysis mouth best vote whole nation everyone.,849.48,2462,88,Velsphere
101462,College And,Campaign area exist fast special rise gun human.,475.63,2463,356,Nexbyte
101463,Style Still,Analysis series manager environmental source else meeting option style present against there step.,504.12,2464,283,Techlux
101464,American Actually,Can theory which some if continue who deep wind human vote follow.,562.45,2465,200,Omnibyte
101465,Cold Vote,Method agree century success class official can.,546.67,2466,142,Omnironix
101466,Adult Need,Movement walk century seem election lawyer.,638.46,2467,428,Omnilux
101467,Phone Fire,Here huge among hit behind station else yet common without reason describe.,127.17,2468,231,Novaora
101468,Entire Public,Foot contain until west benefit us along present western protect.,382.2,2469,409,Syncom
101469,Lead You,Walk hot safe oil agreement feeling.,200.51,2470,171,Zentgenix
101470,Economy Approach,Worry policy simply chance write appear without whatever concern foreign share.,161.47,2471,471,Nexgenix
101471,Bill Treatment,Message admit shake dream form visit should newspaper cultural cover carry maybe.,462.21,2472,137,Novasphere
101472,Political Nothing,Station owner safe ever movement leave.,561.85,2473,212,Luxbyte
101473,Despite Share,Evidence form chance physical box reach court talk upon ok at car class.,416.56,2474,112,Luxmark
101474,Need More,Program even job coach city for order spring around help.,723.17,2475,132,Velbyte
101475,Federal Society,Under item leader truth for level tough.,555.75,2476,314,Zentsphere
101476,Effect Lawyer,Beautiful health him around maintain arrive instead herself generation member matter opportunity.,660.19,2477,146,Ecosphere
101477,Bar Prove,Leg moment voice name performance line.,878.93,2478,380,Syncom
101478,Determine Character,Policy from catch both guess lose.,673.4,2479,117,Techsphere
101479,Major In,Dinner executive possible learn dog they tonight individual star public.,897.35,2480,416,Syncore
101480,Marriage Card,Itself important whom choice because career strategy produce weight seven audience skin.,945.8,2481,471,Techgenix
101481,All Seem,Entire look better successful seem job field themselves feel always blood either window.,780.79,2482,284,Techora
101482,Deal War,Hotel next skill hair tell season watch.,753.83,2483,421,Synora
101483,Hot Art,Environment term floor politics wind range continue term.,808.49,2484,471,Nexmark
101484,Mean Play,Glass much material involve once develop avoid.,129.94,2485,140,Novagenix
101485,Social Issue,Item style huge office cause to current.,825,2486,115,Velsphere
101486,Pull Never,Million design beautiful find gas debate place.,609.5,2487,181,Zentronix
101487,Cut Success,Cell science table miss type exactly large future because hope although heart voice.,179.4,2488,348,Hypercore
101488,Factor Too,Follow unit range high try game quite choose computer.,388.19,2489,170,Synmark
101489,Audience Than,Three seat special success significant civil.,565.72,2490,167,Nexgenix
101490,Course Congress,Describe pull thing involve garden prepare need Democrat suffer simple.,501.24,2491,428,Zentgenix
101491,Listen Its,Have laugh exactly share risk bring.,366.4,2492,316,Omnicom
101492,Job Every,Too home poor personal series later rather particularly require officer.,730.16,2493,216,Novasphere
101493,Might Ground,Whole day will military practice leader rest law.,740.42,2494,300,Hyperora
101494,Represent Too,Truth have according speak western memory yet.,66.52,2495,253,Syntrix
101495,Senior Especially,Yes whom activity bill among own sit street think onto.,803.41,2496,494,Techora
101496,Deep Central,Cover rather thus mother finally fly political agree month.,710.72,2497,37,Ecocore
101497,Action Represent,Far send out strategy front lot.,365.41,2498,197,Syncore
101498,Evidence Me,Receive process book war foot course rise responsibility large child avoid own manage.,638.15,2499,232,Nexronix
101499,Respond Seven,Worker become bank will church impact some method appear parent rise must rate.,441.8,2500,267,Omniora
101500,Director Bit,Sort difficult along push three kitchen let check success computer artist alone.,978.31,2501,248,Omnimark
101501,Company Single,Report security operation for suddenly technology than offer yeah record.,78.99,2502,175,Luxlux
101502,Music Create,Religious partner institution east particularly future action budget.,376.3,2503,204,Omnilux
101503,Meet Many,These nor base start particularly tend safe politics language garden even majority play.,258.86,2504,289,Ecocore
101504,None Themselves,Old town much region treat public.,982.72,2505,116,Omnibyte
101505,See Above,Similar degree open team wind design.,341.84,2506,44,Zentgenix
101506,Throughout Voice,Where building school never early hot rock growth night form.,219.86,2507,485,Omnilux
101507,Fight Lawyer,Animal more data four career political bad.,521.14,2508,140,Luxsphere
101508,Say After,Age focus analysis language price speech commercial appear popular game heavy place doctor.,139.71,2509,358,Luxbyte
101509,Their Though,Different war apply under miss bring.,592.46,2510,72,Zentlux
101510,There Past,Similar movie crime PM fish leave dinner.,651.52,2511,329,Velsphere
101511,Bank Attention,Young science doctor well movement require project drug administration.,584.84,2512,292,Zenttrix
101512,Value Effect,Rate source key pick represent everything including be official listen the once.,861.57,2513,192,Ecotrix
101513,Agency Happy,Key interest factor fund particularly front and.,328.15,2514,6,Luxcom
101514,Whose Way,Foreign boy feeling money task floor resource feel.,658.55,2515,162,Hyperlux
101515,Around Work,Rather make believe movement these gas little ask chance able what ever morning.,742.03,2516,77,Novalux
101516,Shoulder Without,Modern usually happy fire rate federal great up design everyone really policy.,235.78,2517,305,Novasphere
101517,Minute Employee,Arm for necessary guy nature head series leader same.,970.81,2518,83,Hypermark
101518,Upon Window,Grow nothing into where professor half environmental list whom offer factor southern develop.,866.33,2519,89,Techronix
101519,Meeting Listen,Night employee rate no manage station measure show company sound.,757.5,2520,346,Novagenix
101520,Phone Dark,Morning assume act soon ball happy cultural west your.,417.11,2521,348,Luxcore
101521,True Season,Word seek either tree whether and blood century standard do central.,421.13,2522,406,Nexlux
101522,Ball Couple,Choice door life not happy operation country five different much.,607.58,2523,295,Novacom
101523,Happen Teach,Work central me red campaign two collection raise trial large agent.,640.92,2524,86,Omnitrix
101524,We Seem,Environmental shoulder describe form accept talk executive to same surface nature close fish.,61.8,2525,19,Luxlux
101525,Method World,This hot star the increase dog hotel just pay song.,388.72,2526,391,Ecocom
101526,Church Activity,Get evening expect crime speech put smile personal.,427.41,2527,35,Syntrix
101527,Form Office,Item even wife time friend still case.,993.07,2528,272,Novacom
101528,Suffer Game,Article little they quality kid who.,428.22,2529,159,Veltrix
101529,Something Particularly,Responsibility nation power together stock conference soldier indicate room loss put mother result.,312.99,2530,113,Omnibyte
101530,Contain Business,I travel heart city strong computer himself I while statement.,681.56,2531,258,Ecotrix
101531,Sell Town,Tax hit peace mission reason spring to white.,767.92,2532,36,Synmark
101532,Say Sing,In look somebody toward writer most prevent my enough interest well.,222.75,2533,243,Zentbyte
101533,Machine Allow,Somebody painting to every answer remember analysis save maintain at within trial impact.,358.59,2534,282,Zentsphere
101534,Society Agree,Fight body just hold result television beyond around throughout early adult.,336.58,2535,246,Omnironix
101535,Analysis Church,Turn play from practice discussion side alone will almost act again care power.,693.45,2536,200,Synlux
101536,Off Sure,All example this nature tonight after now alone.,559.11,2537,400,Hyperlux
101537,Partner Hard,As edge college movement front star impact daughter turn.,620.92,2538,10,Synlux
101538,Event Already,Degree notice indicate decision off financial high growth buy report day wonder condition son.,163.78,2539,449,Ecocore
101539,We Better,Thousand cultural common its third yourself without.,399.3,2540,318,Omnimark
101540,Take Serious,Every look fall study doctor executive provide wife real program player among stuff.,550.38,2541,40,Techcore
101541,East Always,Form never recently protect design pretty cold.,609.77,2542,194,Ecomark
101542,Upon History,Defense scene even TV reflect positive phone have first special shake body.,216.41,2543,64,Hypermark
101543,Rest Future,Knowledge practice age southern quite create miss environmental help.,492.18,2544,336,Omnilux
101544,Represent Child,Central act personal investment accept arm peace pick enjoy police capital significant hit myself.,143.33,2545,243,Hypersphere
101545,Strategy Purpose,Green already product check because because also professional actually.,750.47,2546,426,Nextrix
101546,Carry Make,Stay rock feel phone recognize floor air data challenge.,213.94,2547,139,Omnicom
101547,Eye Employee,System drug military major can baby price ask.,178.87,2548,207,Novaora
101548,Section Perform,Early everyone as four team space truth color lot and plan environment.,86.69,2549,426,Nexora
101549,Physical Buy,Note bank live pattern run compare approach if perform new professional situation.,387.63,2550,397,Luxgenix
101550,Talk Tax,Finish idea green likely image house card culture box.,250.76,2551,407,Luxlux
101551,Choose Left,Evidence family report any doctor adult admit certain fly range ten place actually.,491.98,2552,447,Techcore
101552,House Job,Top fact sign truth study never education across feel prevent.,389.63,2553,149,Zentcom
101553,Difference Report,New through child capital modern my.,896.69,2554,376,Zentsphere
101554,Most Analysis,Life report but wear a suddenly of support soon soldier occur.,432.19,2555,9,Hypergenix
101555,Live Article,Nation sport newspaper next no glass quality enjoy everybody report speech industry three.,91.07,2556,184,Omnilux
101556,Military Thus,Use I operation customer somebody offer medical around when early real.,934.67,2557,459,Nexbyte
101557,Unit Clearly,Week almost institution between concern including idea town about herself hope these.,360.87,2558,66,Hyperronix
101558,Something Inside,Realize on agreement statement low size offer leg.,200.84,2559,225,Zentcom
101559,Most Natural,Him draw government send himself everybody issue owner finally.,550.22,2560,477,Zentcom
101560,Too War,Wear hundred drop hope value special.,227.09,2561,359,Zentcom
101561,Democrat Campaign,Mention big animal body next most.,593.44,2562,57,Techora
101562,Effort Old,Positive commercial choose training help event room.,292.1,2563,261,Omnironix
101563,Voice Whose,Decision what might you organization school wind.,824.47,2564,482,Techcom
101564,Mention American,Likely blue image truth soon firm beyond production theory big.,269.77,2565,252,Novamark
101565,Art Poor,Prepare Mrs when finally interview child debate must hope four where they whether.,631.88,2566,238,Novalux
101566,Near Range,Music writer personal ask probably direction among include maybe.,730.96,2567,117,Syngenix
101567,Where Hot,Soon crime thing affect house land society morning spring citizen door.,433.54,2568,40,Luxsphere
101568,Look Important,With remember unit glass since religious other attention.,245.72,2569,451,Luxcom
101569,Style Authority,Serious full bag respond body shake wear season although increase.,715.24,2570,138,Omnimark
101570,Have Fill,Nearly agree skin part imagine dark property five none in develop pay.,413.68,2571,307,Nexsphere
101571,Each Party,Already impact already quality Mr thank glass professional top little.,704.93,2572,320,Omnigenix
101572,Century Nearly,Appear trade against feel firm cup south firm require hard day.,42.78,2573,245,Synbyte
101573,Over Require,Board three human series often movement two.,820.32,2574,341,Novaronix
101574,Base Hit,Raise inside lead fear expert suffer too which eight culture community.,843.32,2575,228,Syngenix
101575,Statement Style,Continue whom animal white remain head provide but wife smile turn.,512.53,2576,462,Techmark
101576,Up Professor,Project public data also water one door situation.,84.85,2577,253,Novabyte
101577,Help Admit,Two way per whatever yeah network policy.,937.75,2578,311,Synmark
101578,Thank Order,Wind crime dog business citizen majority baby find Democrat room.,48.52,2579,428,Synora
101579,Exist Simple,Experience answer already manager issue mouth once become modern change lawyer.,28.7,2580,274,Nexlux
101580,Writer Effect,Free eight food market state group mention great commercial stuff play increase able.,814.11,2581,43,Synsphere
101581,Director Him,Eight mother certainly line western speak the very rest institution air.,951.17,2582,483,Omnigenix
101582,Baby Political,Occur do old raise ever sign happen affect fill turn place hand window.,763.51,2583,475,Hypercore
101583,Read Sometimes,Call six develop those thought economy very positive result later door behind.,980.37,2584,329,Zentgenix
101584,Group Soon,Water instead just decide forward full task region describe something society hotel.,781.07,2585,442,Novacore
101585,Also Hundred,Agency use heart question economy your choice almost.,203.38,2586,231,Omnitrix
101586,Board Every,Develop road share of explain perhaps number bring however bill film.,572.88,2587,82,Luxmark
101587,Goal Factor,Conference attention hotel north hard consumer family term figure low into.,91.33,2588,228,Zenttrix
101588,Wife Threat,Modern challenge back guess director guess computer old will case nothing book.,414.95,2589,268,Nexsphere
101589,List Perform,Reduce smile old account base throughout natural across.,360.94,2590,483,Novalux
101590,Sing Resource,Relate western rock mean baby professional now.,135.33,2591,139,Hypercom
101591,Similar Movement,Authority family among data fact mean successful room during.,622.65,2592,425,Novabyte
101592,Really Here,Such painting work employee another treat.,885.5,2593,193,Luxronix
101593,Church Truth,Lot risk enter mention service how doctor yet could person.,614.79,2594,453,Velronix
101594,Summer Reach,Guess certain building color individual meet alone.,577.36,2595,439,Zenttrix
101595,Total Return,Save live receive machine president look someone term born.,801.83,2596,153,Novalux
101596,Play Anyone,College food occur reach doctor issue.,318.19,2597,340,Synbyte
101597,For Catch,Crime without where he help catch staff think.,578.95,2598,473,Hypercom
101598,Politics View,Could pretty sister civil manage no evidence main will space.,984.62,2599,458,Vellux
101599,Size Thousand,Home street measure remember realize change room put.,758.23,2600,494,Omnimark
101600,According Single,Eye resource recently each low join environmental majority build.,939.45,2601,343,Hypermark
101601,Hold Year,Usually television party edge type spend.,478.78,2602,98,Novagenix
101602,Have Piece,Whether commercial lawyer pick reality watch no success quality.,129.42,2603,20,Vellux
101603,Away Story,Happen life magazine step present exactly agent later when.,339.74,2604,289,Ecosphere
101604,Face Civil,My find firm recent organization whole have politics several management citizen analysis personal.,306.86,2605,263,Nexcom
101605,Probably Which,Fast exactly vote not Mrs buy name cell thus wide ball guy remember.,686.07,2606,482,Omnisphere
101606,Stuff Defense,Close bit media account food black institution after.,922.1,2607,401,Novatrix
101607,Century Public,Memory individual woman notice fish western crime ask resource use season government.,284.97,2608,452,Techcom
101608,Myself Suffer,Every total enough management nation this site sit.,744.67,2609,500,Novacore
101609,Establish When,Source great full product operation several pick.,178.35,2610,373,Novacore
101610,Purpose Recently,Appear kid wide imagine sea short just south you list.,514.61,2611,151,Novalux
101611,Remain Some,Always himself work lawyer fast she at seek raise reflect future seven tonight.,851.27,2612,278,Luxmark
101612,Center Professor,Reflect popular miss defense industry treat final.,163.93,2613,10,Velsphere
101613,Pass Stage,Financial idea debate according nice market medical become physical career would.,365.31,2614,167,Velbyte
101614,Day Couple,Until that information very quality think article significant arrive.,47.32,2615,399,Techlux
101615,Night Both,Old relate join year role return than by say.,806.85,2616,360,Velmark
101616,Process Wear,Light yourself theory control state into argue cut middle myself book.,921.95,2617,381,Zentmark
101617,Through Street,Effort tough wall owner less operation hair memory research Mr.,195.96,2618,448,Hyperbyte
101618,Reality Cover,Successful end TV later message morning couple water fill guy standard.,798.21,2619,390,Nexmark
101619,Its Protect,Agency ability box meeting chance modern.,926.87,2620,348,Omnimark
101620,Peace Activity,Break Democrat edge look right customer bill.,765.98,2621,177,Synronix
101621,Late Lose,Baby citizen arm let hair effect someone.,274.56,2622,411,Nexora
101622,My Assume,Direction add on set such protect look.,986.54,2623,303,Velora
101623,Chance Want,Executive protect range program later suffer plant majority sister.,557.47,2624,88,Techbyte
101624,Friend Would,Catch partner laugh somebody meet billion poor tax goal.,786.24,2625,1,Nexmark
101625,In Little,Peace Mrs guess near move since walk your positive us include.,24.57,2626,424,Zentora
101626,Compare Experience,Interview should only hit protect tough thank two child operation measure former seem.,137.58,2627,258,Zentcom
101627,Reduce Rock,Brother travel subject statement behavior including believe cost around approach natural all business.,867.79,2628,482,Zentbyte
101628,Dark Probably,Letter away yeah future eye whether recognize interest ask.,266,2629,137,Novacom
101629,Nearly Eye,Top keep community life land score home though blue feel.,314.02,2630,345,Hypercom
101630,Kind Relationship,Can tend financial painting yard including.,638.94,2631,475,Hyperlux
101631,Green Drop,Exactly film Mr what push they.,606.6,2632,156,Ecocore
101632,Detail Government,State half without special billion wall baby.,911.28,2633,443,Techgenix
101633,Analysis Same,Out have music stand specific camera federal nor class stage suggest.,331.69,2634,174,Novasphere
101634,Across Paper,Clear listen expert professional dinner human agent so physical.,334.97,2635,488,Novalux
101635,Campaign Far,Billion gas size test apply important fill.,333.22,2636,191,Novalux
101636,Left Position,Worry worry exactly thus what attention west.,450.67,2637,79,Velora
101637,Return Never,Feeling try take arm force region.,323.17,2638,165,Zenttrix
101638,Within Production,Body different product lead report scientist benefit marriage field can.,186.25,2639,109,Velcom
101639,Conference Glass,Occur large rate boy car apply trip.,473.41,2640,359,Techtrix
101640,Argue Thus,Beyond run run degree technology energy market within may.,146.83,2641,57,Nexlux
101641,Foot Finally,Plan international early or these every community three.,640.76,2642,91,Techgenix
101642,Main Decide,Specific position yes radio to high game president friend site your perhaps by.,819.73,2643,78,Zentbyte
101643,Community Camera,Enjoy pretty arrive money together fear size across and.,724.38,2644,296,Novacom
101644,Window Account,Clear upon product return technology career.,766.36,2645,205,Veltrix
101645,Radio Property,Usually space method way draw early later hour dinner country doctor billion.,966.38,2646,90,Techcom
101646,Common Available,Floor person until son couple decision speak fact guy join and.,187.76,2647,99,Hypergenix
101647,Business Performance,Those behavior agreement power before technology within last product someone cultural southern whole.,932.39,2648,413,Zentcore
101648,Research Form,Almost really without close finally international may debate trouble guy any measure stand.,442.36,2649,7,Hyperbyte
101649,Response Tv,Both score science key cover clear amount less item.,611.2,2650,421,Hypertrix
101650,Hard Goal,Suddenly represent professional watch wrong land even scene whatever operation occur quite.,666.18,2651,376,Ecocore
101651,Car Surface,Decide media news difficult trip ball begin page goal buy practice inside build.,533.25,2652,138,Luxtrix
101652,Truth Arrive,Include amount leg gas it letter production letter.,588.37,2653,235,Zentcom
101653,Either Sort,Water conference particular enjoy which have very different parent prove deep old movie.,533.69,2654,28,Zentcore
101654,Out After,Answer serious at girl range doctor vote difficult research type gun measure.,612.19,2655,118,Novalux
101655,Whatever Analysis,Western teach source house expect recently sea well human like key just drug.,819.7,2656,316,Vellux
101656,Assume Bag,For table election since opportunity hope prove born mention Democrat range.,135.71,2657,31,Ecoora
101657,Middle Beat,Job side major no operation than technology teach.,807.69,2658,409,Synsphere
101658,Present Act,Create happy because church job theory hundred statement sound pick travel goal.,28.18,2659,70,Hypercore
101659,Anyone Degree,Yes certainly man sit page she down.,676.98,2660,334,Novacore
101660,Newspaper Spend,Large song you discuss community space.,823.93,2661,21,Nexmark
101661,Five Need,Rise involve perhaps agent themselves party large once born continue.,620,2662,465,Hyperlux
101662,Economic Sure,Customer term hospital six wonder wide have either hour couple nor worker development.,339.48,2663,260,Novaora
101663,Involve Adult,Here vote value full growth everything once hold.,544.8,2664,144,Velcore
101664,Public Or,Star lay tax rock when question full station.,491.41,2665,179,Velgenix
101665,Save Control,Song happy study probably write tonight event resource.,567.56,2666,318,Hyperbyte
101666,Your Them,Pretty human game dream gas chance mean go sea possible listen they job.,446.83,2667,20,Zentbyte
101667,House Hope,Thing wish ball number type most general military.,18.81,2668,91,Ecosphere
101668,Body Win,Lose according such ability must there nothing structure necessary information.,17.69,2669,151,Zentgenix
101669,Question Three,Memory doctor indicate feeling onto any.,138.68,2670,154,Luxronix
101670,Hospital Civil,Age product leg everyone tonight or several.,247.35,2671,108,Vellux
101671,Game Listen,Bad wish career hope from two fast sit these might project.,736.93,2672,360,Omnilux
101672,Institution Reduce,Main beautiful campaign feeling professor dog put something page environment west.,476.78,2673,288,Zentsphere
101673,Among Modern,Whatever stuff Republican for debate present spring federal region ever their character.,201.14,2674,297,Ecoora
101674,Forward Various,Finally significant next lawyer morning goal perhaps quality majority add offer.,199.5,2675,131,Nexmark
101675,Reach South,Arm interesting student learn true total.,827.26,2676,4,Novamark
101676,Live Hot,Of per special yes word throughout degree decade whose thank.,88.79,2677,235,Velbyte
101677,Of Piece,Base behavior start throw interest scientist behind exist good.,639.09,2678,458,Luxcore
101678,Still Blue,Stand allow eight husband really conference Mr yeah base address.,79.56,2679,147,Ecocore
101679,Item Left,Husband year prove result throw apply year election new child seek doctor.,88.52,2680,93,Zentmark
101680,Easy Summer,Control world prepare later very certain certainly baby.,681.84,2681,414,Hypercore
101681,Read Despite,Show plan interest go evening behind each plant.,664.85,2682,17,Veltrix
101682,Course Write,Fight cover hand clear know among teach television.,323.16,2683,124,Ecogenix
101683,Then Accept,Simply better deal decision record condition best successful.,574.27,2684,292,Novacom
101684,Reduce Congress,Despite education age grow just since Congress hope newspaper.,853.59,2685,239,Novacore
101685,Indeed Democratic,Trouble between personal fire group all page not.,628.41,2686,351,Zentronix
101686,College Score,Town different bit serious present structure special audience say police somebody generation.,763.63,2687,169,Omnicom
101687,Family Far,Recent break lead hear teach within simply reality executive finally not black start action.,174.03,2688,454,Nextrix
101688,Enter Along,Or during evening professor like generation station agree nor smile political brother.,303.62,2689,80,Synsphere
101689,Wait Culture,Movie treatment bank father bed commercial culture Democrat safe professional.,588.43,2690,386,Zenttrix
101690,Though Answer,Analysis manager value world cut like security child receive person.,18.74,2691,161,Velbyte
101691,Suggest Important,Clearly system concern group produce although four easy old still the expect all.,941.05,2692,264,Luxlux
101692,Plant These,Space indicate piece economy can sea must use main large weight score.,167.89,2693,311,Novaronix
101693,Different Eight,Suffer push size institution serious mention seem four half.,750.61,2694,273,Syntrix
101694,Large Opportunity,Identify nearly open defense cut which foot around.,624.3,2695,435,Techgenix
101695,Their Better,Decide ten ground meet research newspaper walk visit student north happen run.,905.64,2696,293,Ecoronix
101696,We Feel,Bad decade stage role drive six never wife wear.,867.48,2697,421,Velcore
101697,Nearly Ago,Discussion agreement country society account able really without computer.,442.47,2698,199,Velora
101698,Positive Hospital,Approach notice doctor fast provide hour look meet.,135.23,2699,143,Hyperlux
101699,Many We,Hard position challenge stage information leg Mr.,497.61,2700,10,Luxsphere
101700,Tv Cup,Central culture despite far place detail manage policy hour old seek send now.,864.64,2701,57,Ecotrix
101701,Idea Ok,Situation professional resource suffer meeting care.,153.1,2702,356,Techcom
101702,Rich Young,White develop blue about fly probably some minute land day product operation.,718.84,2703,396,Techmark
101703,Factor More,Assume though explain sound learn carry power huge.,690.24,2704,68,Synora
101704,Especially Break,Evening free role while worry ahead dark green head sit.,428.26,2705,212,Novacom
101705,Tree Position,Turn shake they left need economic others type cell.,561.23,2706,367,Synlux
101706,Employee Us,Space seek project go lead black.,86.81,2707,83,Omnibyte
101707,Rich Fish,Just right if range box stop.,88.07,2708,484,Ecolux
101708,Glass Physical,Ground create indeed plant might mouth PM spend yet everyone boy money.,595.69,2709,228,Luxronix
101709,Explain Walk,On interesting produce benefit large radio.,558.73,2710,370,Hypergenix
101710,Ball End,Enjoy break alone certain less when form.,462.08,2711,137,Techlux
101711,Sort Test,He each artist price ahead among to our cup.,104.75,2712,369,Zentora
101712,Statement Foot,Break argue begin pick sign practice hope edge each relate.,567.64,2713,203,Novacom
101713,Low Result,Shoulder nice gun somebody write local natural next garden law choice exist board.,359.77,2714,208,Velsphere
101714,Just Buy,Hear feeling letter west thus maintain well talk weight real forget.,971.92,2715,319,Zentmark
101715,Next Able,Give education size likely account seat end meet write pattern piece main understand.,108.06,2716,129,Techbyte
101716,Speech Turn,According either vote front market city road close.,352.65,2717,342,Veltrix
101717,Majority Senior,Drop however loss girl after describe.,663.79,2718,74,Hypermark
101718,Policy The,Practice receive exist early movie two hand couple test interview amount somebody describe.,79.87,2719,402,Velronix
101719,Pattern Go,Central must but around rich deal or send certainly top with.,53.01,2720,179,Techcore
101720,Apply Follow,Figure understand himself set industry time peace season past.,692.05,2721,84,Omnitrix
101721,Attention Perform,She three television great message yet employee trouble.,328.4,2722,307,Zentora
101722,News Possible,Compare discover among check last specific.,232,2723,201,Synsphere
101723,Know Church,News conference each himself truth writer actually Republican weight century.,962.64,2724,339,Novaronix
101724,Thus Article,Listen drive recently once indicate easy pretty although amount.,637.4,2725,240,Hyperbyte
101725,Much Health,Left economic deep surface arrive parent factor hundred culture happen.,787.2,2726,46,Syncom
101726,Weight Strategy,Old seat billion could professional exactly.,312.77,2727,253,Nexbyte
101727,Serious Art,Include together truth agree southern mind inside behind husband line young bring poor.,476.08,2728,98,Techgenix
101728,Fall Kind,Term great fast national meeting suffer rate away campaign hold simply traditional.,293.33,2729,30,Hyperora
101729,Start Student,Then out white common marriage evening side open happy middle affect standard.,232.48,2730,244,Zentbyte
101730,Doctor Moment,Suddenly subject enough either discussion north issue.,141.38,2731,459,Omnicore
101731,Mean Gun,Suffer meet if writer think prove language seek now mouth ground toward life.,129.16,2732,390,Hyperora
101732,Local Population,Baby population seat man candidate manager sense official culture certain brother road always.,203.63,2733,268,Hyperbyte
101733,Until Stand,Beat analysis necessary brother power billion tree get ability boy.,392.49,2734,488,Nexcore
101734,Pm Far,Movie push power this morning feel school because apply Mrs six news site.,361.69,2735,463,Luxsphere
101735,Game Beat,Civil religious rise into present pretty power.,942.28,2736,263,Zentbyte
101736,Pretty Case,Defense arrive my appear itself writer pay.,318.6,2737,246,Velsphere
101737,Leader Step,Admit quickly push upon collection level reveal.,850.82,2738,284,Hyperbyte
101738,Finally Happy,Get ahead edge unit step ball down.,297.81,2739,93,Omniora
101739,Look As,Religious PM life born try risk store all why interesting decision gun among.,798.77,2740,224,Hyperbyte
101740,Become Way,Bring none attorney quite impact chance partner describe yet when night.,33.84,2741,409,Syncore
101741,Page Feel,Live particular form often between standard star others.,900.14,2742,134,Zentcom
101742,According Nation,Product old civil low task receive yes simply stop capital.,828.75,2743,149,Velbyte
101743,While Identify,Than couple same task life put toward.,527.47,2744,356,Novalux
101744,Age Get,Someone out view everything mother option speak particularly rich.,373.53,2745,288,Omnibyte
101745,Cup Concern,Of upon later with those cup house song person.,128.89,2746,386,Techgenix
101746,Charge Him,Hair difference how chair Mr address station practice billion star stage of.,994.34,2747,457,Omniora
101747,Out Moment,She evening program despite not event arm consumer claim food win mother mention.,896.48,2748,112,Zentmark
101748,Goal Final,Tree policy important clear language official different none meeting city hundred very ground special.,518.2,2749,256,Zentora
101749,Money Which,Level wait keep his fill fall product politics almost official remember all.,676.82,2750,495,Zentora
101750,Short Billion,Seven nice explain now structure themselves safe herself.,766.33,2751,259,Velbyte
101751,National Field,Happy floor miss a stuff poor kind each great ball never whose your.,216.63,2752,403,Omnigenix
101752,Guess Stand,Spring road people next executive already attention boy blood organization however instead.,158.52,2753,61,Syntrix
101753,Quality Fill,Everything I activity then cultural evidence article her outside purpose identify lawyer debate.,868.42,2754,350,Techcom
101754,Nation Training,Better coach look wide fill cause center happy find design.,297.53,2755,353,Techora
101755,Month Character,Professional sport security ability medical also.,993.21,2756,22,Ecolux
101756,Return Until,Lead seem find wish could easy must increase finish seat region.,795.49,2757,45,Nexlux
101757,Tonight Indeed,Thank go task benefit lead really to policy.,249.16,2758,240,Techtrix
101758,Experience Forget,Television eat speech institution generation everything her soldier.,73.67,2759,282,Zentora
101759,Else Although,Area despite again economy current off case relate language whose.,19,2760,136,Novaronix
101760,Test Around,Into image while just really first field sing with one.,210.76,2761,226,Hypercore
101761,Rest Inside,Teach bank eat fly admit teach stop him special model beat.,271.69,2762,203,Synsphere
101762,Read Deep,Order recent above wait kind keep.,440.13,2763,370,Techbyte
101763,Lot Not,Record can nice glass himself difficult side hand the.,306.92,2764,319,Luxmark
101764,Yourself Hour,Two challenge contain whose election her soldier.,23.66,2765,113,Luxronix
101765,Fact Yard,Environment child industry section very doctor.,194.03,2766,220,Luxlux
101766,Represent Reason,Fund executive turn some behavior perform last building inside modern.,932.97,2767,114,Luxbyte
101767,Focus Company,It four agreement nice lead throw crime each college deep.,130.49,2768,490,Techronix
101768,Pattern Myself,Involve commercial she article somebody sign point happen agree front black.,172.1,2769,26,Novasphere
101769,Item Great,Among Mr country rise bill man school receive appear wind than.,426.47,2770,95,Nexora
101770,Always Rock,Fire no air ready kind recent former view least if participant kitchen imagine.,923.53,2771,395,Syntrix
101771,Various Family,Field development hard break sort store fill conference skin for open blue increase.,760.88,2772,184,Omnisphere
101772,Western Get,Hard about prepare guess consider four discussion available else.,951.69,2773,423,Nexsphere
101773,Answer Everybody,Front tough oil either by oil red simply tax tonight end green.,681.46,2774,8,Ecosphere
101774,Tv While,Institution kind woman conference answer system present member program.,292.08,2775,307,Zentmark
101775,Skill Seek,Against office protect anyone most some discover beautiful glass outside.,978.71,2776,383,Velmark
101776,Recognize By,Price movement southern during national during ability quickly such everything number budget.,117.73,2777,177,Vellux
101777,Yet Example,Clear house cell day blood environment spend.,896.39,2778,499,Luxcore
101778,Significant President,Above long brother book sell suddenly whom pay country project eye all opportunity.,146.06,2779,337,Synronix
101779,Exactly Experience,Culture daughter after step learn test woman daughter bill unit.,742.59,2780,360,Techcom
101780,Amount Loss,Board generation successful action at bag off wear program attention.,828.18,2781,212,Novacore
101781,Surface Stand,Process sort adult this less when nothing style catch Mrs she skin factor.,658.13,2782,496,Omnibyte
101782,Trouble Half,Environment about best since economic myself stop society brother body six.,131.36,2783,382,Zentmark
101783,Traditional Financial,Production administration accept about well contain myself.,743.32,2784,270,Ecobyte
101784,Draw Hour,Party fine various station similar industry however he.,679.08,2785,446,Zentmark
101785,Set Should,Few war door behavior same response dark available mother.,678.03,2786,243,Luxtrix
101786,Life Happy,Also away player media off respond deep pressure ahead manager and such stage staff.,359.17,2787,343,Ecosphere
101787,Off Western,Maintain discuss increase seek support answer still the standard.,875.69,2788,154,Synora
101788,Move South,Detail hard tax back ground community behind inside central.,614.01,2789,478,Omnigenix
101789,Court Sort,Two go tell ball suddenly such month author into international blue take listen.,709.77,2790,183,Nexsphere
101790,Market Travel,Bad money himself dog room strategy live doctor.,569.8,2791,400,Omnibyte
101791,War Whatever,Size detail real continue her try go child.,543.87,2792,439,Velbyte
101792,Street Home,Think idea just wide feel deal eight source.,346.9,2793,234,Luxsphere
101793,Loss Size,Think nation we treat light nation age create happen.,299.82,2794,71,Nexlux
101794,Arrive With,Tell though main draw player hospital.,576.06,2795,32,Zentora
101795,Anything Player,Weight green school somebody challenge center game from instead care animal what.,158.95,2796,12,Novacore
101796,Easy Southern,Ready story answer field month arrive keep create Mr remain hour.,240.08,2797,119,Hyperronix
101797,Later None,Media detail beyond around music much floor.,745.85,2798,286,Velora
101798,Check Stock,Glass agreement our available toward wish cold measure organization although beyond fish recognize.,633.08,2799,374,Techsphere
101799,Sit Available,Could without able source nothing simply design during world toward.,750.3,2800,217,Zentlux
101800,Because Pm,Media size parent what institution leader nothing view unit drive.,940.58,2801,229,Syncore
101801,Certainly Senior,Put girl leader present also establish future these late.,379.08,2802,282,Omnironix
101802,Data Phone,Production treat collection happen how senior voice month most forward.,305.13,2803,19,Techbyte
101803,Laugh Close,Manage figure where born another should.,388.73,2804,226,Techtrix
101804,Value Newspaper,Air physical easy any size main learn American.,177.48,2805,416,Omnironix
101805,Subject Group,Somebody play science especially certain offer loss customer.,55.4,2806,60,Velcore
101806,Save Trial,Bill note understand popular free anything near available down social.,690.73,2807,481,Syncore
101807,Human Miss,Hospital use go body rather then watch because.,635.04,2808,498,Zentcom
101808,Research Mean,Space not either need maintain between find actually care name chair.,912.2,2809,431,Techronix
101809,Take Building,And official size indicate cold whose accept opportunity standard by them provide hand.,553.43,2810,48,Novasphere
101810,Under Keep,Coach choice seem impact oil long leave here every worry cup physical.,148.54,2811,106,Ecotrix
101811,Total Subject,On film them personal arm test minute everything role two himself.,966.55,2812,61,Zentora
101812,Sing Approach,Society social state day cultural nation contain among cold return research federal.,858.88,2813,56,Novaora
101813,White Industry,Other across morning radio everybody you executive indicate.,607.3,2814,98,Novaronix
101814,Record Full,Something democratic reduce watch suffer entire parent we discuss too yard cause.,216.88,2815,426,Techsphere
101815,Ability Nature,When remember travel very whom reach mother number across.,652.4,2816,240,Hyperbyte
101816,To Professional,Help understand price campaign letter store base wrong main.,926.07,2817,498,Zentlux
101817,Huge Mrs,Sell over thought off buy save important language dinner join hand.,10.02,2818,293,Luxmark
101818,Recently Check,Manager dinner find public reduce team single.,618.97,2819,166,Zentlux
101819,Evening Involve,Tough activity others military now education same between.,189.12,2820,264,Syncore
101820,Side Just,Open consumer music who science thing.,45.41,2821,462,Luxsphere
101821,More Too,Season full easy chance foreign cover.,870.01,2822,469,Techgenix
101822,Manager Pressure,Service trouble think challenge step voice.,824.32,2823,82,Hypercore
101823,Site Color,Nothing send pressure seek statement about administration drop life hotel cut.,877.64,2824,66,Zentgenix
101824,List Audience,Easy dog play follow do today one city rest.,135.31,2825,60,Novasphere
101825,Carry Outside,Vote somebody management gas beyond full age once leave claim million record.,127.7,2826,422,Zenttrix
101826,Herself Issue,Part population evening leg lose develop deal charge specific myself.,655.83,2827,13,Ecocore
101827,Car Shoulder,Suddenly phone prevent Mr old save grow show drug store owner yourself Mrs while.,676.11,2828,350,Synlux
101828,Scene Fact,Pass less Mr after expert indicate race raise.,507.69,2829,117,Omnibyte
101829,Need Car,Nearly relationship represent standard team phone around eat successful.,610.46,2830,301,Novamark
101830,Each During,Somebody second dark issue draw single energy both these individual purpose send quite.,977.3,2831,281,Luxcore
101831,Light Grow,Born enough stage computer mention site charge most every pretty tax.,909.88,2832,258,Omnigenix
101832,House Care,Citizen opportunity five now smile conference great.,344.65,2833,74,Luxtrix
101833,Firm Door,Standard image our in forget over democratic apply.,76.19,2834,198,Luxmark
101834,Among Always,Enjoy speech hotel pass same traditional example project.,870.16,2835,350,Synsphere
101835,Clear Letter,Hope large painting or order them yet beautiful window crime effect.,899.49,2836,136,Novasphere
101836,Major Stand,Thousand side together office entire turn public mouth company outside.,643.92,2837,486,Ecolux
101837,Recognize Husband,Nice seek agent small white involve light.,753.57,2838,52,Zentgenix
101838,Must Successful,Under ball discussion decision assume small believe would sing girl could partner.,175.51,2839,275,Syncore
101839,End Story,Case or production position subject well couple himself natural owner well table see.,195.2,2840,317,Ecosphere
101840,Reach Read,Individual wonder reflect field order avoid one.,615.66,2841,214,Hypersphere
101841,Vote Base,Against girl leader pressure popular raise free radio.,653.33,2842,97,Ecogenix
101842,Maintain Budget,Guess size professional cost international fly begin reveal.,767.88,2843,481,Nextrix
101843,Blood Rest,Process land late we can lawyer prevent.,549.18,2844,383,Ecolux
101844,Student Staff,Themselves well type cell trade however exist property suddenly.,830.64,2845,268,Syncom
101845,Page Could,Degree away early data bill economic into stand worker.,267.89,2846,329,Velgenix
101846,Reason Project,Many here let else society huge policy tax help way top key.,767.7,2847,279,Novagenix
101847,Read Tv,Issue wife example security receive wear degree should old quality news friend score.,118.53,2848,309,Zentcore
101848,Nearly Option,Pull main evening trouble environment read best statement leader foot alone environmental two.,923.53,2849,36,Omnimark
101849,Teacher Apply,Upon across position control take cover three their.,974.27,2850,272,Techlux
101850,Magazine Decide,Catch wall when statement own get morning kid.,978.38,2851,42,Luxtrix
101851,Write Although,Attention property type sense line final clear worry.,137.92,2852,268,Zentronix
101852,History Participant,Effort see fact show safe head.,999.96,2853,460,Luxronix
101853,Either Along,Sign least east executive discussion without season.,530.67,2854,23,Syncom
101854,Charge Heart,South little political nature look suddenly mention fire physical toward top start.,655.69,2855,52,Velbyte
101855,Center My,Less place exactly public often could beat old travel own treat pick.,650.31,2856,299,Techsphere
101856,Benefit Address,Begin company whole front last pretty.,973.41,2857,265,Omnitrix
101857,Enter Force,Stock use ability major product do.,745.03,2858,264,Hypercom
101858,Might Decision,Success admit short fear both scene reality.,656.33,2859,416,Velcore
101859,Way Side,Machine how behavior start action author.,391.14,2860,436,Hyperbyte
101860,Affect Off,Live occur oil board second check difference better.,737.3,2861,315,Hypergenix
101861,Bill Along,Test require after history today power.,701.74,2862,218,Synora
101862,Keep Shoulder,Admit air large else pass need everybody development speak attack power movement.,578.49,2863,275,Nexlux
101863,Maybe Southern,Section process space guess fire culture.,735.69,2864,321,Syncore
101864,Make Avoid,Husband good media office actually region with lead most improve.,383.05,2865,109,Ecoronix
101865,Man Capital,Dark read hundred activity car now cut son company movement.,592.09,2866,95,Techlux
101866,Interesting She,But boy group tax item month public.,991.48,2867,7,Hyperora
101867,Listen Front,Decade official eye get art citizen.,384.74,2868,427,Omnibyte
101868,Along Late,Health pay memory campaign region nice discover discover difficult worker.,70.8,2869,408,Nexcom
101869,Where Fish,Street responsibility particular dark approach without cover.,600.52,2870,10,Syngenix
101870,Television Charge,Half against impact human north perhaps shoulder fish give while father.,582.03,2871,180,Omnicom
101871,Performance Support,Language raise adult west third arm yourself expect.,748.02,2872,212,Novacore
101872,Account Issue,Relationship way thousand trouble night describe give their agree adult resource hear way.,671.61,2873,321,Zentora
101873,Imagine Five,During opportunity similar yet leave number catch everybody organization.,705.14,2874,150,Luxcom
101874,Join Need,Friend letter or open artist center table reality force five owner put.,873.57,2875,146,Velcore
101875,Strong With,Specific everything even action name huge know remember site TV fill agreement herself.,40.97,2876,408,Synlux
101876,Should Picture,Attorney group Mr girl low government live.,189.72,2877,15,Hyperronix
101877,A Explain,Walk deal view full prevent question laugh many go table stop.,593.48,2878,446,Luxcom
101878,Information Church,Sport open newspaper gun weight meeting.,145.07,2879,228,Ecomark
101879,Small Name,Let boy different on husband issue possible bank himself.,895.15,2880,7,Ecolux
101880,Party Fly,White until significant about get citizen laugh democratic wait.,242.97,2881,407,Nexora
101881,These Detail,Most whom make in carry improve special able leg some happy cup place.,375.82,2882,295,Luxmark
101882,Goal Threat,Hand different those myself history until blood trade reason.,589.82,2883,438,Novasphere
101883,Shoulder Big,People new Congress fill thousand choice pattern tend.,232.29,2884,369,Hyperlux
101884,Western May,Section bar center mind garden shoulder check according.,439.02,2885,437,Nexbyte
101885,House Dark,Family include particularly to quickly news include appear.,769.53,2886,415,Velora
101886,Today Respond,Which ball teacher consider design tend.,768.55,2887,389,Omnironix
101887,Before Owner,Want house professor machine page start ahead machine material upon.,673.73,2888,266,Techcore
101888,Suffer Traditional,Stock eat nice tree certainly candidate answer several small draw skin.,448.16,2889,195,Velcom
101889,For Laugh,Number new around population cell project.,795.41,2890,386,Luxmark
101890,Low Goal,Perform hotel TV major own Mr case provide beyond manager major author economic.,759.36,2891,203,Synlux
101891,Such Easy,Usually call yard next while southern official mean wife send into cost interview.,429.81,2892,387,Omnicom
101892,Soldier Street,Edge herself face situation surface individual knowledge hard.,571.41,2893,161,Zentgenix
101893,Leg General,Recognize family effort down discover subject system yet try task.,413.01,2894,252,Novaora
101894,Claim Institution,Million old them because image budget account large expect American religious maintain television.,939.56,2895,4,Zentronix
101895,Capital Share,Act Mr challenge well mean attention.,260.32,2896,302,Novasphere
101896,Nothing Beyond,Type week time partner ahead two reduce student.,173.64,2897,438,Luxora
101897,True President,Our her rich half memory with well sound land find part.,890.77,2898,43,Ecobyte
101898,Statement Memory,News raise once serve customer eight station.,478.48,2899,72,Ecogenix
101899,Foreign Child,Gas the smile situation standard eat economic head hot why whose.,828.98,2900,309,Omnigenix
101900,Suffer Company,Lot where shoulder dog table despite ok shake might.,198.06,2901,176,Luxmark
101901,Just City,Rock guess knowledge admit why bank season protect all relate control account.,266.35,2902,192,Nexcom
101902,Nice Fill,Box lawyer woman traditional husband example cause treat similar.,190.18,2903,78,Omnicom
101903,Fast Teacher,Ahead investment always turn scene care out else exactly later.,628.14,2904,306,Syncore
101904,Coach Behavior,Usually simply letter help game like rise front most answer value watch.,447.94,2905,179,Zentcore
101905,Hand Public,Share government federal recently whatever business long many difficult employee born deep cultural couple.,238.94,2906,362,Synsphere
101906,Task Media,Structure oil among federal believe box go happen artist different month.,351.41,2907,481,Synronix
101907,Field Sort,Church human white anyone general firm usually.,289.64,2908,60,Ecotrix
101908,Again Yourself,Seem surface budget the really address open realize PM.,746.88,2909,345,Luxtrix
101909,Job According,Plan her provide difference compare once toward like image year hair more.,259.68,2910,214,Novacore
101910,Play Know,Today sometimes hand dark drive executive.,398.35,2911,29,Luxcore
101911,Each Minute,Partner policy manage wear past throughout candidate notice society.,922.91,2912,147,Zentlux
101912,Newspaper Red,Forward child present soldier PM consider none good share word range few least.,632.37,2913,306,Nexgenix
101913,Discuss Across,Town pick get stand blood expert change interest push join dog.,266.83,2914,364,Novaronix
101914,Both Discuss,Spring charge section investment check design public inside seat first remain traditional news kind.,275.19,2915,224,Hyperlux
101915,Pressure Describe,Speech against difficult indeed operation get under whether capital idea.,804.61,2916,102,Nexmark
101916,Necessary Factor,Reality behind group alone analysis knowledge paper camera choice character our.,686.62,2917,94,Novacom
101917,Both Store,Somebody road tax day involve drop mention old.,849.8,2918,186,Zentbyte
101918,Where Finally,Resource there feeling son father structure.,731.65,2919,420,Omnironix
101919,Stock Natural,Think federal positive notice question environmental seek author key now study white.,210.92,2920,362,Nexcom
101920,Your Employee,Growth its evening cover forward accept.,712.34,2921,253,Synmark
101921,Day Out,Various minute yes admit them it question region ready two go.,729.66,2922,104,Luxtrix
101922,This Pm,Center couple rule offer together current world girl.,551.49,2923,74,Zentgenix
101923,Might Class,Walk with professor investment nothing guess truth.,580.16,2924,12,Omnicore
101924,Nation Reveal,Suddenly build thought parent board everyone garden year eye.,899.28,2925,226,Velora
101925,Every Interview,Machine step vote woman food red beyond decide point simple beyond child dinner.,150.97,2926,136,Synlux
101926,Industry Prevent,Wife avoid red pattern crime sing.,443.42,2927,347,Zentsphere
101927,Culture Lawyer,Far take situation care act whose stop evening.,121.66,2928,190,Novasphere
101928,Church Difficult,Employee white local especially consider moment money politics recent figure series turn kind.,246.97,2929,75,Nexgenix
101929,Surface Wall,Property particularly yourself participant business writer care myself close cut.,52.18,2930,55,Hyperbyte
101930,Support Think,Soldier pay view pull show simple need community rise expect.,338.17,2931,309,Luxgenix
101931,Hotel Service,Along seem important oil business value single seek when.,536.94,2932,128,Omnigenix
101932,Police Model,Thus cup think civil allow reason political late.,818.38,2933,489,Nexora
101933,Admit You,Reduce throw site six prevent ask throughout call machine its cell.,913.27,2934,80,Velbyte
101934,Particularly Range,Allow several certainly there particularly candidate place do.,897.49,2935,150,Zentgenix
101935,Daughter Even,Family our current tree interest how suffer ability million increase film program.,272.42,2936,201,Zentcom
101936,Walk Speak,Home board need task turn around above.,498.97,2937,217,Omnigenix
101937,Return Family,Personal hold loss realize in according social floor detail throughout its.,510.05,2938,75,Syngenix
101938,Course Effort,Then still between interest light first role international reduce.,16.62,2939,402,Techmark
101939,Couple School,Sometimes adult performance election debate because.,782.14,2940,348,Luxtrix
101940,Build Something,Change wife chair work administration seven media film serious several two.,712.71,2941,284,Ecocore
101941,Believe My,Ability keep quickly media child huge value lead scientist.,155.86,2942,81,Velbyte
101942,Night Consumer,Fast sport enough field peace reflect gun.,912.35,2943,52,Syncore
101943,Strategy Condition,Until produce house several fight computer stand seven oil again professor.,660.51,2944,115,Omnimark
101944,Because Ok,Ago shoulder yeah establish rate cold throughout suddenly discover federal into.,195.28,2945,217,Velcore
101945,Dog Risk,Family evidence player natural Mrs run mean pick network identify.,780.51,2946,240,Synmark
101946,Suffer Dog,Worker must allow born individual tend employee center car particular.,800.49,2947,195,Hypercom
101947,Wrong Civil,Program nothing provide yeah position large fall total marriage into protect across.,16.05,2948,183,Velmark
101948,Significant Kitchen,Sell be either middle stage development.,440.39,2949,48,Nexgenix
101949,Put Tax,Protect smile community level enough next maybe although almost.,109.87,2950,10,Zentronix
101950,Education Traditional,Table somebody order seek heart image particular three throw.,70.73,2951,498,Synmark
101951,Seat Nearly,Economy simply under near more financial especially seat yourself.,429.95,2952,172,Luxbyte
101952,Center Themselves,Talk open front area interest price add amount significant light.,56.52,2953,56,Techgenix
101953,Statement Skin,Party actually black such mention our under manager claim.,35.67,2954,396,Novalux
101954,Which Almost,Property represent leave yeah financial eat door road above green car behind.,820.87,2955,192,Novacore
101955,Glass Crime,Fish responsibility woman gun operation note card state along.,197.31,2956,207,Hypercom
101956,We Fly,Language economy quality put role price pass western important address anyone avoid.,434.39,2957,279,Techronix
101957,Serve Piece,Financial amount enjoy audience outside rather detail.,43.98,2958,364,Synmark
101958,And Despite,Development boy nature general draw research animal.,521.17,2959,156,Luxsphere
101959,Relate Enter,Population certain through next would simple stage decade three number describe smile focus.,236.49,2960,139,Hyperlux
101960,Scientist Attack,Change involve east real hope scene event important whom address stay.,849.23,2961,295,Synora
101961,In Great,Word miss page friend Mrs through prevent water floor radio.,505.24,2962,492,Velbyte
101962,Morning Would,Note look reduce least hour bar wear score knowledge require manage.,954.19,2963,355,Velora
101963,Commercial Animal,State police figure store nature million drop.,575.39,2964,237,Hyperora
101964,Whose Far,Church music board scientist garden response.,421.45,2965,155,Omnironix
101965,Buy Ability,North or whatever people off leg site mean.,677.32,2966,345,Novatrix
101966,Nice Grow,International others word yourself set parent clear.,675.67,2967,67,Novasphere
101967,Nice Story,Soldier debate name house ahead official unit history.,232.46,2968,115,Nexcom
101968,Right Home,Investment mention science line whose leader others candidate threat action control charge.,953.09,2969,472,Luxlux
101969,Full Economic,Toward concern image dinner easy decision.,508.29,2970,272,Ecosphere
101970,Indeed Myself,Road read radio body present collection discuss prepare knowledge.,290.28,2971,423,Zentcore
101971,Claim Simple,Discuss state action thousand reflect newspaper debate most would floor indeed number.,146.75,2972,371,Novasphere
101972,About Cover,Growth young tough condition continue need staff.,208.78,2973,297,Omnimark
101973,Owner Form,Image avoid mission medical simple box clearly issue from else.,983.2,2974,220,Omnibyte
101974,Section Street,New soon give also interesting mention hope remember film least buy government three.,591.4,2975,393,Omnigenix
101975,Accept Executive,Since human view understand hot four.,793.2,2976,326,Syntrix
101976,Itself Side,Industry religious mind road thousand east.,334.7,2977,204,Luxgenix
101977,Energy Mention,Girl message these production dog night sea system site old easy face.,84.32,2978,450,Ecosphere
101978,Customer Size,Young manager onto rock wonder include standard.,738.5,2979,153,Novalux
101979,Recently Tough,Response director according air team effect information exactly.,12.2,2980,407,Omnicom
101980,People Record,Really outside direction travel anything bad stage fill improve.,216.87,2981,477,Ecotrix
101981,Management Top,Open necessary almost him five draw.,905.82,2982,293,Luxmark
101982,Can Suffer,Enter charge heart for leader shake.,343.15,2983,424,Omnilux
101983,Down With,Long approach indicate reality remember middle.,914.81,2984,44,Nexbyte
101984,Speech Cup,Can upon drop soldier central bar back American address hour.,874.08,2985,400,Omnicom
101985,Matter Town,Kind usually you throughout right article structure.,721.27,2986,106,Hypercore
101986,Thousand Far,Safe speak situation child child actually yourself.,619.95,2987,265,Zentbyte
101987,Information Marriage,Game loss them now politics operation free nearly.,307.61,2988,309,Ecoronix
101988,Avoid About,Low machine no wait share catch.,758.17,2989,249,Luxronix
101989,Stop Education,Maybe whether police film meeting college maintain down become so each chair month eat.,411.1,2990,245,Synora
101990,Physical Only,Record seek eight wife scene or consider vote treatment practice short life.,749.02,2991,184,Zentbyte
101991,Yes Speech,He play write quite letter worry whom certain tend.,82.52,2992,325,Omnisphere
101992,Less Term,From never old chair interest soon.,919.73,2993,146,Synora
101993,Now Street,Some lead threat seek dog long section.,481.5,2994,45,Luxsphere
101994,Amount Perform,Discuss base agree strategy describe great.,518.77,2995,218,Ecoronix
101995,Message Price,Home test memory get away be issue candidate compare room management nearly trouble.,250.16,2996,468,Zentlux
101996,Floor Again,Sort follow international perhaps see particular.,630.3,2997,114,Luxronix
101997,Environmental Every,Middle lead light dark include than wish statement necessary decision report man long.,776.64,2998,93,Ecolux
101998,Red Decade,Vote voice go arm record three bed likely option act animal.,800.14,2999,166,Techronix
101999,Detail Rich,Professor myself from maybe interesting center this agreement local top.,789.95,3000,165,Nexcom
