review_id,Customer_ID,product_id,rating,comment,review_date
1,CUST046657,100000,5,Too expensive.,2024-09-19
2,CUST369743,100001,5,Very satisfied.,2024-09-15
3,CUST513148,100002,1,Excellent service!,2024-09-13
4,CUST492086,100003,5,Average experience.,2024-10-07
5,CUST643477,100004,4,Item was missing.,2024-10-16
6,CUST075864,100005,1,Item was missing.,2024-08-23
7,CUST128049,100006,2,Quick delivery.,2024-10-03
8,CUST333991,100007,4,Quick delivery.,2024-07-23
9,CUST677441,100008,5,Item was missing.,2025-06-14
10,CUST233932,100009,3,Average experience.,2025-01-19
11,CUST391699,100010,1,Item was missing.,2025-03-06
12,CUST995272,100011,3,Great packaging.,2024-07-20
13,CUST939706,100012,5,Very satisfied.,2024-07-14
14,CUST817952,100013,3,Five stars!,2024-10-01
15,CUST338183,100014,5,Great packaging.,2025-04-21
16,CUST004050,100015,5,Average experience.,2025-07-02
17,CUST356523,100016,1,Five stars!,2025-03-18
18,CUST552648,100017,3,Item was missing.,2024-09-10
19,CUST493528,100018,3,Item was missing.,2025-01-24
20,CUST964034,100019,5,Item was missing.,2025-04-01
21,CUST002660,100020,4,Not as described.,2025-03-15
22,CUST657240,100021,3,Will buy again.,2024-08-02
23,CUST684833,100022,1,Good quality.,2025-05-27
24,CUST651624,100023,2,Package arrived damaged.,2024-11-22
25,CUST365687,100024,3,Will buy again.,2024-11-06
26,CUST757676,100025,2,Will buy again.,2024-10-16
27,CUST759366,100026,5,Excellent service!,2025-03-26
28,CUST555018,100027,5,Too expensive.,2025-01-17
29,CUST783169,100028,3,Poor communication.,2024-07-25
30,CUST065535,100029,1,Good quality.,2024-12-11
31,CUST251420,100030,5,Quick delivery.,2024-12-10
32,CUST929159,100031,2,Too expensive.,2025-03-11
33,CUST188632,100032,3,Would not recommend.,2025-04-08
34,CUST215598,100033,2,Quick delivery.,2024-10-27
35,CUST584723,100034,5,Average experience.,2025-02-23
36,CUST045016,100035,3,Would not recommend.,2025-04-04
37,CUST186057,100036,5,Quick delivery.,2024-12-04
38,CUST095874,100037,5,Very satisfied.,2025-04-28
39,CUST532498,100038,5,Average experience.,2024-11-25
40,CUST132364,100039,2,Five stars!,2025-01-21
41,CUST803094,100040,5,Poor communication.,2024-09-26
42,CUST115503,100041,4,Item was missing.,2025-03-12
43,CUST933458,100042,2,Not as described.,2024-07-23
44,CUST495719,100043,1,Poor communication.,2025-06-03
45,CUST530573,100044,4,Great packaging.,2025-06-19
46,CUST397947,100045,4,Very satisfied.,2024-11-02
47,CUST989493,100046,5,Would not recommend.,2024-09-11
48,CUST388058,100047,2,Very satisfied.,2025-01-05
49,CUST343503,100048,1,Good quality.,2025-06-13
50,CUST608768,100049,3,Would not recommend.,2025-03-28
51,CUST017086,100050,4,Five stars!,2025-06-17
52,CUST716782,100051,2,Good quality.,2025-03-02
53,CUST263290,100052,1,Excellent service!,2024-10-29
54,CUST718136,100053,3,Poor communication.,2025-05-04
55,CUST992106,100054,3,Package arrived damaged.,2025-01-31
56,CUST478558,100055,1,Will buy again.,2025-06-28
57,CUST323961,100056,4,Too expensive.,2024-12-11
58,CUST188191,100057,5,Good quality.,2025-04-18
59,CUST907944,100058,4,Excellent service!,2025-04-28
60,CUST454927,100059,3,Will buy again.,2024-11-28
61,CUST967234,100060,2,Good quality.,2025-05-30
62,CUST070710,100061,3,Five stars!,2025-04-03
63,CUST357307,100062,2,Package arrived damaged.,2024-09-23
64,CUST572734,100063,4,Too expensive.,2025-02-02
65,CUST168069,100064,4,Package arrived damaged.,2025-03-30
66,CUST360427,100065,3,Item was missing.,2025-02-06
67,CUST667670,100066,5,Will buy again.,2024-10-10
68,CUST376939,100067,1,Would not recommend.,2025-02-22
69,CUST069569,100068,5,Item was missing.,2024-09-08
70,CUST214593,100069,3,Package arrived damaged.,2024-11-01
71,CUST922217,100070,5,Highly recommended!,2025-03-26
72,CUST775092,100071,1,Poor communication.,2024-09-27
73,CUST043911,100072,3,Average experience.,2025-01-06
74,CUST302717,100073,2,Very satisfied.,2025-02-11
75,CUST651823,100074,3,Item was missing.,2025-01-28
76,CUST714158,100075,5,Not as described.,2025-03-27
77,CUST526754,100076,2,Would not recommend.,2024-12-08
78,CUST697866,100077,4,Not as described.,2025-01-29
79,CUST909609,100078,4,Excellent service!,2025-01-29
80,CUST718256,100079,5,Would not recommend.,2024-12-31
81,CUST617974,100080,3,Very satisfied.,2024-11-17
82,CUST772003,100081,2,Poor communication.,2025-04-28
83,CUST007841,100082,1,Quick delivery.,2025-03-27
84,CUST514652,100083,1,Average experience.,2024-12-05
85,CUST590390,100084,5,Poor communication.,2025-02-03
86,CUST209827,100085,3,Quick delivery.,2025-02-24
87,CUST279695,100086,3,Five stars!,2025-06-17
88,CUST810999,100087,5,Will buy again.,2025-03-21
89,CUST766514,100088,1,Excellent service!,2025-01-11
90,CUST430950,100089,4,Not as described.,2025-03-19
91,CUST866896,100090,4,Package arrived damaged.,2024-10-02
92,CUST362407,100091,1,Poor communication.,2024-07-17
93,CUST244633,100092,4,Five stars!,2025-07-04
94,CUST883223,100093,1,Poor communication.,2024-11-05
95,CUST014250,100094,1,Will buy again.,2024-08-09
96,CUST669437,100095,2,Average experience.,2024-12-12
97,CUST400674,100096,4,Highly recommended!,2024-10-13
98,CUST734453,100097,4,Package arrived damaged.,2024-08-22
99,CUST865412,100098,4,Average experience.,2024-10-13
100,CUST783367,100099,5,Too expensive.,2025-01-24
101,CUST006730,100100,3,Quick delivery.,2024-10-15
102,CUST541542,100101,1,Package arrived damaged.,2025-05-29
103,CUST608485,100102,2,Will buy again.,2024-07-19
104,CUST375071,100103,2,Package arrived damaged.,2024-12-13
105,CUST272117,100104,4,Highly recommended!,2024-07-18
106,CUST388151,100105,1,Package arrived damaged.,2025-05-14
107,CUST917168,100106,5,Quick delivery.,2025-05-01
108,CUST276609,100107,3,Very satisfied.,2024-08-16
109,CUST697903,100108,4,Will buy again.,2024-08-04
110,CUST774701,100109,3,Will buy again.,2025-05-28
111,CUST716950,100110,3,Very satisfied.,2025-03-09
112,CUST709296,100111,4,Not as described.,2025-04-14
113,CUST453860,100112,1,Package arrived damaged.,2025-06-11
114,CUST577856,100113,4,Average experience.,2024-08-11
115,CUST725103,100114,5,Too expensive.,2025-01-15
116,CUST995971,100115,3,Too expensive.,2025-05-10
117,CUST087232,100116,3,Great packaging.,2024-08-22
118,CUST728785,100117,1,Quick delivery.,2025-02-03
119,CUST332364,100118,3,Very satisfied.,2025-03-20
120,CUST637817,100119,4,Quick delivery.,2025-06-30
121,CUST650551,100120,4,Not as described.,2025-01-12
122,CUST272270,100121,2,Will buy again.,2025-04-03
123,CUST393171,100122,1,Very satisfied.,2025-01-04
124,CUST669104,100123,3,Poor communication.,2024-08-19
125,CUST367112,100124,3,Not as described.,2025-01-09
126,CUST479888,100125,1,Very satisfied.,2025-01-06
127,CUST212356,100126,5,Good quality.,2025-02-01
128,CUST999105,100127,4,Quick delivery.,2025-03-22
129,CUST317219,100128,3,Great packaging.,2025-01-31
130,CUST133389,100129,1,Good quality.,2024-10-05
131,CUST328534,100130,2,Great packaging.,2025-01-31
132,CUST321307,100131,1,Great packaging.,2024-12-05
133,CUST686344,100132,5,Would not recommend.,2025-05-31
134,CUST749087,100133,2,Poor communication.,2025-02-09
135,CUST558941,100134,3,Would not recommend.,2024-09-26
136,CUST567597,100135,1,Package arrived damaged.,2025-03-26
137,CUST189933,100136,3,Very satisfied.,2025-05-14
138,CUST115725,100137,5,Great packaging.,2025-03-19
139,CUST928932,100138,5,Poor communication.,2025-03-10
140,CUST488526,100139,2,Good quality.,2025-01-25
141,CUST957851,100140,3,Great packaging.,2025-01-28
142,CUST688801,100141,2,Highly recommended!,2024-11-21
143,CUST300080,100142,3,Very satisfied.,2024-12-19
144,CUST882640,100143,4,Highly recommended!,2024-07-24
145,CUST090298,100144,1,Quick delivery.,2025-04-13
146,CUST218836,100145,2,Excellent service!,2025-05-15
147,CUST887609,100146,1,Package arrived damaged.,2024-07-11
148,CUST798609,100147,3,Will buy again.,2024-09-08
149,CUST657685,100148,4,Item was missing.,2025-05-10
150,CUST955419,100149,2,Package arrived damaged.,2024-07-27
151,CUST131687,100150,2,Not as described.,2024-10-23
152,CUST867168,100151,1,Item was missing.,2025-03-13
153,CUST205171,100152,1,Too expensive.,2024-11-03
154,CUST641169,100153,3,Good quality.,2024-11-14
155,CUST569401,100154,5,Average experience.,2025-01-14
156,CUST241634,100155,2,Will buy again.,2025-04-28
157,CUST635178,100156,3,Poor communication.,2024-12-30
158,CUST187956,100157,5,Not as described.,2024-10-09
159,CUST361858,100158,5,Highly recommended!,2024-07-09
160,CUST122364,100159,5,Five stars!,2024-11-07
161,CUST602276,100160,5,Five stars!,2024-08-01
162,CUST237552,100161,3,Quick delivery.,2024-08-22
163,CUST118873,100162,2,Five stars!,2024-07-09
164,CUST247949,100163,5,Will buy again.,2025-03-10
165,CUST178807,100164,2,Would not recommend.,2025-03-14
166,CUST458732,100165,1,Good quality.,2024-09-13
167,CUST464678,100166,4,Great packaging.,2024-09-30
168,CUST809693,100167,5,Great packaging.,2025-01-19
169,CUST491716,100168,5,Quick delivery.,2024-09-18
170,CUST462763,100169,4,Very satisfied.,2025-06-05
171,CUST090216,100170,1,Highly recommended!,2024-09-30
172,CUST677107,100171,2,Poor communication.,2025-06-06
173,CUST985042,100172,4,Five stars!,2024-12-14
174,CUST719884,100173,2,Highly recommended!,2024-07-20
175,CUST173437,100174,4,Excellent service!,2024-08-10
176,CUST775513,100175,3,Highly recommended!,2024-07-21
177,CUST660124,100176,2,Will buy again.,2024-10-18
178,CUST351630,100177,2,Poor communication.,2024-12-19
179,CUST545403,100178,2,Too expensive.,2024-07-25
180,CUST759062,100179,3,Too expensive.,2024-11-23
181,CUST555132,100180,1,Poor communication.,2024-09-24
182,CUST120658,100181,2,Excellent service!,2024-12-16
183,CUST078389,100182,5,Very satisfied.,2025-01-26
184,CUST611216,100183,5,Great packaging.,2025-02-10
185,CUST961160,100184,1,Excellent service!,2024-12-03
186,CUST551679,100185,1,Excellent service!,2024-12-04
187,CUST140031,100186,1,Highly recommended!,2024-10-17
188,CUST656559,100187,2,Five stars!,2024-11-05
189,CUST085721,100188,5,Poor communication.,2025-06-23
190,CUST688437,100189,2,Good quality.,2024-11-24
191,CUST467471,100190,5,Very satisfied.,2025-05-29
192,CUST625443,100191,1,Very satisfied.,2025-05-07
193,CUST119032,100192,5,Would not recommend.,2024-09-08
194,CUST689859,100193,5,Highly recommended!,2025-05-29
195,CUST807580,100194,3,Package arrived damaged.,2025-02-22
196,CUST232665,100195,2,Will buy again.,2025-01-26
197,CUST644515,100196,1,Very satisfied.,2024-08-03
198,CUST779143,100197,4,Good quality.,2025-07-08
199,CUST588588,100198,4,Highly recommended!,2024-07-10
200,CUST523685,100199,5,Good quality.,2024-08-25
201,CUST797940,100200,1,Five stars!,2024-09-04
202,CUST692551,100201,2,Good quality.,2025-04-16
203,CUST022235,100202,1,Quick delivery.,2025-02-27
204,CUST868453,100203,3,Highly recommended!,2024-10-30
205,CUST324572,100204,3,Average experience.,2024-10-25
206,CUST286737,100205,3,Excellent service!,2024-08-20
207,CUST501988,100206,3,Good quality.,2024-07-18
208,CUST623172,100207,1,Will buy again.,2025-01-01
209,CUST511254,100208,2,Excellent service!,2025-03-02
210,CUST994856,100209,3,Not as described.,2025-02-02
211,CUST862428,100210,1,Highly recommended!,2024-12-12
212,CUST265703,100211,4,Excellent service!,2024-10-18
213,CUST309160,100212,1,Quick delivery.,2025-01-28
214,CUST113306,100213,2,Highly recommended!,2025-01-18
215,CUST265413,100214,1,Five stars!,2024-11-26
216,CUST310135,100215,1,Will buy again.,2025-06-11
217,CUST728698,100216,1,Average experience.,2024-09-27
218,CUST555148,100217,2,Average experience.,2024-10-09
219,CUST090863,100218,5,Excellent service!,2025-02-03
220,CUST589620,100219,4,Excellent service!,2025-04-06
221,CUST045881,100220,2,Poor communication.,2024-09-13
222,CUST485644,100221,5,Quick delivery.,2025-05-24
223,CUST792323,100222,3,Item was missing.,2024-10-05
224,CUST200794,100223,2,Not as described.,2025-03-26
225,CUST478711,100224,5,Quick delivery.,2025-05-22
226,CUST463180,100225,4,Too expensive.,2024-07-19
227,CUST244079,100226,5,Not as described.,2025-04-22
228,CUST196974,100227,4,Poor communication.,2025-06-25
229,CUST595463,100228,5,Will buy again.,2025-06-07
230,CUST556373,100229,1,Not as described.,2025-03-06
231,CUST260199,100230,2,Quick delivery.,2024-09-03
232,CUST648809,100231,5,Highly recommended!,2025-05-08
233,CUST848404,100232,2,Poor communication.,2025-05-06
234,CUST878301,100233,4,Poor communication.,2025-05-07
235,CUST197527,100234,3,Excellent service!,2024-11-04
236,CUST578540,100235,5,Average experience.,2024-09-22
237,CUST691872,100236,1,Good quality.,2025-01-28
238,CUST317463,100237,3,Item was missing.,2024-11-02
239,CUST847657,100238,1,Five stars!,2024-12-02
240,CUST939291,100239,5,Would not recommend.,2025-04-01
241,CUST576674,100240,1,Will buy again.,2024-10-21
242,CUST566356,100241,5,Not as described.,2025-03-26
243,CUST836966,100242,4,Excellent service!,2025-04-11
244,CUST765108,100243,1,Item was missing.,2024-10-11
245,CUST538680,100244,2,Average experience.,2025-04-18
246,CUST346319,100245,3,Would not recommend.,2024-10-21
247,CUST719197,100246,3,Quick delivery.,2024-07-22
248,CUST366538,100247,1,Five stars!,2025-05-29
249,CUST275025,100248,1,Not as described.,2025-04-17
250,CUST295031,100249,3,Average experience.,2024-10-03
251,CUST975458,100250,2,Very satisfied.,2025-03-14
252,CUST488848,100251,1,Would not recommend.,2025-06-02
253,CUST192751,100252,1,Average experience.,2024-08-10
254,CUST071429,100253,1,Too expensive.,2024-11-13
255,CUST813082,100254,3,Poor communication.,2025-02-15
256,CUST197816,100255,1,Package arrived damaged.,2025-01-27
257,CUST089494,100256,1,Five stars!,2025-03-22
258,CUST516693,100257,1,Too expensive.,2024-07-23
259,CUST354457,100258,5,Item was missing.,2025-06-23
260,CUST227776,100259,5,Good quality.,2025-02-26
261,CUST770283,100260,3,Excellent service!,2024-07-21
262,CUST761011,100261,1,Average experience.,2024-12-04
263,CUST336639,100262,4,Great packaging.,2025-04-15
264,CUST725424,100263,5,Poor communication.,2025-02-19
265,CUST118503,100264,5,Poor communication.,2025-03-16
266,CUST418709,100265,4,Quick delivery.,2025-07-03
267,CUST723096,100266,3,Highly recommended!,2024-09-05
268,CUST299807,100267,3,Will buy again.,2025-05-06
269,CUST700428,100268,2,Very satisfied.,2025-04-30
270,CUST121422,100269,3,Would not recommend.,2025-02-10
271,CUST564835,100270,3,Would not recommend.,2025-02-01
272,CUST088330,100271,4,Quick delivery.,2024-10-27
273,CUST139930,100272,5,Too expensive.,2025-04-30
274,CUST240931,100273,2,Very satisfied.,2025-03-14
275,CUST132356,100274,4,Not as described.,2025-04-18
276,CUST939104,100275,2,Too expensive.,2025-01-10
277,CUST257204,100276,1,Poor communication.,2025-07-02
278,CUST663726,100277,3,Will buy again.,2025-02-23
279,CUST479064,100278,5,Poor communication.,2024-10-08
280,CUST946048,100279,5,Highly recommended!,2025-03-01
281,CUST851616,100280,1,Quick delivery.,2025-06-20
282,CUST636794,100281,4,Item was missing.,2024-11-05
283,CUST725176,100282,4,Good quality.,2025-05-17
284,CUST890992,100283,1,Highly recommended!,2025-01-30
285,CUST380116,100284,4,Would not recommend.,2025-05-11
286,CUST142949,100285,2,Average experience.,2025-03-23
287,CUST560016,100286,5,Package arrived damaged.,2025-06-05
288,CUST096983,100287,1,Good quality.,2025-04-11
289,CUST608793,100288,5,Excellent service!,2025-03-13
290,CUST668780,100289,1,Five stars!,2024-11-20
291,CUST643543,100290,2,Very satisfied.,2024-11-04
292,CUST973312,100291,2,Quick delivery.,2024-09-17
293,CUST329489,100292,4,Will buy again.,2025-07-09
294,CUST210333,100293,4,Poor communication.,2025-02-07
295,CUST295462,100294,4,Will buy again.,2024-12-17
296,CUST707015,100295,5,Good quality.,2024-07-28
297,CUST381689,100296,3,Highly recommended!,2025-03-04
298,CUST067711,100297,3,Poor communication.,2025-04-13
299,CUST386724,100298,1,Very satisfied.,2025-05-04
300,CUST862757,100299,4,Excellent service!,2025-01-04
301,CUST054443,100300,1,Excellent service!,2025-07-07
302,CUST293658,100301,1,Average experience.,2024-12-22
303,CUST626091,100302,1,Very satisfied.,2024-09-29
304,CUST475632,100303,3,Highly recommended!,2025-03-29
305,CUST626845,100304,1,Too expensive.,2025-06-26
306,CUST898244,100305,3,Would not recommend.,2024-11-01
307,CUST217532,100306,1,Poor communication.,2024-08-19
308,CUST259265,100307,4,Poor communication.,2025-06-07
309,CUST667405,100308,1,Would not recommend.,2024-09-03
310,CUST136479,100309,3,Not as described.,2025-03-13
311,CUST306791,100310,4,Package arrived damaged.,2025-04-11
312,CUST407368,100311,5,Would not recommend.,2025-04-01
313,CUST342383,100312,5,Would not recommend.,2024-11-23
314,CUST874915,100313,5,Quick delivery.,2024-09-24
315,CUST718389,100314,1,Excellent service!,2025-06-24
316,CUST652473,100315,3,Five stars!,2024-08-28
317,CUST134337,100316,3,Great packaging.,2025-04-15
318,CUST349732,100317,4,Great packaging.,2024-09-20
319,CUST379221,100318,4,Too expensive.,2025-06-10
320,CUST504883,100319,5,Five stars!,2025-06-06
321,CUST125016,100320,3,Will buy again.,2024-11-30
322,CUST522402,100321,3,Quick delivery.,2024-08-12
323,CUST506019,100322,5,Great packaging.,2025-03-07
324,CUST509568,100323,3,Great packaging.,2025-05-19
325,CUST893986,100324,2,Poor communication.,2025-01-11
326,CUST819792,100325,2,Will buy again.,2024-11-28
327,CUST890650,100326,4,Great packaging.,2025-05-11
328,CUST420823,100327,5,Package arrived damaged.,2024-12-18
329,CUST035749,100328,1,Not as described.,2025-03-17
330,CUST273229,100329,3,Too expensive.,2025-03-30
331,CUST920901,100330,4,Not as described.,2024-09-01
332,CUST461793,100331,5,Five stars!,2025-03-24
333,CUST558314,100332,4,Highly recommended!,2025-05-23
334,CUST266831,100333,1,Highly recommended!,2025-06-14
335,CUST306893,100334,1,Excellent service!,2025-01-24
336,CUST706244,100335,4,Very satisfied.,2024-09-05
337,CUST098332,100336,4,Great packaging.,2024-07-31
338,CUST827414,100337,2,Item was missing.,2024-10-02
339,CUST721545,100338,3,Would not recommend.,2025-03-22
340,CUST476359,100339,5,Great packaging.,2025-02-22
341,CUST391847,100340,2,Item was missing.,2025-06-29
342,CUST898043,100341,1,Five stars!,2025-01-09
343,CUST085796,100342,4,Will buy again.,2025-03-15
344,CUST542179,100343,2,Good quality.,2025-06-15
345,CUST669614,100344,4,Too expensive.,2024-08-11
346,CUST702669,100345,4,Item was missing.,2024-11-21
347,CUST603019,100346,4,Will buy again.,2025-01-15
348,CUST435038,100347,4,Package arrived damaged.,2024-10-25
349,CUST336222,100348,1,Five stars!,2025-04-16
350,CUST010801,100349,1,Very satisfied.,2024-12-22
351,CUST914723,100350,2,Too expensive.,2025-05-10
352,CUST829383,100351,3,Package arrived damaged.,2025-02-15
353,CUST292489,100352,5,Average experience.,2025-06-07
354,CUST593406,100353,4,Five stars!,2025-02-06
355,CUST090513,100354,1,Will buy again.,2025-01-18
356,CUST299213,100355,2,Good quality.,2025-04-18
357,CUST379053,100356,5,Very satisfied.,2024-12-09
358,CUST755948,100357,3,Item was missing.,2025-05-21
359,CUST851032,100358,5,Excellent service!,2024-07-20
360,CUST631865,100359,4,Five stars!,2024-11-05
361,CUST759261,100360,1,Quick delivery.,2025-03-06
362,CUST854010,100361,1,Highly recommended!,2025-04-18
363,CUST186757,100362,1,Will buy again.,2024-10-02
364,CUST379548,100363,3,Item was missing.,2025-05-02
365,CUST312000,100364,2,Too expensive.,2025-01-27
366,CUST089117,100365,2,Quick delivery.,2025-04-30
367,CUST173778,100366,5,Average experience.,2025-04-15
368,CUST848348,100367,4,Excellent service!,2024-07-11
369,CUST944693,100368,3,Quick delivery.,2024-07-27
370,CUST568986,100369,5,Good quality.,2025-04-24
371,CUST229369,100370,4,Average experience.,2024-09-24
372,CUST929941,100371,4,Five stars!,2024-09-30
373,CUST602317,100372,2,Quick delivery.,2025-06-27
374,CUST714003,100373,1,Would not recommend.,2025-03-05
375,CUST546010,100374,5,Very satisfied.,2024-07-31
376,CUST268328,100375,2,Not as described.,2024-07-21
377,CUST582443,100376,3,Will buy again.,2025-01-30
378,CUST553410,100377,2,Average experience.,2024-08-09
379,CUST623486,100378,5,Highly recommended!,2024-11-20
380,CUST193396,100379,1,Package arrived damaged.,2025-01-03
381,CUST194793,100380,1,Quick delivery.,2024-12-07
382,CUST122770,100381,5,Would not recommend.,2024-08-01
383,CUST426403,100382,4,Excellent service!,2025-01-11
384,CUST160327,100383,2,Will buy again.,2025-06-03
385,CUST547787,100384,1,Package arrived damaged.,2025-05-22
386,CUST091240,100385,3,Highly recommended!,2025-05-30
387,CUST705135,100386,4,Excellent service!,2024-09-13
388,CUST864586,100387,3,Very satisfied.,2025-03-17
389,CUST284282,100388,1,Quick delivery.,2025-02-07
390,CUST150633,100389,2,Would not recommend.,2024-11-30
391,CUST523425,100390,5,Five stars!,2025-01-06
392,CUST042187,100391,2,Good quality.,2024-10-17
393,CUST520863,100392,4,Item was missing.,2025-02-22
394,CUST600395,100393,2,Average experience.,2025-03-18
395,CUST764026,100394,5,Highly recommended!,2024-08-06
396,CUST587593,100395,5,Great packaging.,2024-09-08
397,CUST880522,100396,4,Highly recommended!,2025-05-27
398,CUST531777,100397,2,Will buy again.,2025-05-23
399,CUST338316,100398,3,Good quality.,2025-06-30
400,CUST854299,100399,4,Highly recommended!,2024-10-14
401,CUST737975,100400,4,Five stars!,2024-11-28
402,CUST851946,100401,4,Very satisfied.,2025-05-06
403,CUST082621,100402,2,Highly recommended!,2025-02-15
404,CUST187573,100403,4,Great packaging.,2025-03-17
405,CUST624582,100404,1,Item was missing.,2025-05-23
406,CUST560988,100405,3,Poor communication.,2025-03-19
407,CUST537050,100406,3,Quick delivery.,2024-11-23
408,CUST644991,100407,2,Would not recommend.,2024-10-11
409,CUST031069,100408,2,Highly recommended!,2025-05-15
410,CUST748052,100409,4,Five stars!,2025-02-25
411,CUST132718,100410,5,Too expensive.,2025-03-13
412,CUST196310,100411,2,Five stars!,2024-11-24
413,CUST316366,100412,2,Too expensive.,2025-06-13
414,CUST952213,100413,5,Poor communication.,2025-03-03
415,CUST916904,100414,1,Poor communication.,2025-02-17
416,CUST933483,100415,1,Excellent service!,2024-10-31
417,CUST953025,100416,4,Will buy again.,2025-04-16
418,CUST971061,100417,5,Five stars!,2025-02-27
419,CUST336485,100418,5,Item was missing.,2024-09-22
420,CUST123151,100419,2,Average experience.,2025-06-15
421,CUST084753,100420,5,Five stars!,2025-03-06
422,CUST394583,100421,3,Too expensive.,2024-11-14
423,CUST075060,100422,5,Good quality.,2024-11-20
424,CUST330488,100423,4,Will buy again.,2025-05-09
425,CUST919104,100424,3,Item was missing.,2024-07-28
426,CUST085339,100425,3,Would not recommend.,2024-09-01
427,CUST652386,100426,4,Would not recommend.,2024-11-13
428,CUST716351,100427,4,Item was missing.,2025-02-08
429,CUST264719,100428,3,Quick delivery.,2025-05-07
430,CUST191663,100429,3,Average experience.,2025-06-07
431,CUST080589,100430,3,Very satisfied.,2025-02-18
432,CUST151810,100431,5,Will buy again.,2024-07-19
433,CUST441715,100432,4,Not as described.,2025-01-29
434,CUST082947,100433,1,Excellent service!,2024-09-28
435,CUST691603,100434,3,Five stars!,2024-11-06
436,CUST829573,100435,1,Highly recommended!,2025-06-12
437,CUST946987,100436,1,Would not recommend.,2024-11-06
438,CUST615536,100437,5,Item was missing.,2024-10-26
439,CUST121710,100438,3,Great packaging.,2024-12-07
440,CUST934034,100439,2,Too expensive.,2024-09-08
441,CUST333327,100440,1,Item was missing.,2025-05-11
442,CUST092680,100441,1,Very satisfied.,2025-01-13
443,CUST558742,100442,1,Poor communication.,2025-04-23
444,CUST503043,100443,5,Good quality.,2024-09-25
445,CUST503133,100444,5,Would not recommend.,2024-12-31
446,CUST346029,100445,1,Package arrived damaged.,2025-03-01
447,CUST439703,100446,1,Not as described.,2024-09-23
448,CUST869289,100447,1,Average experience.,2025-05-22
449,CUST193027,100448,4,Excellent service!,2024-10-05
450,CUST337605,100449,4,Would not recommend.,2025-05-17
451,CUST852984,100450,5,Excellent service!,2024-10-04
452,CUST738004,100451,5,Too expensive.,2024-09-21
453,CUST115790,100452,3,Package arrived damaged.,2025-05-28
454,CUST275741,100453,1,Very satisfied.,2025-06-09
455,CUST750496,100454,2,Would not recommend.,2024-07-24
456,CUST355342,100455,4,Would not recommend.,2025-05-14
457,CUST046364,100456,1,Would not recommend.,2024-10-30
458,CUST341945,100457,1,Would not recommend.,2024-07-18
459,CUST571521,100458,4,Very satisfied.,2025-01-14
460,CUST986935,100459,1,Would not recommend.,2024-07-10
461,CUST514203,100460,2,Five stars!,2025-01-10
462,CUST655069,100461,4,Not as described.,2025-05-27
463,CUST186946,100462,2,Item was missing.,2025-04-02
464,CUST017102,100463,5,Poor communication.,2025-04-16
465,CUST248214,100464,4,Great packaging.,2024-10-11
466,CUST735179,100465,1,Item was missing.,2025-05-12
467,CUST263171,100466,2,Five stars!,2024-10-11
468,CUST933468,100467,4,Would not recommend.,2025-01-07
469,CUST239520,100468,2,Good quality.,2024-09-29
470,CUST764245,100469,3,Item was missing.,2025-06-04
471,CUST056433,100470,4,Very satisfied.,2025-03-31
472,CUST927712,100471,5,Package arrived damaged.,2024-12-12
473,CUST677517,100472,4,Good quality.,2024-11-29
474,CUST125019,100473,2,Package arrived damaged.,2024-12-10
475,CUST253680,100474,4,Quick delivery.,2025-06-12
476,CUST041294,100475,3,Highly recommended!,2025-01-24
477,CUST277706,100476,2,Very satisfied.,2025-07-03
478,CUST769115,100477,4,Will buy again.,2025-03-24
479,CUST664884,100478,4,Item was missing.,2025-03-10
480,CUST363570,100479,2,Five stars!,2024-11-27
481,CUST479525,100480,4,Too expensive.,2024-08-10
482,CUST777235,100481,1,Package arrived damaged.,2024-08-05
483,CUST039674,100482,1,Quick delivery.,2025-06-30
484,CUST622524,100483,5,Average experience.,2024-10-11
485,CUST442664,100484,1,Would not recommend.,2024-11-30
486,CUST005445,100485,5,Average experience.,2024-09-09
487,CUST306643,100486,3,Would not recommend.,2025-04-20
488,CUST837902,100487,5,Package arrived damaged.,2024-10-04
489,CUST540235,100488,4,Would not recommend.,2024-08-23
490,CUST909960,100489,1,Package arrived damaged.,2025-04-29
491,CUST506582,100490,2,Average experience.,2024-12-04
492,CUST270205,100491,2,Not as described.,2024-11-05
493,CUST871337,100492,3,Excellent service!,2024-11-03
494,CUST426031,100493,5,Very satisfied.,2025-02-06
495,CUST599906,100494,3,Average experience.,2025-04-12
496,CUST125702,100495,3,Too expensive.,2024-11-07
497,CUST298963,100496,3,Highly recommended!,2025-02-09
498,CUST125763,100497,5,Poor communication.,2024-09-14
499,CUST110872,100498,4,Package arrived damaged.,2025-01-29
500,CUST479922,100499,5,Highly recommended!,2024-10-08
501,CUST026561,100500,2,Good quality.,2025-04-03
502,CUST038201,100501,2,Quick delivery.,2025-06-08
503,CUST802943,100502,1,Excellent service!,2025-02-24
504,CUST265862,100503,4,Excellent service!,2024-12-17
505,CUST770140,100504,3,Excellent service!,2024-12-25
506,CUST662010,100505,5,Too expensive.,2025-04-10
507,CUST565949,100506,4,Excellent service!,2025-03-29
508,CUST727463,100507,2,Too expensive.,2024-11-30
509,CUST116329,100508,2,Average experience.,2024-08-12
510,CUST190855,100509,2,Very satisfied.,2025-05-24
511,CUST808953,100510,5,Highly recommended!,2025-03-11
512,CUST850488,100511,2,Will buy again.,2024-12-17
513,CUST034974,100512,3,Not as described.,2025-05-11
514,CUST463397,100513,2,Package arrived damaged.,2025-04-08
515,CUST048802,100514,5,Five stars!,2025-01-02
516,CUST516849,100515,4,Item was missing.,2025-01-22
517,CUST079555,100516,1,Highly recommended!,2024-12-18
518,CUST665168,100517,5,Item was missing.,2025-01-23
519,CUST570793,100518,5,Would not recommend.,2025-04-21
520,CUST294460,100519,1,Highly recommended!,2025-03-12
521,CUST607693,100520,5,Item was missing.,2025-06-21
522,CUST136637,100521,3,Would not recommend.,2024-12-14
523,CUST765471,100522,2,Highly recommended!,2024-12-17
524,CUST535480,100523,2,Good quality.,2025-06-20
525,CUST127493,100524,5,Not as described.,2025-01-12
526,CUST705326,100525,2,Not as described.,2025-07-04
527,CUST733859,100526,4,Highly recommended!,2024-12-28
528,CUST915831,100527,2,Not as described.,2025-04-04
529,CUST358137,100528,5,Excellent service!,2024-09-09
530,CUST997637,100529,2,Very satisfied.,2024-12-10
531,CUST807299,100530,1,Not as described.,2025-02-21
532,CUST430713,100531,3,Package arrived damaged.,2025-01-09
533,CUST052456,100532,5,Quick delivery.,2024-09-16
534,CUST630580,100533,2,Excellent service!,2025-03-22
535,CUST819270,100534,5,Quick delivery.,2025-05-23
536,CUST571314,100535,5,Not as described.,2025-05-23
537,CUST587180,100536,3,Highly recommended!,2025-01-14
538,CUST389616,100537,4,Five stars!,2024-10-19
539,CUST867303,100538,2,Would not recommend.,2025-03-25
540,CUST296440,100539,4,Quick delivery.,2024-08-16
541,CUST332217,100540,1,Great packaging.,2024-12-13
542,CUST774171,100541,5,Item was missing.,2025-04-02
543,CUST102306,100542,3,Excellent service!,2024-07-10
544,CUST271218,100543,2,Package arrived damaged.,2025-06-29
545,CUST418972,100544,5,Package arrived damaged.,2025-02-05
546,CUST358685,100545,2,Not as described.,2025-05-13
547,CUST237913,100546,1,Good quality.,2025-01-25
548,CUST594287,100547,2,Very satisfied.,2025-06-26
549,CUST590429,100548,2,Item was missing.,2025-04-20
550,CUST626988,100549,4,Five stars!,2025-01-09
551,CUST007071,100550,1,Excellent service!,2025-02-18
552,CUST534588,100551,3,Average experience.,2024-12-01
553,CUST237399,100552,4,Five stars!,2024-07-22
554,CUST087789,100553,2,Too expensive.,2025-04-08
555,CUST185521,100554,3,Would not recommend.,2024-11-17
556,CUST109880,100555,5,Average experience.,2025-06-19
557,CUST532761,100556,3,Great packaging.,2024-08-17
558,CUST917655,100557,4,Will buy again.,2025-02-24
559,CUST682659,100558,2,Poor communication.,2024-08-29
560,CUST665857,100559,3,Quick delivery.,2025-07-05
561,CUST844509,100560,1,Too expensive.,2025-04-04
562,CUST172210,100561,5,Excellent service!,2025-01-31
563,CUST444242,100562,3,Quick delivery.,2024-08-01
564,CUST462732,100563,4,Average experience.,2024-07-15
565,CUST914722,100564,4,Very satisfied.,2025-02-21
566,CUST505053,100565,3,Five stars!,2024-10-09
567,CUST028632,100566,2,Item was missing.,2024-08-27
568,CUST088485,100567,1,Great packaging.,2025-03-06
569,CUST459431,100568,3,Quick delivery.,2024-08-07
570,CUST198413,100569,1,Highly recommended!,2025-06-20
571,CUST319875,100570,5,Very satisfied.,2025-03-02
572,CUST736346,100571,3,Five stars!,2025-04-09
573,CUST583640,100572,3,Will buy again.,2025-04-11
574,CUST058493,100573,2,Good quality.,2024-10-06
575,CUST547675,100574,4,Great packaging.,2025-05-10
576,CUST882111,100575,1,Average experience.,2025-03-24
577,CUST160336,100576,2,Highly recommended!,2025-07-05
578,CUST360608,100577,5,Not as described.,2024-07-10
579,CUST806260,100578,5,Quick delivery.,2025-05-31
580,CUST206417,100579,3,Would not recommend.,2025-05-03
581,CUST862395,100580,4,Very satisfied.,2025-06-03
582,CUST809132,100581,4,Will buy again.,2024-11-12
583,CUST274606,100582,1,Too expensive.,2025-04-19
584,CUST027212,100583,1,Highly recommended!,2024-10-31
585,CUST175851,100584,2,Not as described.,2024-08-14
586,CUST222016,100585,2,Too expensive.,2025-04-09
587,CUST985540,100586,5,Quick delivery.,2024-12-07
588,CUST018658,100587,4,Very satisfied.,2024-08-06
589,CUST576554,100588,5,Would not recommend.,2024-08-11
590,CUST774235,100589,2,Very satisfied.,2025-03-11
591,CUST835306,100590,2,Average experience.,2024-09-28
592,CUST799204,100591,3,Item was missing.,2024-07-21
593,CUST388856,100592,4,Package arrived damaged.,2025-06-21
594,CUST424022,100593,2,Item was missing.,2025-05-25
595,CUST033063,100594,4,Would not recommend.,2025-01-12
596,CUST005757,100595,1,Great packaging.,2024-12-05
597,CUST934453,100596,1,Very satisfied.,2024-10-09
598,CUST022990,100597,1,Great packaging.,2024-11-23
599,CUST336370,100598,4,Package arrived damaged.,2025-03-28
600,CUST909508,100599,4,Highly recommended!,2024-08-01
601,CUST435392,100600,4,Item was missing.,2024-09-29
602,CUST779649,100601,1,Quick delivery.,2024-12-15
603,CUST410399,100602,3,Highly recommended!,2024-10-20
604,CUST713568,100603,2,Not as described.,2025-02-10
605,CUST529344,100604,5,Highly recommended!,2024-11-12
606,CUST562514,100605,3,Package arrived damaged.,2025-06-22
607,CUST773594,100606,3,Excellent service!,2025-06-15
608,CUST715843,100607,3,Very satisfied.,2025-05-12
609,CUST182008,100608,2,Five stars!,2025-01-14
610,CUST369306,100609,4,Poor communication.,2024-12-21
611,CUST372167,100610,1,Will buy again.,2025-06-07
612,CUST286320,100611,3,Excellent service!,2024-12-23
613,CUST575143,100612,4,Average experience.,2025-06-28
614,CUST509423,100613,1,Five stars!,2025-06-29
615,CUST052791,100614,4,Quick delivery.,2024-07-24
616,CUST809897,100615,4,Package arrived damaged.,2025-01-31
617,CUST348353,100616,1,Poor communication.,2025-06-28
618,CUST016287,100617,3,Excellent service!,2024-09-28
619,CUST894546,100618,1,Good quality.,2024-10-16
620,CUST444486,100619,5,Very satisfied.,2024-12-07
621,CUST386340,100620,4,Good quality.,2024-11-09
622,CUST620156,100621,1,Will buy again.,2024-12-17
623,CUST131268,100622,4,Would not recommend.,2025-04-02
624,CUST798524,100623,2,Poor communication.,2024-07-31
625,CUST470733,100624,1,Package arrived damaged.,2024-10-17
626,CUST703603,100625,3,Excellent service!,2025-04-07
627,CUST932543,100626,5,Poor communication.,2024-09-03
628,CUST115723,100627,4,Average experience.,2024-07-25
629,CUST689891,100628,5,Five stars!,2024-11-15
630,CUST785962,100629,2,Average experience.,2025-06-16
631,CUST821226,100630,4,Excellent service!,2024-10-15
632,CUST032303,100631,2,Very satisfied.,2024-09-25
633,CUST838713,100632,3,Would not recommend.,2025-01-31
634,CUST295300,100633,5,Good quality.,2025-04-25
635,CUST302561,100634,5,Would not recommend.,2024-08-15
636,CUST525572,100635,2,Highly recommended!,2025-01-21
637,CUST260595,100636,1,Great packaging.,2025-03-16
638,CUST285940,100637,4,Quick delivery.,2025-03-24
639,CUST201940,100638,5,Too expensive.,2024-10-22
640,CUST450112,100639,4,Poor communication.,2024-09-15
641,CUST810131,100640,5,Quick delivery.,2025-01-28
642,CUST687904,100641,4,Average experience.,2025-05-03
643,CUST725357,100642,4,Item was missing.,2024-07-14
644,CUST357464,100643,2,Great packaging.,2025-06-23
645,CUST150427,100644,3,Too expensive.,2024-10-11
646,CUST439163,100645,1,Excellent service!,2025-02-09
647,CUST661361,100646,2,Will buy again.,2025-04-29
648,CUST385179,100647,4,Great packaging.,2025-04-17
649,CUST211650,100648,3,Average experience.,2024-10-18
650,CUST510970,100649,2,Too expensive.,2025-06-19
651,CUST023152,100650,2,Item was missing.,2025-05-23
652,CUST592355,100651,5,Great packaging.,2025-05-22
653,CUST468175,100652,3,Will buy again.,2024-11-28
654,CUST225292,100653,4,Item was missing.,2025-03-10
655,CUST939564,100654,1,Item was missing.,2024-08-21
656,CUST099264,100655,4,Highly recommended!,2024-09-02
657,CUST106548,100656,1,Good quality.,2025-01-17
658,CUST846788,100657,1,Very satisfied.,2025-07-05
659,CUST404015,100658,2,Would not recommend.,2025-05-11
660,CUST056782,100659,4,Will buy again.,2024-09-21
661,CUST135721,100660,3,Very satisfied.,2025-01-19
662,CUST799969,100661,3,Would not recommend.,2024-07-15
663,CUST211915,100662,3,Great packaging.,2024-08-13
664,CUST293079,100663,1,Five stars!,2025-04-20
665,CUST848951,100664,1,Would not recommend.,2024-11-02
666,CUST605176,100665,5,Will buy again.,2025-01-11
667,CUST817347,100666,2,Quick delivery.,2025-02-24
668,CUST464297,100667,1,Package arrived damaged.,2025-04-16
669,CUST810657,100668,4,Will buy again.,2025-04-18
670,CUST401677,100669,3,Will buy again.,2025-06-01
671,CUST960903,100670,2,Would not recommend.,2024-10-12
672,CUST385316,100671,3,Package arrived damaged.,2024-12-17
673,CUST595072,100672,2,Very satisfied.,2025-01-27
674,CUST565781,100673,4,Would not recommend.,2025-03-22
675,CUST955752,100674,5,Poor communication.,2024-11-19
676,CUST492575,100675,3,Item was missing.,2025-03-08
677,CUST379749,100676,4,Item was missing.,2025-01-19
678,CUST263180,100677,2,Would not recommend.,2025-05-02
679,CUST285955,100678,2,Item was missing.,2024-10-20
680,CUST665197,100679,2,Good quality.,2025-03-24
681,CUST304019,100680,1,Would not recommend.,2025-05-04
682,CUST373548,100681,3,Good quality.,2024-08-12
683,CUST344020,100682,2,Good quality.,2025-07-07
684,CUST757978,100683,2,Good quality.,2024-09-13
685,CUST313556,100684,1,Very satisfied.,2024-11-02
686,CUST151632,100685,1,Average experience.,2025-05-30
687,CUST057462,100686,4,Too expensive.,2024-08-05
688,CUST836942,100687,1,Highly recommended!,2025-03-17
689,CUST333558,100688,3,Would not recommend.,2025-04-25
690,CUST076458,100689,4,Not as described.,2025-03-05
691,CUST791700,100690,1,Package arrived damaged.,2025-04-29
692,CUST169696,100691,4,Would not recommend.,2025-01-03
693,CUST550066,100692,2,Highly recommended!,2025-05-29
694,CUST862451,100693,2,Will buy again.,2025-05-29
695,CUST128135,100694,1,Five stars!,2025-01-25
696,CUST015638,100695,4,Package arrived damaged.,2024-10-27
697,CUST847358,100696,1,Very satisfied.,2024-12-04
698,CUST633625,100697,4,Item was missing.,2025-04-18
699,CUST240631,100698,1,Excellent service!,2024-07-18
700,CUST977142,100699,5,Great packaging.,2024-11-29
701,CUST341769,100700,3,Will buy again.,2024-07-30
702,CUST996094,100701,5,Item was missing.,2024-07-23
703,CUST899440,100702,5,Good quality.,2024-12-01
704,CUST625424,100703,4,Quick delivery.,2024-12-08
705,CUST746680,100704,3,Good quality.,2025-01-31
706,CUST794523,100705,4,Too expensive.,2025-03-21
707,CUST596766,100706,3,Average experience.,2025-05-02
708,CUST795364,100707,1,Would not recommend.,2025-01-02
709,CUST383146,100708,4,Poor communication.,2025-01-22
710,CUST934774,100709,2,Too expensive.,2025-06-29
711,CUST690230,100710,5,Too expensive.,2025-03-26
712,CUST157676,100711,2,Item was missing.,2024-12-08
713,CUST888765,100712,1,Great packaging.,2025-03-07
714,CUST222907,100713,2,Not as described.,2025-05-24
715,CUST893463,100714,5,Very satisfied.,2024-11-13
716,CUST524125,100715,4,Item was missing.,2025-06-11
717,CUST581447,100716,5,Quick delivery.,2025-01-10
718,CUST624430,100717,1,Great packaging.,2025-01-04
719,CUST783376,100718,1,Great packaging.,2025-07-05
720,CUST885723,100719,1,Poor communication.,2025-05-16
721,CUST880772,100720,2,Great packaging.,2025-07-08
722,CUST588345,100721,2,Not as described.,2024-11-20
723,CUST040494,100722,3,Package arrived damaged.,2025-06-20
724,CUST092705,100723,1,Poor communication.,2025-03-30
725,CUST346827,100724,3,Not as described.,2024-12-13
726,CUST593852,100725,5,Quick delivery.,2025-01-08
727,CUST089250,100726,3,Very satisfied.,2024-11-15
728,CUST385047,100727,3,Quick delivery.,2024-11-25
729,CUST897166,100728,4,Average experience.,2025-01-20
730,CUST204556,100729,5,Would not recommend.,2025-05-16
731,CUST053276,100730,2,Too expensive.,2024-08-10
732,CUST380427,100731,5,Will buy again.,2025-01-10
733,CUST470548,100732,5,Very satisfied.,2024-09-03
734,CUST480690,100733,5,Quick delivery.,2024-09-28
735,CUST915429,100734,4,Will buy again.,2024-10-04
736,CUST786612,100735,1,Average experience.,2024-10-16
737,CUST494218,100736,5,Excellent service!,2024-08-26
738,CUST668984,100737,3,Would not recommend.,2024-11-24
739,CUST661010,100738,3,Item was missing.,2024-10-17
740,CUST968737,100739,5,Quick delivery.,2024-09-27
741,CUST880429,100740,2,Not as described.,2024-07-27
742,CUST029865,100741,3,Too expensive.,2024-11-26
743,CUST731590,100742,3,Very satisfied.,2024-11-18
744,CUST861586,100743,2,Excellent service!,2024-09-06
745,CUST831455,100744,2,Too expensive.,2024-09-11
746,CUST646094,100745,4,Great packaging.,2025-06-07
747,CUST236209,100746,5,Not as described.,2025-02-14
748,CUST542688,100747,3,Average experience.,2024-11-22
749,CUST573757,100748,5,Good quality.,2025-01-26
750,CUST704510,100749,5,Too expensive.,2025-06-27
751,CUST496776,100750,2,Five stars!,2024-10-15
752,CUST318558,100751,3,Poor communication.,2025-06-11
753,CUST460811,100752,5,Will buy again.,2025-01-16
754,CUST455688,100753,2,Five stars!,2024-07-13
755,CUST442913,100754,5,Too expensive.,2025-05-16
756,CUST930465,100755,5,Very satisfied.,2025-02-19
757,CUST017468,100756,5,Quick delivery.,2024-07-09
758,CUST183857,100757,1,Would not recommend.,2024-09-10
759,CUST641525,100758,5,Average experience.,2024-11-24
760,CUST943823,100759,5,Average experience.,2024-10-21
761,CUST462858,100760,3,Excellent service!,2025-06-12
762,CUST665729,100761,4,Great packaging.,2025-02-20
763,CUST953952,100762,2,Package arrived damaged.,2024-08-02
764,CUST096232,100763,2,Package arrived damaged.,2025-03-27
765,CUST878128,100764,5,Item was missing.,2025-06-17
766,CUST023561,100765,5,Excellent service!,2025-05-28
767,CUST548736,100766,2,Would not recommend.,2025-04-30
768,CUST761185,100767,5,Quick delivery.,2025-07-08
769,CUST958388,100768,4,Excellent service!,2025-06-01
770,CUST815509,100769,5,Would not recommend.,2025-01-16
771,CUST682492,100770,1,Five stars!,2024-12-02
772,CUST063748,100771,4,Good quality.,2025-04-08
773,CUST283407,100772,1,Average experience.,2025-03-29
774,CUST958638,100773,4,Poor communication.,2025-07-07
775,CUST273708,100774,4,Average experience.,2025-01-05
776,CUST780047,100775,2,Too expensive.,2024-12-18
777,CUST097569,100776,2,Great packaging.,2024-12-16
778,CUST876620,100777,3,Item was missing.,2024-11-07
779,CUST762691,100778,5,Five stars!,2025-02-21
780,CUST827565,100779,1,Item was missing.,2025-01-03
781,CUST015412,100780,5,Package arrived damaged.,2024-11-22
782,CUST116200,100781,1,Package arrived damaged.,2024-12-10
783,CUST781452,100782,2,Good quality.,2025-01-25
784,CUST199686,100783,1,Item was missing.,2024-10-26
785,CUST929203,100784,3,Package arrived damaged.,2024-10-13
786,CUST636836,100785,5,Will buy again.,2024-11-19
787,CUST943999,100786,2,Will buy again.,2025-02-27
788,CUST578059,100787,5,Too expensive.,2024-10-21
789,CUST857976,100788,3,Would not recommend.,2025-04-28
790,CUST841966,100789,2,Not as described.,2024-07-23
791,CUST895184,100790,1,Item was missing.,2024-09-17
792,CUST837536,100791,5,Quick delivery.,2024-10-25
793,CUST582525,100792,3,Average experience.,2024-08-02
794,CUST110608,100793,1,Will buy again.,2025-03-02
795,CUST869635,100794,1,Very satisfied.,2024-11-13
796,CUST693402,100795,5,Excellent service!,2025-01-13
797,CUST715858,100796,4,Highly recommended!,2025-03-22
798,CUST686247,100797,2,Very satisfied.,2024-09-18
799,CUST956511,100798,4,Very satisfied.,2025-03-24
800,CUST388678,100799,2,Five stars!,2025-05-03
801,CUST174134,100800,4,Item was missing.,2024-09-05
802,CUST057047,100801,3,Too expensive.,2024-10-25
803,CUST744637,100802,3,Not as described.,2025-04-14
804,CUST978709,100803,3,Item was missing.,2024-08-22
805,CUST284542,100804,2,Five stars!,2025-06-12
806,CUST983778,100805,3,Not as described.,2024-12-17
807,CUST754301,100806,5,Package arrived damaged.,2024-07-22
808,CUST833837,100807,4,Excellent service!,2025-02-11
809,CUST607402,100808,5,Would not recommend.,2025-04-08
810,CUST797991,100809,5,Quick delivery.,2024-07-26
811,CUST174662,100810,5,Quick delivery.,2025-02-11
812,CUST960732,100811,3,Not as described.,2024-10-21
813,CUST761315,100812,5,Too expensive.,2025-06-26
814,CUST208256,100813,3,Item was missing.,2024-08-31
815,CUST590973,100814,3,Quick delivery.,2025-03-14
816,CUST908672,100815,3,Very satisfied.,2024-11-10
817,CUST652523,100816,4,Package arrived damaged.,2024-08-24
818,CUST580454,100817,2,Item was missing.,2024-10-04
819,CUST079447,100818,4,Package arrived damaged.,2025-07-07
820,CUST458914,100819,1,Excellent service!,2025-07-04
821,CUST327235,100820,3,Will buy again.,2025-02-27
822,CUST736807,100821,3,Average experience.,2024-08-30
823,CUST931648,100822,3,Item was missing.,2025-02-14
824,CUST705755,100823,4,Quick delivery.,2024-10-17
825,CUST372070,100824,3,Five stars!,2024-12-24
826,CUST594537,100825,3,Poor communication.,2025-05-15
827,CUST091394,100826,2,Highly recommended!,2025-01-04
828,CUST054571,100827,1,Very satisfied.,2024-09-07
829,CUST100004,100828,1,Would not recommend.,2025-02-16
830,CUST757817,100829,3,Good quality.,2025-01-07
831,CUST083166,100830,1,Package arrived damaged.,2024-12-14
832,CUST998157,100831,5,Package arrived damaged.,2025-04-12
833,CUST802030,100832,1,Would not recommend.,2025-07-01
834,CUST855168,100833,1,Good quality.,2024-11-24
835,CUST539415,100834,1,Would not recommend.,2025-04-27
836,CUST556738,100835,4,Average experience.,2025-02-15
837,CUST728490,100836,2,Very satisfied.,2024-11-22
838,CUST733935,100837,1,Item was missing.,2025-05-25
839,CUST085688,100838,1,Not as described.,2024-08-01
840,CUST151215,100839,3,Excellent service!,2025-04-14
841,CUST322931,100840,3,Quick delivery.,2024-12-21
842,CUST972211,100841,5,Would not recommend.,2024-11-09
843,CUST035677,100842,5,Poor communication.,2025-05-12
844,CUST220359,100843,1,Poor communication.,2025-06-27
845,CUST506284,100844,3,Five stars!,2025-03-21
846,CUST114544,100845,1,Too expensive.,2025-05-22
847,CUST525446,100846,3,Very satisfied.,2025-06-07
848,CUST266002,100847,3,Average experience.,2025-06-22
849,CUST375925,100848,4,Not as described.,2025-01-12
850,CUST964648,100849,4,Very satisfied.,2025-04-30
851,CUST205417,100850,2,Highly recommended!,2025-03-06
852,CUST156591,100851,2,Good quality.,2024-09-02
853,CUST840548,100852,4,Package arrived damaged.,2024-08-17
854,CUST895589,100853,5,Good quality.,2024-08-29
855,CUST523254,100854,5,Too expensive.,2025-04-06
856,CUST461700,100855,4,Poor communication.,2025-01-20
857,CUST914971,100856,1,Too expensive.,2024-07-09
858,CUST982302,100857,5,Quick delivery.,2025-03-01
859,CUST785872,100858,2,Quick delivery.,2025-04-17
860,CUST639584,100859,2,Package arrived damaged.,2024-09-22
861,CUST703454,100860,1,Package arrived damaged.,2025-03-03
862,CUST946000,100861,5,Average experience.,2025-01-26
863,CUST770758,100862,2,Excellent service!,2024-10-17
864,CUST264096,100863,1,Great packaging.,2025-03-15
865,CUST485870,100864,1,Very satisfied.,2024-11-09
866,CUST680478,100865,4,Poor communication.,2024-07-16
867,CUST138349,100866,1,Too expensive.,2024-11-01
868,CUST972093,100867,5,Would not recommend.,2024-07-29
869,CUST324287,100868,1,Very satisfied.,2025-02-10
870,CUST950783,100869,3,Quick delivery.,2025-01-12
871,CUST368973,100870,3,Excellent service!,2024-11-17
872,CUST006486,100871,2,Item was missing.,2025-05-23
873,CUST201978,100872,3,Very satisfied.,2025-02-18
874,CUST687176,100873,5,Poor communication.,2024-11-10
875,CUST573255,100874,2,Poor communication.,2024-09-15
876,CUST336801,100875,3,Average experience.,2025-02-03
877,CUST665608,100876,2,Package arrived damaged.,2025-03-14
878,CUST887232,100877,5,Package arrived damaged.,2024-07-15
879,CUST376743,100878,4,Five stars!,2024-11-27
880,CUST876439,100879,3,Excellent service!,2024-08-25
881,CUST652011,100880,1,Quick delivery.,2024-11-30
882,CUST572642,100881,3,Great packaging.,2025-02-06
883,CUST947144,100882,3,Excellent service!,2025-01-31
884,CUST826635,100883,2,Quick delivery.,2024-08-09
885,CUST940554,100884,3,Too expensive.,2025-01-21
886,CUST524983,100885,1,Highly recommended!,2025-06-24
887,CUST891130,100886,1,Great packaging.,2024-11-04
888,CUST399919,100887,3,Too expensive.,2025-03-22
889,CUST056872,100888,3,Would not recommend.,2024-12-01
890,CUST162527,100889,2,Would not recommend.,2024-12-30
891,CUST447322,100890,5,Package arrived damaged.,2024-08-03
892,CUST080319,100891,5,Too expensive.,2025-06-17
893,CUST198977,100892,2,Five stars!,2024-11-14
894,CUST647133,100893,3,Package arrived damaged.,2024-09-25
895,CUST417679,100894,1,Will buy again.,2024-09-06
896,CUST955740,100895,4,Five stars!,2025-02-01
897,CUST368661,100896,2,Good quality.,2025-03-24
898,CUST494415,100897,2,Highly recommended!,2025-01-28
899,CUST225721,100898,2,Will buy again.,2024-09-30
900,CUST417837,100899,5,Highly recommended!,2024-08-11
901,CUST818933,100900,5,Not as described.,2024-08-12
902,CUST775526,100901,2,Too expensive.,2024-07-16
903,CUST280834,100902,2,Good quality.,2024-11-11
904,CUST279385,100903,2,Five stars!,2025-05-22
905,CUST295060,100904,5,Very satisfied.,2024-09-30
906,CUST961394,100905,3,Good quality.,2025-02-09
907,CUST879722,100906,3,Package arrived damaged.,2025-03-05
908,CUST399905,100907,5,Highly recommended!,2025-06-23
909,CUST098726,100908,4,Too expensive.,2025-05-30
910,CUST196629,100909,2,Very satisfied.,2025-01-01
911,CUST017939,100910,2,Excellent service!,2025-03-08
912,CUST753444,100911,5,Average experience.,2025-02-09
913,CUST475032,100912,2,Very satisfied.,2025-04-28
914,CUST677327,100913,2,Average experience.,2024-07-25
915,CUST513213,100914,4,Item was missing.,2025-03-17
916,CUST454418,100915,2,Not as described.,2025-06-13
917,CUST110969,100916,2,Average experience.,2025-06-08
918,CUST907600,100917,5,Package arrived damaged.,2025-04-22
919,CUST638609,100918,5,Will buy again.,2024-08-03
920,CUST340983,100919,2,Five stars!,2024-09-23
921,CUST214780,100920,1,Five stars!,2024-12-22
922,CUST011363,100921,5,Very satisfied.,2025-02-06
923,CUST486018,100922,1,Great packaging.,2025-05-21
924,CUST959020,100923,1,Average experience.,2024-07-29
925,CUST762163,100924,2,Five stars!,2024-10-20
926,CUST324443,100925,2,Too expensive.,2024-12-13
927,CUST192176,100926,1,Quick delivery.,2025-06-15
928,CUST761443,100927,3,Item was missing.,2025-05-23
929,CUST836489,100928,5,Good quality.,2025-02-19
930,CUST380346,100929,1,Too expensive.,2024-08-31
931,CUST107477,100930,3,Highly recommended!,2024-09-26
932,CUST591864,100931,1,Poor communication.,2025-01-04
933,CUST196224,100932,4,Highly recommended!,2024-12-27
934,CUST962344,100933,1,Good quality.,2025-04-01
935,CUST499064,100934,1,Highly recommended!,2025-02-27
936,CUST872007,100935,5,Too expensive.,2024-11-06
937,CUST514520,100936,2,Package arrived damaged.,2024-12-25
938,CUST707590,100937,1,Poor communication.,2025-01-10
939,CUST526579,100938,3,Will buy again.,2025-05-30
940,CUST736471,100939,5,Package arrived damaged.,2024-10-26
941,CUST130650,100940,2,Excellent service!,2024-10-29
942,CUST434012,100941,1,Too expensive.,2025-02-18
943,CUST956776,100942,4,Would not recommend.,2025-04-26
944,CUST709127,100943,4,Great packaging.,2024-09-22
945,CUST233519,100944,2,Will buy again.,2025-05-17
946,CUST008477,100945,1,Highly recommended!,2025-03-04
947,CUST225857,100946,5,Will buy again.,2024-11-08
948,CUST588980,100947,2,Average experience.,2025-05-26
949,CUST432604,100948,5,Average experience.,2024-09-27
950,CUST595369,100949,2,Too expensive.,2025-05-29
951,CUST177663,100950,5,Quick delivery.,2025-02-01
952,CUST442388,100951,1,Excellent service!,2025-03-29
953,CUST835988,100952,3,Package arrived damaged.,2025-01-20
954,CUST519809,100953,1,Five stars!,2025-05-16
955,CUST730911,100954,4,Excellent service!,2024-07-30
956,CUST976967,100955,1,Will buy again.,2025-06-22
957,CUST961533,100956,2,Poor communication.,2025-01-08
958,CUST880656,100957,1,Too expensive.,2024-10-14
959,CUST789532,100958,3,Too expensive.,2024-08-19
960,CUST069041,100959,3,Quick delivery.,2024-12-06
961,CUST674089,100960,4,Would not recommend.,2024-07-30
962,CUST669568,100961,1,Very satisfied.,2025-02-01
963,CUST203382,100962,4,Item was missing.,2024-10-09
964,CUST491113,100963,2,Great packaging.,2025-04-20
965,CUST743363,100964,1,Great packaging.,2025-07-06
966,CUST911441,100965,5,Five stars!,2024-10-28
967,CUST511515,100966,4,Highly recommended!,2025-07-06
968,CUST141698,100967,2,Highly recommended!,2025-04-06
969,CUST820279,100968,1,Average experience.,2024-08-28
970,CUST383071,100969,5,Good quality.,2025-02-21
971,CUST080608,100970,3,Too expensive.,2024-11-23
972,CUST280379,100971,4,Will buy again.,2025-03-23
973,CUST663308,100972,4,Five stars!,2024-11-06
974,CUST335267,100973,3,Too expensive.,2025-03-11
975,CUST878379,100974,4,Good quality.,2025-03-11
976,CUST469439,100975,2,Quick delivery.,2024-10-31
977,CUST109010,100976,1,Quick delivery.,2025-03-31
978,CUST806874,100977,5,Five stars!,2024-10-17
979,CUST516958,100978,4,Good quality.,2025-04-23
980,CUST413809,100979,5,Five stars!,2024-11-11
981,CUST774728,100980,4,Package arrived damaged.,2025-04-09
982,CUST281645,100981,3,Package arrived damaged.,2024-08-07
983,CUST599547,100982,5,Five stars!,2024-10-18
984,CUST322952,100983,5,Package arrived damaged.,2024-10-31
985,CUST254241,100984,4,Too expensive.,2024-10-20
986,CUST064963,100985,2,Quick delivery.,2025-04-19
987,CUST336446,100986,4,Not as described.,2025-04-05
988,CUST950592,100987,1,Would not recommend.,2024-11-02
989,CUST406783,100988,1,Too expensive.,2025-05-14
990,CUST765997,100989,2,Poor communication.,2024-12-21
991,CUST802489,100990,1,Package arrived damaged.,2024-09-10
992,CUST763669,100991,1,Item was missing.,2025-03-17
993,CUST868051,100992,4,Package arrived damaged.,2024-08-12
994,CUST341836,100993,1,Package arrived damaged.,2025-01-19
995,CUST775681,100994,3,Not as described.,2025-04-25
996,CUST313508,100995,4,Quick delivery.,2025-05-14
997,CUST276020,100996,5,Good quality.,2025-05-17
998,CUST071841,100997,5,Excellent service!,2025-02-03
999,CUST582173,100998,4,Very satisfied.,2025-02-16
1000,CUST872727,100999,5,Excellent service!,2024-12-24
1001,CUST505702,101000,4,Quick delivery.,2024-07-17
1002,CUST440035,101001,3,Good quality.,2024-07-18
1003,CUST014199,101002,1,Poor communication.,2025-01-07
1004,CUST161706,101003,4,Too expensive.,2024-12-21
1005,CUST539411,101004,5,Excellent service!,2024-07-24
1006,CUST775437,101005,5,Item was missing.,2025-03-16
1007,CUST248555,101006,5,Excellent service!,2024-07-19
1008,CUST655116,101007,2,Too expensive.,2024-12-21
1009,CUST121238,101008,5,Would not recommend.,2024-08-20
1010,CUST293054,101009,1,Will buy again.,2024-10-11
1011,CUST144309,101010,5,Poor communication.,2025-03-27
1012,CUST538030,101011,5,Package arrived damaged.,2025-07-01
1013,CUST651239,101012,1,Excellent service!,2025-04-21
1014,CUST666303,101013,4,Poor communication.,2025-06-19
1015,CUST686114,101014,3,Too expensive.,2024-12-16
1016,CUST332445,101015,1,Quick delivery.,2025-03-19
1017,CUST019559,101016,5,Excellent service!,2025-05-03
1018,CUST974261,101017,5,Five stars!,2025-01-11
1019,CUST395315,101018,2,Very satisfied.,2025-05-12
1020,CUST248698,101019,1,Great packaging.,2025-02-09
1021,CUST925882,101020,2,Would not recommend.,2025-03-08
1022,CUST968640,101021,1,Quick delivery.,2025-03-01
1023,CUST417930,101022,2,Great packaging.,2024-10-09
1024,CUST432694,101023,1,Five stars!,2025-02-05
1025,CUST551190,101024,5,Will buy again.,2024-09-27
1026,CUST966079,101025,5,Quick delivery.,2025-01-26
1027,CUST616635,101026,1,Very satisfied.,2025-05-12
1028,CUST536404,101027,3,Quick delivery.,2025-01-23
1029,CUST946719,101028,1,Item was missing.,2025-02-16
1030,CUST508897,101029,4,Five stars!,2024-12-02
1031,CUST299878,101030,2,Good quality.,2024-12-10
1032,CUST004562,101031,3,Quick delivery.,2025-05-08
1033,CUST955926,101032,3,Package arrived damaged.,2025-06-20
1034,CUST618688,101033,5,Great packaging.,2025-01-13
1035,CUST042501,101034,2,Will buy again.,2025-02-17
1036,CUST438371,101035,1,Average experience.,2024-10-22
1037,CUST414643,101036,4,Good quality.,2024-09-05
1038,CUST429998,101037,5,Highly recommended!,2025-07-01
1039,CUST614810,101038,3,Not as described.,2024-11-19
1040,CUST792557,101039,5,Poor communication.,2024-10-31
1041,CUST646522,101040,5,Will buy again.,2024-11-07
1042,CUST747158,101041,3,Will buy again.,2024-10-02
1043,CUST095724,101042,2,Average experience.,2024-09-08
1044,CUST191223,101043,3,Item was missing.,2025-02-11
1045,CUST228244,101044,4,Very satisfied.,2025-04-01
1046,CUST831654,101045,2,Package arrived damaged.,2025-05-15
1047,CUST475713,101046,4,Too expensive.,2024-10-03
1048,CUST492683,101047,2,Quick delivery.,2025-04-11
1049,CUST078196,101048,2,Average experience.,2024-08-13
1050,CUST389607,101049,2,Excellent service!,2025-03-17
1051,CUST643601,101050,5,Average experience.,2024-10-16
1052,CUST655349,101051,4,Poor communication.,2025-05-18
1053,CUST565594,101052,2,Poor communication.,2024-08-27
1054,CUST243394,101053,2,Package arrived damaged.,2024-10-16
1055,CUST821920,101054,3,Would not recommend.,2025-05-25
1056,CUST795660,101055,2,Quick delivery.,2025-05-19
1057,CUST521458,101056,4,Too expensive.,2024-10-01
1058,CUST351883,101057,3,Highly recommended!,2025-02-02
1059,CUST644175,101058,4,Not as described.,2025-04-10
1060,CUST719425,101059,4,Highly recommended!,2025-06-28
1061,CUST593463,101060,2,Quick delivery.,2025-07-05
1062,CUST119172,101061,4,Excellent service!,2025-05-27
1063,CUST346384,101062,1,Very satisfied.,2025-05-23
1064,CUST286978,101063,2,Item was missing.,2024-09-24
1065,CUST964812,101064,5,Poor communication.,2024-09-13
1066,CUST499724,101065,5,Package arrived damaged.,2025-04-19
1067,CUST563949,101066,4,Highly recommended!,2025-07-04
1068,CUST576660,101067,4,Great packaging.,2024-08-20
1069,CUST008540,101068,3,Package arrived damaged.,2024-11-15
1070,CUST916020,101069,2,Excellent service!,2024-08-25
1071,CUST339746,101070,1,Average experience.,2025-02-25
1072,CUST703768,101071,5,Quick delivery.,2025-04-17
1073,CUST334483,101072,1,Good quality.,2025-06-12
1074,CUST660104,101073,2,Very satisfied.,2025-03-06
1075,CUST586316,101074,4,Excellent service!,2025-01-31
1076,CUST461569,101075,3,Average experience.,2025-05-19
1077,CUST080825,101076,1,Five stars!,2025-06-23
1078,CUST467899,101077,4,Will buy again.,2025-05-25
1079,CUST930543,101078,4,Will buy again.,2025-04-01
1080,CUST675127,101079,5,Excellent service!,2024-11-25
1081,CUST302147,101080,2,Package arrived damaged.,2025-03-01
1082,CUST600559,101081,1,Great packaging.,2024-07-11
1083,CUST129588,101082,1,Great packaging.,2025-02-02
1084,CUST912695,101083,4,Package arrived damaged.,2024-07-09
1085,CUST346937,101084,1,Package arrived damaged.,2024-09-24
1086,CUST740796,101085,2,Very satisfied.,2025-05-05
1087,CUST696045,101086,4,Highly recommended!,2025-05-21
1088,CUST616289,101087,2,Would not recommend.,2024-12-07
1089,CUST255948,101088,2,Good quality.,2024-08-29
1090,CUST711373,101089,5,Item was missing.,2024-12-27
1091,CUST137811,101090,2,Five stars!,2024-09-27
1092,CUST333922,101091,1,Will buy again.,2024-08-05
1093,CUST228623,101092,5,Good quality.,2024-11-23
1094,CUST029674,101093,2,Average experience.,2024-09-30
1095,CUST772783,101094,1,Too expensive.,2024-07-25
1096,CUST801507,101095,4,Excellent service!,2025-02-07
1097,CUST023231,101096,4,Package arrived damaged.,2025-04-24
1098,CUST300851,101097,2,Poor communication.,2024-09-04
1099,CUST628455,101098,4,Poor communication.,2025-05-29
1100,CUST957374,101099,4,Five stars!,2025-04-16
1101,CUST262441,101100,3,Package arrived damaged.,2024-10-22
1102,CUST994352,101101,1,Highly recommended!,2025-01-04
1103,CUST155442,101102,1,Too expensive.,2024-12-01
1104,CUST417676,101103,4,Average experience.,2025-07-07
1105,CUST356684,101104,2,Five stars!,2024-07-16
1106,CUST637402,101105,3,Five stars!,2025-03-30
1107,CUST018228,101106,2,Average experience.,2024-12-29
1108,CUST087210,101107,5,Highly recommended!,2024-10-14
1109,CUST314612,101108,5,Item was missing.,2024-11-25
1110,CUST878848,101109,3,Highly recommended!,2025-02-19
1111,CUST718112,101110,2,Too expensive.,2024-08-12
1112,CUST534927,101111,4,Highly recommended!,2024-07-23
1113,CUST859373,101112,3,Five stars!,2025-06-18
1114,CUST676323,101113,5,Poor communication.,2024-07-28
1115,CUST119244,101114,4,Average experience.,2025-06-25
1116,CUST345166,101115,3,Will buy again.,2025-03-10
1117,CUST627250,101116,1,Will buy again.,2024-07-14
1118,CUST653068,101117,3,Will buy again.,2024-09-04
1119,CUST141866,101118,4,Package arrived damaged.,2024-09-24
1120,CUST281490,101119,1,Great packaging.,2024-10-07
1121,CUST739148,101120,5,Poor communication.,2024-10-02
1122,CUST127207,101121,3,Good quality.,2025-05-09
1123,CUST355128,101122,5,Great packaging.,2025-04-11
1124,CUST658844,101123,5,Average experience.,2024-11-02
1125,CUST523927,101124,5,Too expensive.,2025-06-18
1126,CUST886528,101125,5,Excellent service!,2024-10-09
1127,CUST186979,101126,2,Package arrived damaged.,2024-09-21
1128,CUST995591,101127,4,Would not recommend.,2025-05-14
1129,CUST992715,101128,2,Item was missing.,2024-10-21
1130,CUST442642,101129,5,Poor communication.,2025-01-14
1131,CUST547479,101130,2,Average experience.,2024-09-14
1132,CUST266126,101131,3,Will buy again.,2025-03-26
1133,CUST763898,101132,1,Package arrived damaged.,2025-03-11
1134,CUST869461,101133,2,Excellent service!,2024-08-20
1135,CUST129701,101134,4,Poor communication.,2024-12-30
1136,CUST079854,101135,4,Item was missing.,2024-08-23
1137,CUST466812,101136,1,Too expensive.,2025-03-17
1138,CUST280690,101137,3,Good quality.,2025-04-26
1139,CUST260583,101138,1,Would not recommend.,2025-05-24
1140,CUST488369,101139,2,Not as described.,2025-02-11
1141,CUST041421,101140,3,Too expensive.,2024-12-19
1142,CUST577264,101141,2,Very satisfied.,2024-11-20
1143,CUST728270,101142,2,Highly recommended!,2025-04-09
1144,CUST203823,101143,2,Good quality.,2024-08-05
1145,CUST991621,101144,2,Good quality.,2025-06-19
1146,CUST183093,101145,5,Too expensive.,2024-11-05
1147,CUST832400,101146,1,Not as described.,2025-05-08
1148,CUST639234,101147,1,Average experience.,2024-12-09
1149,CUST921334,101148,1,Good quality.,2025-03-10
1150,CUST472384,101149,2,Average experience.,2024-11-13
1151,CUST011405,101150,2,Excellent service!,2025-01-02
1152,CUST794906,101151,1,Package arrived damaged.,2025-06-18
1153,CUST330203,101152,2,Excellent service!,2024-09-09
1154,CUST677315,101153,4,Excellent service!,2024-07-12
1155,CUST859451,101154,4,Will buy again.,2025-03-05
1156,CUST296708,101155,2,Package arrived damaged.,2024-07-27
1157,CUST086657,101156,2,Very satisfied.,2025-01-05
1158,CUST769576,101157,3,Highly recommended!,2024-09-28
1159,CUST025263,101158,2,Good quality.,2025-06-15
1160,CUST349503,101159,4,Five stars!,2025-01-15
1161,CUST168541,101160,1,Quick delivery.,2024-10-21
1162,CUST359686,101161,2,Average experience.,2025-06-20
1163,CUST378385,101162,4,Very satisfied.,2025-01-17
1164,CUST086146,101163,2,Not as described.,2024-11-07
1165,CUST872449,101164,4,Five stars!,2025-06-30
1166,CUST018605,101165,4,Would not recommend.,2025-06-18
1167,CUST555217,101166,1,Excellent service!,2024-09-23
1168,CUST130654,101167,3,Would not recommend.,2024-11-03
1169,CUST017356,101168,3,Package arrived damaged.,2025-01-06
1170,CUST932201,101169,1,Item was missing.,2024-11-19
1171,CUST253902,101170,3,Highly recommended!,2024-10-17
1172,CUST033725,101171,3,Very satisfied.,2025-03-07
1173,CUST383284,101172,4,Quick delivery.,2024-12-15
1174,CUST802222,101173,3,Good quality.,2024-12-13
1175,CUST916025,101174,5,Highly recommended!,2025-02-05
1176,CUST236828,101175,1,Package arrived damaged.,2024-10-05
1177,CUST878721,101176,1,Average experience.,2025-05-18
1178,CUST722301,101177,5,Too expensive.,2025-06-10
1179,CUST516586,101178,4,Package arrived damaged.,2024-09-02
1180,CUST777793,101179,2,Not as described.,2024-09-27
1181,CUST999484,101180,4,Good quality.,2024-08-07
1182,CUST710167,101181,4,Excellent service!,2024-09-01
1183,CUST599706,101182,4,Package arrived damaged.,2024-10-09
1184,CUST780537,101183,2,Too expensive.,2024-10-15
1185,CUST505793,101184,3,Highly recommended!,2025-04-02
1186,CUST415328,101185,2,Highly recommended!,2025-01-05
1187,CUST342352,101186,1,Not as described.,2025-02-28
1188,CUST870434,101187,3,Five stars!,2024-10-26
1189,CUST247616,101188,4,Will buy again.,2024-09-18
1190,CUST665691,101189,5,Highly recommended!,2024-08-14
1191,CUST974846,101190,2,Too expensive.,2025-01-27
1192,CUST866654,101191,3,Poor communication.,2025-03-02
1193,CUST512657,101192,2,Item was missing.,2025-02-24
1194,CUST292900,101193,3,Very satisfied.,2024-08-23
1195,CUST692341,101194,3,Very satisfied.,2025-05-22
1196,CUST705873,101195,3,Average experience.,2025-05-01
1197,CUST757286,101196,5,Would not recommend.,2024-09-18
1198,CUST080821,101197,2,Would not recommend.,2024-10-18
1199,CUST621586,101198,3,Very satisfied.,2024-11-17
1200,CUST908232,101199,4,Highly recommended!,2025-05-02
1201,CUST106764,101200,5,Will buy again.,2024-12-16
1202,CUST274892,101201,3,Good quality.,2025-07-02
1203,CUST550782,101202,4,Five stars!,2024-08-09
1204,CUST804857,101203,2,Excellent service!,2025-06-10
1205,CUST340771,101204,2,Too expensive.,2025-05-17
1206,CUST523081,101205,4,Poor communication.,2024-09-14
1207,CUST073714,101206,2,Too expensive.,2025-06-21
1208,CUST633767,101207,5,Quick delivery.,2024-08-10
1209,CUST498245,101208,3,Poor communication.,2024-12-08
1210,CUST613772,101209,1,Average experience.,2025-05-02
1211,CUST808104,101210,3,Not as described.,2025-05-30
1212,CUST388094,101211,2,Very satisfied.,2025-01-28
1213,CUST743236,101212,5,Highly recommended!,2025-02-02
1214,CUST219265,101213,1,Item was missing.,2024-09-26
1215,CUST783731,101214,3,Very satisfied.,2025-01-20
1216,CUST015889,101215,1,Great packaging.,2025-02-20
1217,CUST447751,101216,3,Poor communication.,2024-10-02
1218,CUST104617,101217,4,Good quality.,2025-06-18
1219,CUST414067,101218,2,Will buy again.,2025-01-02
1220,CUST916902,101219,3,Will buy again.,2024-07-12
1221,CUST357321,101220,2,Five stars!,2025-05-14
1222,CUST785469,101221,2,Too expensive.,2025-06-24
1223,CUST508176,101222,1,Very satisfied.,2024-12-31
1224,CUST846832,101223,4,Good quality.,2024-10-14
1225,CUST267040,101224,5,Average experience.,2025-03-06
1226,CUST494638,101225,4,Average experience.,2025-06-04
1227,CUST594654,101226,3,Poor communication.,2024-08-22
1228,CUST881247,101227,2,Highly recommended!,2025-01-16
1229,CUST437148,101228,4,Average experience.,2024-07-14
1230,CUST242237,101229,2,Too expensive.,2025-06-04
1231,CUST012738,101230,2,Would not recommend.,2024-10-07
1232,CUST780001,101231,5,Poor communication.,2024-12-30
1233,CUST532885,101232,3,Very satisfied.,2024-08-28
1234,CUST423334,101233,5,Very satisfied.,2025-02-23
1235,CUST320664,101234,4,Quick delivery.,2024-10-20
1236,CUST476422,101235,4,Five stars!,2025-06-13
1237,CUST825901,101236,1,Excellent service!,2025-04-16
1238,CUST937554,101237,2,Highly recommended!,2025-01-25
1239,CUST638151,101238,5,Will buy again.,2025-05-12
1240,CUST053065,101239,5,Would not recommend.,2024-07-10
1241,CUST039489,101240,1,Poor communication.,2025-05-14
1242,CUST413733,101241,4,Good quality.,2024-12-29
1243,CUST644881,101242,4,Average experience.,2024-11-15
1244,CUST174307,101243,5,Highly recommended!,2025-01-18
1245,CUST745620,101244,3,Item was missing.,2024-09-14
1246,CUST672379,101245,1,Great packaging.,2025-03-12
1247,CUST680481,101246,2,Five stars!,2025-01-22
1248,CUST554365,101247,1,Quick delivery.,2025-01-27
1249,CUST050560,101248,3,Item was missing.,2024-12-26
1250,CUST763470,101249,4,Poor communication.,2024-07-10
1251,CUST158845,101250,5,Excellent service!,2025-02-04
1252,CUST601587,101251,5,Excellent service!,2024-10-24
1253,CUST520450,101252,1,Excellent service!,2025-04-24
1254,CUST136739,101253,1,Would not recommend.,2024-07-17
1255,CUST235999,101254,5,Excellent service!,2025-05-07
1256,CUST203685,101255,5,Highly recommended!,2025-05-16
1257,CUST612842,101256,2,Will buy again.,2024-11-27
1258,CUST923180,101257,2,Poor communication.,2025-02-13
1259,CUST080384,101258,2,Would not recommend.,2025-03-13
1260,CUST668961,101259,2,Would not recommend.,2025-03-21
1261,CUST528672,101260,2,Quick delivery.,2025-03-03
1262,CUST612291,101261,5,Poor communication.,2025-04-20
1263,CUST451429,101262,2,Excellent service!,2024-08-14
1264,CUST001395,101263,4,Excellent service!,2024-07-16
1265,CUST221341,101264,2,Quick delivery.,2025-04-01
1266,CUST278822,101265,2,Not as described.,2024-08-17
1267,CUST130829,101266,5,Good quality.,2025-02-25
1268,CUST571384,101267,1,Not as described.,2025-02-08
1269,CUST090895,101268,2,Highly recommended!,2024-09-20
1270,CUST730677,101269,1,Item was missing.,2025-05-22
1271,CUST121188,101270,5,Would not recommend.,2024-11-27
1272,CUST860708,101271,1,Would not recommend.,2024-10-10
1273,CUST245919,101272,4,Good quality.,2025-01-18
1274,CUST447031,101273,4,Poor communication.,2025-01-10
1275,CUST360829,101274,1,Not as described.,2025-03-24
1276,CUST874634,101275,2,Would not recommend.,2024-08-21
1277,CUST251867,101276,1,Would not recommend.,2024-12-21
1278,CUST401420,101277,5,Five stars!,2025-02-09
1279,CUST909536,101278,1,Highly recommended!,2024-07-20
1280,CUST118416,101279,5,Good quality.,2024-11-27
1281,CUST490519,101280,4,Package arrived damaged.,2024-12-23
1282,CUST967304,101281,1,Average experience.,2024-12-04
1283,CUST570649,101282,4,Would not recommend.,2024-08-14
1284,CUST769007,101283,1,Good quality.,2025-05-15
1285,CUST316280,101284,1,Average experience.,2025-02-06
1286,CUST545598,101285,2,Poor communication.,2025-02-13
1287,CUST294248,101286,5,Package arrived damaged.,2024-11-05
1288,CUST375667,101287,2,Not as described.,2024-12-24
1289,CUST856433,101288,5,Five stars!,2024-07-13
1290,CUST351853,101289,3,Average experience.,2025-03-19
1291,CUST206597,101290,3,Will buy again.,2024-08-05
1292,CUST361537,101291,1,Will buy again.,2024-08-21
1293,CUST227823,101292,4,Good quality.,2024-09-10
1294,CUST654304,101293,2,Highly recommended!,2025-01-13
1295,CUST132572,101294,2,Poor communication.,2025-06-13
1296,CUST164395,101295,2,Package arrived damaged.,2024-10-18
1297,CUST725665,101296,5,Poor communication.,2024-09-29
1298,CUST538141,101297,1,Great packaging.,2025-03-16
1299,CUST402213,101298,5,Too expensive.,2024-07-22
1300,CUST826038,101299,2,Not as described.,2025-01-15
1301,CUST353591,101300,4,Package arrived damaged.,2025-06-08
1302,CUST642911,101301,2,Great packaging.,2025-04-11
1303,CUST083494,101302,3,Excellent service!,2025-05-02
1304,CUST930707,101303,5,Quick delivery.,2025-07-06
1305,CUST569066,101304,1,Too expensive.,2024-10-30
1306,CUST881775,101305,5,Package arrived damaged.,2025-05-23
1307,CUST230106,101306,2,Item was missing.,2025-01-18
1308,CUST494266,101307,5,Item was missing.,2024-08-09
1309,CUST398681,101308,4,Item was missing.,2024-08-03
1310,CUST204575,101309,4,Quick delivery.,2024-12-16
1311,CUST547739,101310,4,Great packaging.,2024-10-07
1312,CUST792438,101311,3,Quick delivery.,2024-08-23
1313,CUST703668,101312,1,Quick delivery.,2025-06-30
1314,CUST246537,101313,4,Great packaging.,2024-10-21
1315,CUST456820,101314,1,Poor communication.,2025-03-18
1316,CUST738997,101315,1,Excellent service!,2025-04-07
1317,CUST210369,101316,4,Package arrived damaged.,2024-11-25
1318,CUST577230,101317,5,Average experience.,2024-10-08
1319,CUST691631,101318,2,Excellent service!,2024-09-20
1320,CUST582974,101319,5,Item was missing.,2024-08-23
1321,CUST061156,101320,5,Quick delivery.,2024-09-28
1322,CUST166608,101321,2,Not as described.,2024-11-03
1323,CUST750192,101322,1,Five stars!,2024-12-12
1324,CUST891234,101323,3,Quick delivery.,2025-06-22
1325,CUST513977,101324,3,Poor communication.,2024-10-16
1326,CUST082783,101325,1,Average experience.,2024-11-24
1327,CUST212286,101326,5,Five stars!,2025-07-02
1328,CUST251891,101327,2,Item was missing.,2025-05-29
1329,CUST979505,101328,5,Good quality.,2025-05-14
1330,CUST803241,101329,1,Five stars!,2024-12-21
1331,CUST767431,101330,2,Item was missing.,2025-01-17
1332,CUST335264,101331,2,Good quality.,2024-07-28
1333,CUST038198,101332,4,Item was missing.,2024-10-18
1334,CUST783246,101333,3,Poor communication.,2024-12-06
1335,CUST958277,101334,1,Will buy again.,2025-02-09
1336,CUST989506,101335,5,Good quality.,2024-09-06
1337,CUST434853,101336,4,Too expensive.,2024-11-26
1338,CUST672320,101337,1,Highly recommended!,2024-10-11
1339,CUST799808,101338,2,Good quality.,2025-04-15
1340,CUST560933,101339,5,Highly recommended!,2025-04-11
1341,CUST555300,101340,4,Item was missing.,2025-06-15
1342,CUST935445,101341,5,Item was missing.,2024-10-08
1343,CUST801953,101342,5,Not as described.,2024-12-11
1344,CUST696233,101343,3,Quick delivery.,2024-11-26
1345,CUST434427,101344,4,Item was missing.,2024-11-20
1346,CUST244351,101345,4,Very satisfied.,2024-09-25
1347,CUST259130,101346,4,Will buy again.,2024-09-04
1348,CUST170058,101347,2,Average experience.,2025-01-28
1349,CUST979717,101348,3,Excellent service!,2024-12-17
1350,CUST269977,101349,2,Very satisfied.,2024-08-06
1351,CUST900118,101350,4,Would not recommend.,2024-11-26
1352,CUST725002,101351,2,Great packaging.,2025-05-30
1353,CUST746432,101352,2,Item was missing.,2025-06-12
1354,CUST584230,101353,3,Too expensive.,2024-12-05
1355,CUST277766,101354,1,Five stars!,2024-11-28
1356,CUST159215,101355,5,Item was missing.,2025-01-25
1357,CUST027922,101356,3,Average experience.,2025-03-07
1358,CUST514900,101357,2,Too expensive.,2024-08-21
1359,CUST089564,101358,3,Five stars!,2024-09-16
1360,CUST465466,101359,2,Item was missing.,2025-03-02
1361,CUST322296,101360,1,Excellent service!,2024-09-08
1362,CUST970460,101361,2,Highly recommended!,2025-04-16
1363,CUST310587,101362,2,Highly recommended!,2025-05-09
1364,CUST336903,101363,4,Excellent service!,2025-06-29
1365,CUST626028,101364,2,Excellent service!,2025-03-07
1366,CUST830125,101365,4,Poor communication.,2025-01-09
1367,CUST710538,101366,3,Highly recommended!,2024-12-18
1368,CUST724790,101367,5,Not as described.,2025-07-05
1369,CUST636705,101368,3,Too expensive.,2025-01-05
1370,CUST478834,101369,1,Too expensive.,2024-09-14
1371,CUST862996,101370,4,Quick delivery.,2024-07-23
1372,CUST720558,101371,1,Item was missing.,2024-08-13
1373,CUST452999,101372,2,Great packaging.,2025-01-18
1374,CUST983109,101373,2,Highly recommended!,2024-12-06
1375,CUST852832,101374,5,Not as described.,2024-11-03
1376,CUST391671,101375,5,Not as described.,2024-07-13
1377,CUST353347,101376,1,Too expensive.,2025-04-18
1378,CUST976610,101377,3,Will buy again.,2024-09-17
1379,CUST443592,101378,1,Very satisfied.,2025-05-11
1380,CUST233935,101379,4,Average experience.,2025-05-27
1381,CUST396255,101380,4,Item was missing.,2025-05-14
1382,CUST433147,101381,4,Poor communication.,2025-05-08
1383,CUST213820,101382,2,Excellent service!,2025-03-24
1384,CUST296697,101383,3,Average experience.,2024-08-12
1385,CUST698175,101384,4,Highly recommended!,2025-04-05
1386,CUST174713,101385,4,Too expensive.,2024-11-26
1387,CUST934691,101386,2,Good quality.,2025-05-25
1388,CUST688421,101387,4,Very satisfied.,2025-05-04
1389,CUST137114,101388,3,Excellent service!,2024-08-02
1390,CUST920648,101389,2,Poor communication.,2024-07-15
1391,CUST997497,101390,3,Five stars!,2024-10-29
1392,CUST149083,101391,1,Highly recommended!,2024-09-05
1393,CUST738075,101392,4,Great packaging.,2024-12-28
1394,CUST272676,101393,4,Too expensive.,2025-06-03
1395,CUST410085,101394,2,Quick delivery.,2024-09-15
1396,CUST341644,101395,4,Highly recommended!,2025-07-04
1397,CUST586569,101396,1,Too expensive.,2024-12-14
1398,CUST994126,101397,1,Highly recommended!,2025-03-06
1399,CUST873051,101398,4,Very satisfied.,2025-02-03
1400,CUST745821,101399,5,Item was missing.,2024-10-19
1401,CUST603327,101400,3,Very satisfied.,2025-05-05
1402,CUST141073,101401,3,Excellent service!,2025-03-22
1403,CUST102021,101402,4,Quick delivery.,2025-06-15
1404,CUST135553,101403,5,Good quality.,2024-08-02
1405,CUST735488,101404,5,Would not recommend.,2025-01-16
1406,CUST013486,101405,1,Will buy again.,2024-12-14
1407,CUST093585,101406,1,Will buy again.,2025-04-09
1408,CUST218237,101407,1,Great packaging.,2024-10-28
1409,CUST330390,101408,5,Will buy again.,2024-09-11
1410,CUST720266,101409,4,Too expensive.,2024-11-14
1411,CUST099459,101410,4,Very satisfied.,2025-02-14
1412,CUST326701,101411,1,Not as described.,2024-09-11
1413,CUST019404,101412,1,Very satisfied.,2024-07-13
1414,CUST635266,101413,4,Not as described.,2024-09-10
1415,CUST388774,101414,2,Poor communication.,2024-11-09
1416,CUST359336,101415,5,Average experience.,2025-02-02
1417,CUST892692,101416,2,Too expensive.,2024-10-19
1418,CUST277242,101417,4,Very satisfied.,2025-04-05
1419,CUST867173,101418,5,Highly recommended!,2024-11-27
1420,CUST687848,101419,3,Five stars!,2025-05-13
1421,CUST356681,101420,5,Very satisfied.,2025-03-22
1422,CUST302948,101421,4,Quick delivery.,2024-08-24
1423,CUST388101,101422,1,Highly recommended!,2025-05-03
1424,CUST358544,101423,1,Highly recommended!,2024-11-01
1425,CUST968991,101424,3,Quick delivery.,2024-07-30
1426,CUST660696,101425,2,Not as described.,2024-10-05
1427,CUST071553,101426,1,Too expensive.,2024-10-28
1428,CUST028360,101427,2,Five stars!,2024-10-07
1429,CUST393355,101428,3,Poor communication.,2025-04-07
1430,CUST737797,101429,1,Item was missing.,2024-11-04
1431,CUST539810,101430,5,Will buy again.,2024-11-02
1432,CUST180648,101431,3,Would not recommend.,2025-03-15
1433,CUST125224,101432,1,Item was missing.,2024-09-19
1434,CUST111671,101433,1,Poor communication.,2024-10-13
1435,CUST278135,101434,3,Good quality.,2024-09-03
1436,CUST133381,101435,5,Good quality.,2024-08-29
1437,CUST901573,101436,4,Good quality.,2024-08-24
1438,CUST213733,101437,1,Good quality.,2024-10-20
1439,CUST495464,101438,1,Good quality.,2025-01-05
1440,CUST797599,101439,5,Great packaging.,2025-02-06
1441,CUST771107,101440,2,Would not recommend.,2024-11-22
1442,CUST306642,101441,3,Item was missing.,2025-04-10
1443,CUST771113,101442,3,Highly recommended!,2024-07-27
1444,CUST564763,101443,1,Package arrived damaged.,2025-03-07
1445,CUST893583,101444,3,Good quality.,2024-07-20
1446,CUST660216,101445,5,Would not recommend.,2024-10-05
1447,CUST125361,101446,2,Item was missing.,2024-12-24
1448,CUST274174,101447,1,Would not recommend.,2025-02-19
1449,CUST749943,101448,3,Good quality.,2024-12-03
1450,CUST864458,101449,5,Very satisfied.,2024-08-23
1451,CUST183520,101450,4,Five stars!,2024-11-29
1452,CUST155407,101451,1,Would not recommend.,2025-01-11
1453,CUST729703,101452,1,Very satisfied.,2025-04-27
1454,CUST115083,101453,3,Will buy again.,2024-07-10
1455,CUST231054,101454,4,Five stars!,2025-05-28
1456,CUST989601,101455,1,Highly recommended!,2025-04-14
1457,CUST481566,101456,1,Would not recommend.,2025-04-15
1458,CUST851263,101457,3,Quick delivery.,2025-06-22
1459,CUST079940,101458,1,Average experience.,2025-01-15
1460,CUST137324,101459,5,Quick delivery.,2025-06-23
1461,CUST194220,101460,1,Average experience.,2025-01-30
1462,CUST528756,101461,3,Poor communication.,2025-03-20
1463,CUST701407,101462,5,Quick delivery.,2024-11-07
1464,CUST260477,101463,4,Will buy again.,2025-02-11
1465,CUST312530,101464,3,Quick delivery.,2025-07-04
1466,CUST336833,101465,5,Would not recommend.,2025-02-17
1467,CUST538227,101466,3,Package arrived damaged.,2024-11-24
1468,CUST142840,101467,1,Too expensive.,2025-01-04
1469,CUST298591,101468,4,Would not recommend.,2025-06-03
1470,CUST402084,101469,4,Five stars!,2024-09-10
1471,CUST577907,101470,4,Will buy again.,2025-02-11
1472,CUST332283,101471,3,Will buy again.,2025-05-16
1473,CUST660341,101472,3,Good quality.,2024-09-04
1474,CUST097661,101473,4,Would not recommend.,2024-12-30
1475,CUST972655,101474,4,Will buy again.,2024-07-10
1476,CUST207044,101475,1,Too expensive.,2024-07-19
1477,CUST521874,101476,3,Five stars!,2024-11-06
1478,CUST099376,101477,3,Good quality.,2024-07-22
1479,CUST410094,101478,2,Very satisfied.,2024-09-29
1480,CUST604906,101479,5,Highly recommended!,2024-12-01
1481,CUST122803,101480,1,Poor communication.,2025-02-19
1482,CUST495136,101481,4,Very satisfied.,2024-08-16
1483,CUST438953,101482,2,Too expensive.,2025-04-02
1484,CUST786740,101483,2,Good quality.,2024-10-20
1485,CUST418454,101484,4,Item was missing.,2024-11-20
1486,CUST250141,101485,1,Package arrived damaged.,2024-11-19
1487,CUST881566,101486,2,Will buy again.,2024-09-23
1488,CUST389597,101487,1,Too expensive.,2025-01-03
1489,CUST961187,101488,4,Will buy again.,2025-01-28
1490,CUST911472,101489,4,Highly recommended!,2025-01-16
1491,CUST957110,101490,5,Five stars!,2024-09-29
1492,CUST980087,101491,1,Not as described.,2024-07-29
1493,CUST749853,101492,5,Five stars!,2024-08-30
1494,CUST873424,101493,4,Package arrived damaged.,2024-12-21
1495,CUST393382,101494,3,Will buy again.,2024-12-26
1496,CUST609768,101495,3,Not as described.,2025-02-20
1497,CUST745209,101496,1,Not as described.,2025-04-03
1498,CUST781494,101497,2,Highly recommended!,2025-05-11
1499,CUST003721,101498,5,Good quality.,2024-09-08
1500,CUST473057,101499,3,Great packaging.,2025-03-18
1501,CUST792042,101500,3,Highly recommended!,2025-03-07
1502,CUST036119,101501,3,Good quality.,2024-08-09
1503,CUST561783,101502,5,Not as described.,2024-07-12
1504,CUST216910,101503,1,Highly recommended!,2025-04-15
1505,CUST525624,101504,4,Package arrived damaged.,2024-10-17
1506,CUST201602,101505,3,Item was missing.,2024-09-29
1507,CUST268557,101506,2,Poor communication.,2024-12-02
1508,CUST396592,101507,5,Package arrived damaged.,2024-09-12
1509,CUST575881,101508,2,Not as described.,2025-01-25
1510,CUST320248,101509,3,Five stars!,2024-12-20
1511,CUST806070,101510,2,Will buy again.,2024-07-21
1512,CUST897413,101511,1,Not as described.,2024-11-07
1513,CUST256416,101512,4,Too expensive.,2024-07-25
1514,CUST755418,101513,2,Quick delivery.,2024-12-07
1515,CUST943994,101514,5,Will buy again.,2025-01-18
1516,CUST365204,101515,3,Quick delivery.,2024-11-08
1517,CUST173067,101516,1,Quick delivery.,2025-01-17
1518,CUST733217,101517,3,Will buy again.,2025-02-26
1519,CUST998783,101518,1,Not as described.,2025-06-17
1520,CUST107081,101519,1,Good quality.,2024-09-16
1521,CUST794128,101520,2,Five stars!,2024-11-01
1522,CUST286918,101521,1,Five stars!,2024-09-16
1523,CUST492350,101522,2,Item was missing.,2024-08-13
1524,CUST702954,101523,1,Very satisfied.,2025-01-18
1525,CUST428512,101524,2,Good quality.,2024-11-02
1526,CUST653663,101525,1,Poor communication.,2024-10-20
1527,CUST359872,101526,1,Average experience.,2025-07-08
1528,CUST974583,101527,2,Highly recommended!,2025-02-17
1529,CUST853448,101528,5,Item was missing.,2025-05-03
1530,CUST287855,101529,1,Too expensive.,2024-08-27
1531,CUST632517,101530,5,Very satisfied.,2024-10-26
1532,CUST424041,101531,5,Average experience.,2025-05-30
1533,CUST262008,101532,4,Package arrived damaged.,2024-12-08
1534,CUST561634,101533,5,Quick delivery.,2025-02-10
1535,CUST285019,101534,4,Five stars!,2025-01-14
1536,CUST577479,101535,2,Five stars!,2024-08-24
1537,CUST501337,101536,2,Too expensive.,2024-07-29
1538,CUST629164,101537,2,Good quality.,2025-04-28
1539,CUST921139,101538,3,Average experience.,2024-08-28
1540,CUST219158,101539,2,Great packaging.,2025-01-14
1541,CUST945351,101540,2,Average experience.,2025-02-13
1542,CUST057632,101541,4,Highly recommended!,2024-11-30
1543,CUST276699,101542,1,Great packaging.,2025-02-22
1544,CUST851670,101543,1,Will buy again.,2025-04-27
1545,CUST484105,101544,5,Item was missing.,2024-09-02
1546,CUST392208,101545,3,Very satisfied.,2025-05-16
1547,CUST771718,101546,4,Will buy again.,2025-06-12
1548,CUST613604,101547,5,Very satisfied.,2025-05-10
1549,CUST665948,101548,4,Average experience.,2025-03-30
1550,CUST716478,101549,4,Great packaging.,2024-08-08
1551,CUST101535,101550,3,Quick delivery.,2025-03-15
1552,CUST895968,101551,5,Quick delivery.,2025-05-05
1553,CUST027817,101552,4,Good quality.,2025-02-27
1554,CUST821804,101553,3,Item was missing.,2024-10-17
1555,CUST237628,101554,2,Package arrived damaged.,2024-09-14
1556,CUST153652,101555,3,Package arrived damaged.,2025-02-02
1557,CUST468463,101556,5,Would not recommend.,2025-02-21
1558,CUST186338,101557,1,Highly recommended!,2024-11-06
1559,CUST064135,101558,4,Five stars!,2025-05-25
1560,CUST801860,101559,4,Quick delivery.,2025-05-05
1561,CUST056862,101560,1,Highly recommended!,2024-12-29
1562,CUST165109,101561,1,Would not recommend.,2025-04-27
1563,CUST974294,101562,1,Five stars!,2025-01-15
1564,CUST968519,101563,2,Not as described.,2024-10-27
1565,CUST112836,101564,3,Will buy again.,2025-02-19
1566,CUST906672,101565,2,Poor communication.,2025-05-31
1567,CUST216254,101566,2,Very satisfied.,2024-12-03
1568,CUST631546,101567,3,Very satisfied.,2024-11-05
1569,CUST545284,101568,5,Package arrived damaged.,2025-06-19
1570,CUST554453,101569,2,Highly recommended!,2024-10-09
1571,CUST097806,101570,3,Will buy again.,2025-02-16
1572,CUST611089,101571,2,Will buy again.,2024-08-29
1573,CUST137818,101572,3,Too expensive.,2025-03-07
1574,CUST978489,101573,2,Good quality.,2025-04-04
1575,CUST685762,101574,3,Highly recommended!,2024-07-25
1576,CUST530713,101575,3,Excellent service!,2025-05-23
1577,CUST419303,101576,5,Very satisfied.,2025-01-26
1578,CUST443532,101577,2,Excellent service!,2025-01-29
1579,CUST706538,101578,2,Five stars!,2024-10-25
1580,CUST906861,101579,5,Great packaging.,2024-12-06
1581,CUST818598,101580,5,Too expensive.,2024-08-17
1582,CUST766703,101581,4,Would not recommend.,2025-04-27
1583,CUST759899,101582,4,Too expensive.,2025-01-07
1584,CUST033988,101583,5,Quick delivery.,2024-10-15
1585,CUST647580,101584,1,Five stars!,2025-01-26
1586,CUST748700,101585,1,Will buy again.,2024-10-05
1587,CUST646683,101586,3,Highly recommended!,2024-08-02
1588,CUST986610,101587,4,Item was missing.,2025-04-10
1589,CUST063880,101588,1,Too expensive.,2024-08-04
1590,CUST695940,101589,5,Package arrived damaged.,2024-07-19
1591,CUST926169,101590,5,Item was missing.,2024-08-30
1592,CUST515297,101591,5,Average experience.,2025-04-25
1593,CUST178261,101592,5,Not as described.,2025-02-19
1594,CUST258668,101593,1,Great packaging.,2024-08-13
1595,CUST977020,101594,1,Too expensive.,2024-12-22
1596,CUST588183,101595,3,Will buy again.,2024-10-26
1597,CUST129883,101596,1,Average experience.,2025-03-19
1598,CUST810903,101597,1,Not as described.,2025-06-22
1599,CUST745825,101598,2,Would not recommend.,2024-09-13
1600,CUST773683,101599,5,Quick delivery.,2024-10-03
1601,CUST642173,101600,3,Good quality.,2025-04-19
1602,CUST477665,101601,4,Highly recommended!,2025-02-07
1603,CUST152967,101602,3,Will buy again.,2025-05-10
1604,CUST869722,101603,5,Great packaging.,2025-01-06
1605,CUST796744,101604,1,Excellent service!,2024-09-28
1606,CUST997304,101605,1,Quick delivery.,2024-09-22
1607,CUST254385,101606,5,Quick delivery.,2025-01-28
1608,CUST264893,101607,3,Average experience.,2025-03-29
1609,CUST184635,101608,3,Item was missing.,2025-01-17
1610,CUST203723,101609,1,Will buy again.,2025-02-09
1611,CUST456858,101610,3,Too expensive.,2025-01-26
1612,CUST727801,101611,1,Poor communication.,2024-11-04
1613,CUST755743,101612,5,Poor communication.,2024-08-02
1614,CUST823251,101613,4,Good quality.,2025-05-30
1615,CUST205170,101614,3,Item was missing.,2024-07-20
1616,CUST627964,101615,4,Very satisfied.,2025-02-12
1617,CUST589521,101616,4,Good quality.,2025-01-04
1618,CUST637784,101617,4,Poor communication.,2025-07-04
1619,CUST216675,101618,5,Average experience.,2024-07-25
1620,CUST573307,101619,2,Excellent service!,2025-05-17
1621,CUST617760,101620,4,Quick delivery.,2025-05-21
1622,CUST000330,101621,3,Excellent service!,2024-11-26
1623,CUST905295,101622,2,Quick delivery.,2024-11-16
1624,CUST317375,101623,3,Package arrived damaged.,2025-02-23
1625,CUST320100,101624,2,Highly recommended!,2025-05-31
1626,CUST491421,101625,1,Item was missing.,2025-06-28
1627,CUST217637,101626,3,Very satisfied.,2024-09-18
1628,CUST186339,101627,4,Five stars!,2024-10-28
1629,CUST043287,101628,2,Highly recommended!,2025-04-21
1630,CUST780328,101629,5,Poor communication.,2024-11-17
1631,CUST612005,101630,2,Highly recommended!,2024-12-02
1632,CUST603616,101631,2,Too expensive.,2024-07-28
1633,CUST483731,101632,4,Would not recommend.,2024-10-04
1634,CUST733063,101633,5,Great packaging.,2024-11-19
1635,CUST362720,101634,2,Not as described.,2024-12-25
1636,CUST518653,101635,2,Average experience.,2025-04-18
1637,CUST521547,101636,1,Not as described.,2025-03-28
1638,CUST783232,101637,1,Good quality.,2024-10-11
1639,CUST038864,101638,1,Average experience.,2025-01-24
1640,CUST085980,101639,3,Highly recommended!,2025-07-09
1641,CUST907918,101640,5,Too expensive.,2025-05-27
1642,CUST324236,101641,5,Excellent service!,2025-04-06
1643,CUST949134,101642,3,Excellent service!,2024-10-31
1644,CUST092911,101643,4,Very satisfied.,2025-05-18
1645,CUST959966,101644,3,Great packaging.,2024-10-29
1646,CUST305591,101645,5,Highly recommended!,2024-08-28
1647,CUST997970,101646,1,Not as described.,2025-01-17
1648,CUST277836,101647,5,Quick delivery.,2025-07-05
1649,CUST415590,101648,2,Package arrived damaged.,2024-10-09
1650,CUST084468,101649,1,Quick delivery.,2025-01-30
1651,CUST919140,101650,3,Average experience.,2025-05-20
1652,CUST230730,101651,4,Highly recommended!,2024-07-13
1653,CUST955817,101652,1,Excellent service!,2025-01-28
1654,CUST209481,101653,1,Quick delivery.,2024-08-14
1655,CUST135369,101654,5,Will buy again.,2024-12-28
1656,CUST939743,101655,3,Not as described.,2024-11-13
1657,CUST808797,101656,1,Would not recommend.,2025-01-20
1658,CUST838099,101657,1,Would not recommend.,2024-12-01
1659,CUST968589,101658,5,Average experience.,2024-07-11
1660,CUST912546,101659,3,Not as described.,2024-11-27
1661,CUST099722,101660,1,Not as described.,2025-05-22
1662,CUST672278,101661,2,Excellent service!,2024-12-19
1663,CUST100762,101662,2,Average experience.,2024-12-02
1664,CUST979911,101663,3,Excellent service!,2024-11-13
1665,CUST087001,101664,1,Very satisfied.,2024-09-01
1666,CUST123434,101665,4,Not as described.,2024-12-08
1667,CUST713123,101666,1,Quick delivery.,2024-12-19
1668,CUST264573,101667,2,Good quality.,2025-04-24
1669,CUST229920,101668,1,Poor communication.,2024-11-12
1670,CUST640721,101669,4,Quick delivery.,2024-10-07
1671,CUST202044,101670,4,Excellent service!,2025-05-31
1672,CUST826338,101671,5,Will buy again.,2024-08-21
1673,CUST978247,101672,1,Highly recommended!,2025-05-08
1674,CUST971698,101673,2,Highly recommended!,2025-05-15
1675,CUST587512,101674,3,Item was missing.,2024-07-11
1676,CUST337787,101675,5,Average experience.,2025-01-06
1677,CUST556279,101676,5,Highly recommended!,2025-05-12
1678,CUST330674,101677,3,Great packaging.,2025-06-25
1679,CUST813136,101678,1,Very satisfied.,2024-08-11
1680,CUST094335,101679,4,Will buy again.,2024-10-19
1681,CUST290178,101680,3,Average experience.,2025-01-11
1682,CUST782428,101681,3,Package arrived damaged.,2025-01-29
1683,CUST904578,101682,2,Would not recommend.,2025-06-01
1684,CUST711462,101683,5,Too expensive.,2024-08-28
1685,CUST395903,101684,4,Quick delivery.,2024-09-12
1686,CUST971304,101685,1,Quick delivery.,2024-08-07
1687,CUST986148,101686,5,Item was missing.,2025-05-15
1688,CUST003955,101687,3,Too expensive.,2025-05-20
1689,CUST246808,101688,5,Item was missing.,2024-08-04
1690,CUST555367,101689,1,Excellent service!,2025-04-25
1691,CUST183044,101690,3,Five stars!,2024-07-18
1692,CUST701154,101691,1,Five stars!,2025-03-24
1693,CUST486746,101692,4,Too expensive.,2025-03-05
1694,CUST085374,101693,5,Package arrived damaged.,2025-04-07
1695,CUST976383,101694,4,Highly recommended!,2025-02-14
1696,CUST359550,101695,1,Too expensive.,2025-02-08
1697,CUST638726,101696,4,Package arrived damaged.,2025-07-09
1698,CUST913412,101697,4,Five stars!,2025-05-19
1699,CUST811223,101698,3,Good quality.,2024-11-29
1700,CUST227679,101699,1,Quick delivery.,2025-06-20
1701,CUST404408,101700,3,Too expensive.,2024-09-07
1702,CUST136368,101701,5,Package arrived damaged.,2025-03-18
1703,CUST065840,101702,4,Excellent service!,2024-08-31
1704,CUST767091,101703,2,Quick delivery.,2025-05-13
1705,CUST824541,101704,4,Five stars!,2024-07-29
1706,CUST518691,101705,5,Excellent service!,2025-05-13
1707,CUST640524,101706,3,Very satisfied.,2025-03-05
1708,CUST126096,101707,3,Average experience.,2024-11-17
1709,CUST933280,101708,2,Too expensive.,2025-05-16
1710,CUST617958,101709,1,Item was missing.,2025-01-10
1711,CUST748526,101710,2,Five stars!,2025-04-05
1712,CUST712964,101711,3,Not as described.,2025-06-19
1713,CUST830604,101712,4,Will buy again.,2024-07-11
1714,CUST851328,101713,2,Good quality.,2024-10-16
1715,CUST929253,101714,2,Very satisfied.,2025-04-15
1716,CUST774736,101715,1,Poor communication.,2024-07-14
1717,CUST936767,101716,1,Would not recommend.,2025-02-07
1718,CUST541556,101717,2,Highly recommended!,2024-10-07
1719,CUST407345,101718,1,Average experience.,2024-12-27
1720,CUST317966,101719,1,Poor communication.,2025-06-18
1721,CUST046787,101720,4,Will buy again.,2024-12-26
1722,CUST400638,101721,3,Would not recommend.,2025-04-17
1723,CUST174466,101722,1,Not as described.,2024-10-30
1724,CUST919495,101723,4,Excellent service!,2024-12-08
1725,CUST685265,101724,5,Good quality.,2025-04-15
1726,CUST153442,101725,4,Quick delivery.,2024-12-25
1727,CUST625793,101726,5,Average experience.,2025-06-06
1728,CUST909286,101727,4,Good quality.,2024-08-02
1729,CUST100892,101728,1,Will buy again.,2024-09-15
1730,CUST962718,101729,4,Five stars!,2024-09-01
1731,CUST225014,101730,2,Package arrived damaged.,2024-08-08
1732,CUST639022,101731,5,Highly recommended!,2024-12-01
1733,CUST829578,101732,1,Will buy again.,2024-12-19
1734,CUST168029,101733,3,Average experience.,2024-12-10
1735,CUST982270,101734,1,Item was missing.,2025-05-14
1736,CUST270492,101735,4,Package arrived damaged.,2024-09-02
1737,CUST798433,101736,1,Package arrived damaged.,2024-12-03
1738,CUST954288,101737,2,Will buy again.,2024-12-12
1739,CUST779515,101738,1,Highly recommended!,2025-03-06
1740,CUST014310,101739,1,Average experience.,2025-01-14
1741,CUST023472,101740,2,Item was missing.,2024-12-01
1742,CUST955577,101741,5,Five stars!,2025-01-28
1743,CUST553191,101742,1,Would not recommend.,2025-01-27
1744,CUST702671,101743,5,Package arrived damaged.,2025-06-29
1745,CUST757261,101744,4,Would not recommend.,2025-04-29
1746,CUST495429,101745,4,Excellent service!,2025-02-28
1747,CUST468132,101746,5,Highly recommended!,2024-09-23
1748,CUST781297,101747,3,Quick delivery.,2025-04-22
1749,CUST644142,101748,2,Good quality.,2025-01-06
1750,CUST369659,101749,2,Would not recommend.,2025-04-09
1751,CUST423903,101750,5,Quick delivery.,2025-01-02
1752,CUST428505,101751,2,Great packaging.,2025-01-13
1753,CUST079333,101752,1,Would not recommend.,2025-04-09
1754,CUST512959,101753,2,Package arrived damaged.,2024-07-29
1755,CUST285608,101754,3,Quick delivery.,2025-04-09
1756,CUST074639,101755,3,Will buy again.,2024-10-25
1757,CUST416451,101756,1,Highly recommended!,2025-01-31
1758,CUST945218,101757,5,Poor communication.,2024-09-12
1759,CUST806095,101758,3,Will buy again.,2024-08-21
1760,CUST823027,101759,3,Great packaging.,2024-09-09
1761,CUST339425,101760,4,Poor communication.,2025-02-03
1762,CUST720133,101761,4,Excellent service!,2024-11-07
1763,CUST785892,101762,3,Five stars!,2025-04-13
1764,CUST815014,101763,2,Too expensive.,2024-08-04
1765,CUST553407,101764,1,Item was missing.,2024-08-05
1766,CUST454380,101765,1,Average experience.,2024-11-17
1767,CUST901429,101766,1,Not as described.,2025-02-02
1768,CUST299363,101767,3,Not as described.,2025-02-24
1769,CUST451126,101768,5,Five stars!,2025-01-23
1770,CUST346886,101769,4,Average experience.,2024-07-24
1771,CUST529038,101770,1,Package arrived damaged.,2025-04-16
1772,CUST628906,101771,3,Average experience.,2024-09-13
1773,CUST362533,101772,4,Will buy again.,2024-08-08
1774,CUST135297,101773,5,Very satisfied.,2024-10-24
1775,CUST910015,101774,3,Good quality.,2025-05-12
1776,CUST329854,101775,2,Poor communication.,2025-04-05
1777,CUST619800,101776,1,Will buy again.,2024-10-17
1778,CUST486681,101777,2,Good quality.,2025-05-28
1779,CUST458497,101778,5,Five stars!,2025-04-10
1780,CUST879950,101779,3,Would not recommend.,2025-05-27
1781,CUST944832,101780,3,Highly recommended!,2024-10-21
1782,CUST102155,101781,2,Average experience.,2024-11-25
1783,CUST474815,101782,5,Will buy again.,2024-08-30
1784,CUST036906,101783,3,Average experience.,2024-12-07
1785,CUST562344,101784,1,Excellent service!,2025-01-22
1786,CUST795903,101785,2,Too expensive.,2024-09-17
1787,CUST730164,101786,1,Great packaging.,2025-01-09
1788,CUST784376,101787,2,Great packaging.,2025-07-09
1789,CUST763263,101788,5,Quick delivery.,2024-12-03
1790,CUST064232,101789,1,Good quality.,2025-03-19
1791,CUST477962,101790,2,Will buy again.,2025-03-22
1792,CUST672474,101791,2,Not as described.,2025-02-02
1793,CUST160519,101792,2,Good quality.,2024-10-27
1794,CUST098765,101793,2,Quick delivery.,2025-04-24
1795,CUST429317,101794,5,Great packaging.,2024-07-19
1796,CUST262322,101795,3,Will buy again.,2024-08-05
1797,CUST019762,101796,3,Five stars!,2025-07-03
1798,CUST967024,101797,2,Very satisfied.,2025-04-09
1799,CUST385613,101798,3,Would not recommend.,2024-10-22
1800,CUST336776,101799,4,Average experience.,2025-06-30
1801,CUST458500,101800,3,Five stars!,2024-07-25
1802,CUST837347,101801,4,Excellent service!,2025-01-14
1803,CUST880114,101802,4,Highly recommended!,2025-07-03
1804,CUST169934,101803,3,Poor communication.,2024-12-05
1805,CUST391849,101804,3,Will buy again.,2025-04-03
1806,CUST712448,101805,4,Great packaging.,2025-02-17
1807,CUST999595,101806,1,Good quality.,2025-04-17
1808,CUST051761,101807,4,Too expensive.,2025-04-21
1809,CUST526713,101808,3,Will buy again.,2024-10-13
1810,CUST232751,101809,2,Highly recommended!,2024-10-22
1811,CUST888875,101810,5,Highly recommended!,2025-06-30
1812,CUST272124,101811,3,Highly recommended!,2025-04-17
1813,CUST303223,101812,4,Quick delivery.,2025-05-18
1814,CUST786865,101813,3,Five stars!,2025-01-02
1815,CUST898505,101814,2,Package arrived damaged.,2024-12-29
1816,CUST255408,101815,1,Five stars!,2025-06-30
1817,CUST387783,101816,4,Highly recommended!,2025-02-16
1818,CUST602892,101817,3,Not as described.,2025-03-22
1819,CUST668770,101818,1,Poor communication.,2025-04-01
1820,CUST244684,101819,3,Great packaging.,2025-02-13
1821,CUST054144,101820,3,Item was missing.,2024-08-02
1822,CUST713214,101821,1,Item was missing.,2024-11-16
1823,CUST760368,101822,2,Average experience.,2025-06-16
1824,CUST606185,101823,3,Item was missing.,2024-08-18
1825,CUST281397,101824,1,Excellent service!,2024-12-28
1826,CUST434905,101825,3,Highly recommended!,2024-10-10
1827,CUST410062,101826,3,Great packaging.,2024-12-06
1828,CUST323590,101827,1,Five stars!,2024-07-12
1829,CUST342545,101828,5,Too expensive.,2024-10-29
1830,CUST482986,101829,1,Too expensive.,2024-10-27
1831,CUST445400,101830,3,Highly recommended!,2025-03-05
1832,CUST734983,101831,3,Item was missing.,2024-08-18
1833,CUST903801,101832,4,Average experience.,2024-10-04
1834,CUST021824,101833,1,Will buy again.,2025-07-01
1835,CUST403279,101834,5,Package arrived damaged.,2024-09-11
1836,CUST318531,101835,5,Very satisfied.,2025-01-10
1837,CUST855836,101836,5,Poor communication.,2025-04-18
1838,CUST870570,101837,3,Package arrived damaged.,2025-07-01
1839,CUST003151,101838,2,Will buy again.,2024-08-07
1840,CUST250955,101839,2,Poor communication.,2025-01-07
1841,CUST553903,101840,1,Average experience.,2025-02-08
1842,CUST379965,101841,4,Good quality.,2025-04-30
1843,CUST722492,101842,4,Item was missing.,2025-01-07
1844,CUST313809,101843,2,Very satisfied.,2025-06-24
1845,CUST047270,101844,4,Good quality.,2025-02-18
1846,CUST696461,101845,1,Good quality.,2024-08-14
1847,CUST402850,101846,3,Not as described.,2024-08-26
1848,CUST527304,101847,2,Very satisfied.,2024-10-19
1849,CUST491276,101848,3,Package arrived damaged.,2025-03-04
1850,CUST118836,101849,5,Excellent service!,2025-02-17
1851,CUST586823,101850,3,Item was missing.,2024-08-12
1852,CUST933390,101851,1,Great packaging.,2024-11-09
1853,CUST813065,101852,1,Very satisfied.,2024-12-08
1854,CUST876537,101853,3,Quick delivery.,2024-08-17
1855,CUST613322,101854,5,Will buy again.,2025-05-01
1856,CUST694037,101855,2,Excellent service!,2025-05-22
1857,CUST710089,101856,3,Poor communication.,2024-10-20
1858,CUST383674,101857,4,Very satisfied.,2024-11-29
1859,CUST154231,101858,1,Great packaging.,2024-12-03
1860,CUST808158,101859,4,Good quality.,2025-06-07
1861,CUST671259,101860,5,Not as described.,2025-02-10
1862,CUST495687,101861,3,Excellent service!,2024-12-22
1863,CUST691263,101862,3,Will buy again.,2025-05-12
1864,CUST802633,101863,3,Too expensive.,2025-01-25
1865,CUST426244,101864,2,Excellent service!,2024-08-11
1866,CUST072521,101865,3,Item was missing.,2024-09-24
1867,CUST905150,101866,3,Too expensive.,2025-06-02
1868,CUST888514,101867,5,Great packaging.,2025-01-08
1869,CUST321490,101868,2,Very satisfied.,2025-03-31
1870,CUST532540,101869,5,Will buy again.,2025-06-01
1871,CUST160498,101870,3,Good quality.,2024-07-16
1872,CUST739599,101871,5,Great packaging.,2025-05-31
1873,CUST376230,101872,5,Would not recommend.,2025-06-27
1874,CUST902746,101873,5,Poor communication.,2025-03-17
1875,CUST803893,101874,2,Average experience.,2025-03-11
1876,CUST707181,101875,5,Good quality.,2025-04-10
1877,CUST031496,101876,5,Average experience.,2025-05-21
1878,CUST176310,101877,3,Great packaging.,2024-10-09
1879,CUST191837,101878,2,Excellent service!,2024-07-22
1880,CUST728149,101879,3,Package arrived damaged.,2024-08-25
1881,CUST968995,101880,5,Item was missing.,2024-10-26
1882,CUST647751,101881,4,Will buy again.,2024-11-05
1883,CUST194925,101882,5,Excellent service!,2025-02-05
1884,CUST944351,101883,5,Will buy again.,2025-01-18
1885,CUST461090,101884,5,Average experience.,2025-01-03
1886,CUST370014,101885,2,Average experience.,2024-08-17
1887,CUST023333,101886,1,Five stars!,2025-06-11
1888,CUST645847,101887,5,Quick delivery.,2024-09-11
1889,CUST566159,101888,1,Five stars!,2025-03-05
1890,CUST446669,101889,5,Good quality.,2025-06-23
1891,CUST517823,101890,5,Excellent service!,2025-01-31
1892,CUST570269,101891,3,Quick delivery.,2024-10-16
1893,CUST653041,101892,5,Package arrived damaged.,2025-03-20
1894,CUST843792,101893,3,Great packaging.,2024-09-04
1895,CUST055036,101894,3,Not as described.,2024-12-17
1896,CUST209791,101895,3,Too expensive.,2024-07-29
1897,CUST772707,101896,5,Would not recommend.,2024-11-14
1898,CUST892300,101897,1,Quick delivery.,2024-11-07
1899,CUST320079,101898,1,Very satisfied.,2024-08-29
1900,CUST029131,101899,2,Five stars!,2024-08-03
1901,CUST040086,101900,4,Will buy again.,2024-12-19
1902,CUST604914,101901,5,Would not recommend.,2025-06-12
1903,CUST772780,101902,3,Package arrived damaged.,2025-04-12
1904,CUST084698,101903,3,Five stars!,2024-12-05
1905,CUST101786,101904,4,Very satisfied.,2025-04-01
1906,CUST055668,101905,4,Too expensive.,2024-09-16
1907,CUST572538,101906,4,Too expensive.,2024-08-01
1908,CUST586943,101907,2,Average experience.,2025-01-09
1909,CUST570679,101908,1,Would not recommend.,2025-02-11
1910,CUST579599,101909,5,Too expensive.,2024-11-05
1911,CUST217566,101910,3,Great packaging.,2025-06-18
1912,CUST994071,101911,5,Average experience.,2024-09-25
1913,CUST498851,101912,1,Highly recommended!,2024-12-26
1914,CUST218058,101913,4,Great packaging.,2025-05-31
1915,CUST362057,101914,4,Highly recommended!,2024-11-28
1916,CUST116515,101915,5,Quick delivery.,2025-03-23
1917,CUST953619,101916,2,Five stars!,2024-11-10
1918,CUST758967,101917,2,Quick delivery.,2025-04-25
1919,CUST396030,101918,5,Not as described.,2025-05-15
1920,CUST495539,101919,2,Very satisfied.,2024-09-24
1921,CUST690153,101920,1,Average experience.,2024-08-31
1922,CUST910128,101921,3,Very satisfied.,2024-12-22
1923,CUST114766,101922,5,Very satisfied.,2025-07-08
1924,CUST200707,101923,2,Not as described.,2024-11-25
1925,CUST454098,101924,5,Good quality.,2025-01-28
1926,CUST523493,101925,4,Item was missing.,2025-06-22
1927,CUST592254,101926,1,Would not recommend.,2024-07-30
1928,CUST859810,101927,4,Highly recommended!,2025-02-03
1929,CUST058523,101928,3,Would not recommend.,2025-03-20
1930,CUST194346,101929,4,Would not recommend.,2024-09-01
1931,CUST463762,101930,3,Poor communication.,2024-08-07
1932,CUST107368,101931,4,Too expensive.,2024-09-12
1933,CUST447335,101932,5,Very satisfied.,2025-01-02
1934,CUST518342,101933,4,Would not recommend.,2024-09-09
1935,CUST519518,101934,5,Would not recommend.,2025-04-26
1936,CUST522190,101935,3,Item was missing.,2025-01-23
1937,CUST635024,101936,5,Will buy again.,2024-11-16
1938,CUST815462,101937,5,Will buy again.,2025-04-11
1939,CUST521196,101938,3,Poor communication.,2024-10-08
1940,CUST824659,101939,3,Excellent service!,2024-09-10
1941,CUST861995,101940,5,Item was missing.,2025-05-18
1942,CUST467754,101941,1,Average experience.,2024-08-10
1943,CUST361135,101942,3,Would not recommend.,2025-06-17
1944,CUST695127,101943,4,Item was missing.,2025-05-29
1945,CUST953487,101944,5,Not as described.,2025-02-10
1946,CUST265281,101945,4,Average experience.,2024-08-09
1947,CUST772494,101946,2,Great packaging.,2024-12-03
1948,CUST880372,101947,1,Highly recommended!,2025-03-03
1949,CUST316445,101948,3,Average experience.,2025-04-23
1950,CUST948932,101949,4,Five stars!,2025-05-21
1951,CUST389388,101950,3,Poor communication.,2025-03-17
1952,CUST982703,101951,2,Too expensive.,2025-01-31
1953,CUST290218,101952,3,Item was missing.,2025-02-06
1954,CUST180839,101953,2,Average experience.,2024-12-14
1955,CUST312774,101954,2,Average experience.,2024-07-14
1956,CUST965122,101955,1,Not as described.,2024-09-09
1957,CUST530891,101956,2,Package arrived damaged.,2024-11-28
1958,CUST118338,101957,2,Will buy again.,2024-11-29
1959,CUST127326,101958,1,Not as described.,2024-10-13
1960,CUST643606,101959,3,Quick delivery.,2025-01-08
1961,CUST811229,101960,1,Poor communication.,2024-12-02
1962,CUST644673,101961,4,Five stars!,2024-08-25
1963,CUST922309,101962,1,Very satisfied.,2024-10-17
1964,CUST482788,101963,1,Great packaging.,2025-05-09
1965,CUST771299,101964,1,Five stars!,2025-03-03
1966,CUST103214,101965,3,Good quality.,2024-10-26
1967,CUST325479,101966,1,Average experience.,2025-01-22
1968,CUST388633,101967,1,Item was missing.,2025-06-05
1969,CUST663520,101968,5,Highly recommended!,2025-02-06
1970,CUST625892,101969,2,Package arrived damaged.,2025-02-03
1971,CUST901549,101970,1,Five stars!,2024-12-25
1972,CUST984450,101971,4,Quick delivery.,2025-07-04
1973,CUST824268,101972,2,Highly recommended!,2024-12-10
1974,CUST433967,101973,5,Very satisfied.,2024-08-18
1975,CUST943271,101974,2,Highly recommended!,2025-03-24
1976,CUST542560,101975,3,Not as described.,2024-09-25
1977,CUST623587,101976,4,Not as described.,2024-07-25
1978,CUST253869,101977,1,Average experience.,2025-05-11
1979,CUST483623,101978,1,Five stars!,2025-06-23
1980,CUST547190,101979,3,Package arrived damaged.,2024-07-30
1981,CUST774925,101980,3,Very satisfied.,2025-02-10
1982,CUST770056,101981,1,Excellent service!,2025-05-13
1983,CUST733456,101982,1,Quick delivery.,2025-01-24
1984,CUST490673,101983,3,Highly recommended!,2024-09-29
1985,CUST460758,101984,2,Package arrived damaged.,2025-05-21
1986,CUST092951,101985,4,Average experience.,2025-05-24
1987,CUST321364,101986,5,Average experience.,2025-02-06
1988,CUST727205,101987,3,Package arrived damaged.,2025-05-11
1989,CUST610877,101988,2,Poor communication.,2025-06-20
1990,CUST918771,101989,5,Will buy again.,2025-04-04
1991,CUST402248,101990,4,Would not recommend.,2024-09-30
1992,CUST008148,101991,4,Average experience.,2025-05-03
1993,CUST757215,101992,2,Very satisfied.,2025-06-06
1994,CUST659199,101993,4,Great packaging.,2025-06-08
1995,CUST310235,101994,5,Great packaging.,2025-05-13
1996,CUST396672,101995,3,Will buy again.,2024-08-04
1997,CUST569700,101996,2,Five stars!,2025-01-03
1998,CUST237741,101997,4,Package arrived damaged.,2024-09-16
1999,CUST132588,101998,3,Quick delivery.,2024-08-06
2000,CUST944667,101999,2,Would not recommend.,2025-04-29
