shipping_id,order_id,shipping_method,tracking_number,shipping_status,shipped_date
1,O500000,Express,CB1A0975,Delivered,2025-07-06
2,O500001,Overnight,15791BC3,Pending,2025-06-09
3,O500002,Standard,A99C1407,Shipped,2025-06-10
4,O500003,Two-Day,A1992E23,In Transit,2025-06-23
5,O500004,Overnight,6679BD34,Pending,2025-06-17
6,O500005,Express,B0454757,Delivered,2025-06-26
7,O500006,Two-Day,54C89A3B,Pending,2025-06-28
8,O500007,Express,81740D5E,Shipped,2025-06-16
9,O500008,Two-Day,E7262EB6,Pending,2025-06-16
10,O500009,Two-Day,E87E31BC,Delivered,2025-06-26
11,O500010,Standard,5A49E4FA,Cancelled,2025-07-09
12,O500011,Two-Day,40D3FABB,Delivered,2025-06-26
13,O500012,Express,B57B670E,Pending,2025-06-17
14,O500013,Express,C2C06C01,In Transit,2025-07-07
15,O500014,Express,F667A09B,Delivered,2025-06-24
16,O500015,Standard,ED433705,Shipped,2025-06-18
17,O500016,Express,8D63D1F8,Pending,2025-06-17
18,O500017,Overnight,0B696015,Shipped,2025-06-29
19,O500018,Standard,84700C97,Delivered,2025-07-05
20,O500019,Two-Day,6E0D0FF3,Shipped,2025-06-25
21,O500020,Overnight,132D08AA,Shipped,2025-07-05
22,O500021,Standard,CE52DBC8,In Transit,2025-06-16
23,O500022,Express,411FD7A3,Cancelled,2025-06-10
24,O500023,Standard,DE054ABF,In Transit,2025-06-30
25,O500024,Two-Day,7D2B499B,Cancelled,2025-06-27
26,O500025,Two-Day,9C8BB7E0,Shipped,2025-06-21
27,O500026,Two-Day,F710C854,Pending,2025-06-25
28,O500027,Express,61873D36,Shipped,2025-06-18
29,O500028,Express,0848F5D5,Shipped,2025-06-18
30,O500029,Standard,B319492B,Delivered,2025-06-09
31,O500030,Two-Day,67D55D66,In Transit,2025-07-04
32,O500031,Overnight,EC7351BD,Cancelled,2025-07-03
33,O500032,Express,9076DA28,Pending,2025-06-23
34,O500033,Standard,D6FA73D7,Pending,2025-06-13
35,O500034,Overnight,E78DD311,Pending,2025-06-15
36,O500035,Two-Day,3F142942,Cancelled,2025-07-05
37,O500036,Overnight,DB4E35E9,In Transit,2025-06-26
38,O500037,Overnight,655FBC4D,Pending,2025-06-11
39,O500038,Express,A2B4F4E4,In Transit,2025-06-13
40,O500039,Overnight,4183816,Shipped,2025-07-07
41,O500040,Standard,93A8C332,Pending,2025-06-25
42,O500041,Overnight,8B734498,Delivered,2025-06-27
43,O500042,Express,EE88628C,In Transit,2025-07-08
44,O500043,Standard,016D6653,Delivered,2025-07-03
45,O500044,Express,C628E685,In Transit,2025-06-10
46,O500045,Express,6BD7D1EF,Cancelled,2025-07-05
47,O500046,Standard,D9608727,Delivered,2025-07-04
48,O500047,Express,65612601,Cancelled,2025-07-07
49,O500048,Overnight,8EC80B34,Delivered,2025-07-03
50,O500049,Overnight,03DBF0A2,Delivered,2025-07-04
51,O500050,Overnight,A3B4403C,Cancelled,2025-06-28
52,O500051,Two-Day,C7A0D14A,Pending,2025-06-13
53,O500052,Standard,2FCC5B2C,Shipped,2025-06-26
54,O500053,Two-Day,ABFE25F1,Delivered,2025-07-07
55,O500054,Standard,757C8A58,Delivered,2025-06-16
56,O500055,Overnight,CA353F7C,Delivered,2025-06-27
57,O500056,Standard,C2579EFC,Pending,2025-06-09
58,O500057,Overnight,99AAE79C,Shipped,2025-06-10
59,O500058,Standard,8C626F5B,Cancelled,2025-06-24
60,O500059,Express,116480F5,Delivered,2025-07-09
61,O500060,Express,62F08799,Shipped,2025-06-22
62,O500061,Standard,F003549B,Pending,2025-06-27
63,O500062,Two-Day,91FB2AE6,Cancelled,2025-07-03
64,O500063,Standard,F55A81A5,Cancelled,2025-06-22
65,O500064,Two-Day,CBFE86DC,In Transit,2025-06-30
66,O500065,Express,667A987E,Delivered,2025-06-27
67,O500066,Express,9B8B89D6,Shipped,2025-06-29
68,O500067,Overnight,E7352F1D,Shipped,2025-07-02
69,O500068,Two-Day,E1628D33,Shipped,2025-07-07
70,O500069,Express,D285924F,Cancelled,2025-06-25
71,O500070,Express,EE687479,Shipped,2025-06-09
72,O500071,Standard,4FFBFD52,Cancelled,2025-06-23
73,O500072,Overnight,F2FFEA59,Cancelled,2025-07-04
74,O500073,Standard,9C49A2B5,Delivered,2025-06-18
75,O500074,Two-Day,1C204921,In Transit,2025-07-06
76,O500075,Standard,C8724F75,Pending,2025-07-01
77,O500076,Express,3BD3D3F8,In Transit,2025-06-30
78,O500077,Express,C5501E6A,In Transit,2025-06-28
79,O500078,Express,69B75569,Shipped,2025-07-05
80,O500079,Two-Day,2F14865C,In Transit,2025-06-11
81,O500080,Overnight,160FF3D7,Cancelled,2025-07-09
82,O500081,Express,534AB375,Shipped,2025-07-09
83,O500082,Overnight,F8D3684C,Delivered,2025-07-06
84,O500083,Two-Day,9A1948A4,Shipped,2025-06-26
85,O500084,Two-Day,F3DEDC4C,In Transit,2025-06-19
86,O500085,Overnight,C23CB629,Delivered,2025-06-11
87,O500086,Standard,2CC21CE6,In Transit,2025-07-03
88,O500087,Standard,5653A130,In Transit,2025-06-29
89,O500088,Two-Day,D6E7409D,Pending,2025-06-24
90,O500089,Express,688F6195,Cancelled,2025-07-09
91,O500090,Express,65D07C1E,Delivered,2025-07-04
92,O500091,Two-Day,04AD26AD,In Transit,2025-06-30
93,O500092,Standard,140C3CCA,Shipped,2025-06-27
94,O500093,Standard,B6930E3C,In Transit,2025-06-25
95,O500094,Standard,44197FF9,In Transit,2025-06-16
96,O500095,Two-Day,2C0FD43F,In Transit,2025-06-19
97,O500096,Two-Day,2DDDA776,Delivered,2025-06-17
98,O500097,Express,2A4B333E,In Transit,2025-06-14
99,O500098,Two-Day,1994DCC3,In Transit,2025-07-08
100,O500099,Express,BCE8CC86,Cancelled,2025-06-18
101,O500100,Overnight,BEDCFDA4,Cancelled,2025-06-18
102,O500101,Two-Day,F3E8F2E2,Shipped,2025-06-16
103,O500102,Two-Day,AC59A194,Cancelled,2025-07-02
104,O500103,Two-Day,2B830A02,Delivered,2025-06-25
105,O500104,Two-Day,242A4C8D,Delivered,2025-07-06
106,O500105,Standard,49824B43,Delivered,2025-06-21
107,O500106,Express,C6B7E7AC,Cancelled,2025-06-23
108,O500107,Overnight,575008D9,Cancelled,2025-06-13
109,O500108,Express,5A9E1B60,Delivered,2025-07-04
110,O500109,Overnight,FA30C5E6,In Transit,2025-06-17
111,O500110,Express,6F5E38F7,Pending,2025-07-04
112,O500111,Two-Day,9BD53023,In Transit,2025-07-07
113,O500112,Two-Day,CAA256BC,Cancelled,2025-06-23
114,O500113,Express,79DC58AE,Delivered,2025-07-01
115,O500114,Two-Day,DEFF39EA,Shipped,2025-06-26
116,O500115,Standard,C37017FF,Pending,2025-07-03
117,O500116,Overnight,A0BE3DD6,Shipped,2025-07-09
118,O500117,Overnight,49F4FD6B,Shipped,2025-07-08
119,O500118,Two-Day,38DFBDAF,Shipped,2025-06-22
120,O500119,Overnight,A58FCA66,Shipped,2025-06-17
121,O500120,Two-Day,CBD72824,Shipped,2025-07-04
122,O500121,Express,C93CE69C,Pending,2025-06-16
123,O500122,Overnight,33FEAFE9,In Transit,2025-06-24
124,O500123,Express,BA1D6CBF,Shipped,2025-06-14
125,O500124,Overnight,7BAE80D2,Delivered,2025-07-01
126,O500125,Overnight,AC66E4E2,Pending,2025-06-21
127,O500126,Two-Day,E7CFB9B1,Cancelled,2025-06-13
128,O500127,Two-Day,3E60EDD0,Delivered,2025-07-02
129,O500128,Overnight,A8696D69,Cancelled,2025-06-25
130,O500129,Express,83EE86CC,Cancelled,2025-06-17
131,O500130,Overnight,6CB35DE0,Shipped,2025-07-07
132,O500131,Express,9BD398D3,Shipped,2025-06-17
133,O500132,Two-Day,266FBC97,Cancelled,2025-06-24
134,O500133,Express,CEE0A45D,Delivered,2025-07-08
135,O500134,Overnight,1BC45C90,In Transit,2025-06-13
136,O500135,Two-Day,B216F352,Delivered,2025-06-11
137,O500136,Express,3906FA32,Shipped,2025-06-20
138,O500137,Two-Day,515DD520,In Transit,2025-06-17
139,O500138,Two-Day,1A1E70C3,In Transit,2025-06-16
140,O500139,Overnight,4B7A5F7D,Shipped,2025-06-14
141,O500140,Express,5DD76C56,Shipped,2025-06-16
142,O500141,Overnight,37F48D0A,Cancelled,2025-06-12
143,O500142,Express,05AB61D6,Pending,2025-07-03
144,O500143,Overnight,8C285C07,Cancelled,2025-07-03
145,O500144,Standard,BE7C136A,Delivered,2025-06-24
146,O500145,Express,57341119,Delivered,2025-07-02
147,O500146,Standard,FA9F87F8,Shipped,2025-06-22
148,O500147,Overnight,ABB2A080,Pending,2025-06-26
149,O500148,Two-Day,827E0584,In Transit,2025-06-26
150,O500149,Overnight,B448A06A,Shipped,2025-07-06
151,O500150,Express,B0044498,Cancelled,2025-07-06
152,O500151,Standard,53084F79,Pending,2025-06-25
153,O500152,Standard,A720DEEA,In Transit,2025-06-23
154,O500153,Two-Day,3B0C84B7,Pending,2025-06-13
155,O500154,Overnight,9B02808D,In Transit,2025-07-04
156,O500155,Standard,5612DE7D,Delivered,2025-07-06
157,O500156,Express,8FA5A182,Shipped,2025-06-26
158,O500157,Standard,7C3F13A8,Delivered,2025-06-12
159,O500158,Standard,5945EA27,Shipped,2025-06-13
160,O500159,Overnight,B9C391A0,Delivered,2025-07-08
161,O500160,Two-Day,34D69E83,Shipped,2025-07-03
162,O500161,Two-Day,37798BA0,Shipped,2025-07-05
163,O500162,Express,CDA1CA5F,In Transit,2025-06-13
164,O500163,Overnight,6FF84821,Shipped,2025-06-13
165,O500164,Two-Day,041A8153,Delivered,2025-06-20
166,O500165,Two-Day,F8464046,Shipped,2025-07-01
167,O500166,Two-Day,C5E875C9,Pending,2025-06-26
168,O500167,Two-Day,098DD7A9,Delivered,2025-07-05
169,O500168,Standard,5EAA62F3,Shipped,2025-06-22
170,O500169,Express,E45E41CB,Cancelled,2025-06-29
171,O500170,Overnight,3CE3A2FF,Cancelled,2025-06-28
172,O500171,Standard,81F4E771,Cancelled,2025-07-03
173,O500172,Overnight,8FBB399E,Cancelled,2025-06-24
174,O500173,Express,EB6B81C3,Shipped,2025-06-14
175,O500174,Express,A65EFF60,Pending,2025-06-19
176,O500175,Two-Day,C74C953C,Pending,2025-06-22
177,O500176,Express,82CCCD51,In Transit,2025-07-07
178,O500177,Standard,8DB03FF4,Pending,2025-06-09
179,O500178,Overnight,0C53E654,Delivered,2025-06-30
180,O500179,Overnight,888B8DC2,Shipped,2025-06-09
181,O500180,Overnight,C38CE5AE,Delivered,2025-06-21
182,O500181,Two-Day,9CA427FD,Pending,2025-07-07
183,O500182,Two-Day,CBEF0C67,In Transit,2025-06-24
184,O500183,Two-Day,B2CB83D3,In Transit,2025-06-16
185,O500184,Express,AD296E38,Cancelled,2025-06-15
186,O500185,Express,FABDE5AF,Shipped,2025-07-05
187,O500186,Standard,0F66A904,In Transit,2025-06-14
188,O500187,Express,246EFF8D,Shipped,2025-06-21
189,O500188,Standard,A1B5E532,Shipped,2025-06-21
190,O500189,Two-Day,83F10883,Cancelled,2025-06-17
191,O500190,Overnight,932F416A,Cancelled,2025-06-14
192,O500191,Standard,CCC8163B,Delivered,2025-06-30
193,O500192,Express,85153DCA,Pending,2025-06-12
194,O500193,Express,BC012008,Cancelled,2025-06-28
195,O500194,Express,160D962D,Shipped,2025-06-25
196,O500195,Two-Day,7C9AFF8F,Shipped,2025-06-17
197,O500196,Two-Day,0921072E,Shipped,2025-06-25
198,O500197,Standard,F2B6CCA0,Cancelled,2025-06-27
199,O500198,Express,718FAEE2,Delivered,2025-07-05
200,O500199,Two-Day,A2AE5BEE,Pending,2025-06-16
201,O500200,Standard,7B2735F4,Delivered,2025-07-04
202,O500201,Two-Day,17E91231,Delivered,2025-06-29
203,O500202,Express,8802819F,Cancelled,2025-06-20
204,O500203,Standard,F0F316AE,Pending,2025-06-22
205,O500204,Express,9170A875,Cancelled,2025-06-09
206,O500205,Express,E83657AE,Shipped,2025-07-05
207,O500206,Express,2AE4B846,Cancelled,2025-07-08
208,O500207,Overnight,3C88C872,In Transit,2025-06-21
209,O500208,Standard,34E6090A,Shipped,2025-06-18
210,O500209,Express,663A8101,Pending,2025-06-20
211,O500210,Two-Day,05C475B0,Pending,2025-07-02
212,O500211,Standard,A7E0D435,In Transit,2025-06-10
213,O500212,Overnight,134B9CD0,Delivered,2025-06-13
214,O500213,Overnight,0E8C44D4,In Transit,2025-06-11
215,O500214,Standard,5F100B82,In Transit,2025-06-18
216,O500215,Overnight,1D5BF755,Shipped,2025-06-23
217,O500216,Two-Day,3425FBD2,Shipped,2025-06-20
218,O500217,Standard,695EA366,In Transit,2025-06-19
219,O500218,Express,37045340,In Transit,2025-06-30
220,O500219,Overnight,E50058EB,Shipped,2025-06-16
221,O500220,Standard,E5C2DCA7,Cancelled,2025-06-10
222,O500221,Two-Day,AAAD7EDC,Cancelled,2025-06-28
223,O500222,Two-Day,C99B79DE,Cancelled,2025-06-26
224,O500223,Overnight,9B95B158,Shipped,2025-06-29
225,O500224,Standard,773A25D6,In Transit,2025-06-10
226,O500225,Standard,E27B1043,Shipped,2025-06-22
227,O500226,Standard,669EB0F3,In Transit,2025-06-29
228,O500227,Express,F8B18E14,Pending,2025-07-07
229,O500228,Express,FAD8D4A6,Shipped,2025-06-14
230,O500229,Overnight,233051B9,In Transit,2025-07-06
231,O500230,Overnight,5048A807,Cancelled,2025-06-09
232,O500231,Express,BD2F9A49,Pending,2025-07-08
233,O500232,Overnight,E54DA26C,Cancelled,2025-06-26
234,O500233,Express,D6B77D38,Cancelled,2025-06-09
235,O500234,Standard,28B27F60,Shipped,2025-06-09
236,O500235,Overnight,F0A6B383,Shipped,2025-06-14
237,O500236,Standard,6EEBFA36,In Transit,2025-07-03
238,O500237,Overnight,54E335B2,Cancelled,2025-06-17
239,O500238,Express,9B0EDF9B,In Transit,2025-06-23
240,O500239,Express,37889EDC,Delivered,2025-06-18
241,O500240,Two-Day,C3CF3375,Pending,2025-07-01
242,O500241,Two-Day,4.13E+06,Shipped,2025-07-06
243,O500242,Standard,A98122EA,Cancelled,2025-06-12
244,O500243,Express,B501B507,In Transit,2025-06-11
245,O500244,Two-Day,B1E6F5AD,Pending,2025-07-09
246,O500245,Two-Day,3A0460F1,Cancelled,2025-06-19
247,O500246,Two-Day,738A70E5,Pending,2025-07-07
248,O500247,Two-Day,AA3B7F23,In Transit,2025-06-09
249,O500248,Overnight,59F32BAA,In Transit,2025-06-26
250,O500249,Two-Day,22CB3AF0,Shipped,2025-06-28
251,O500250,Two-Day,2ED1E710,Cancelled,2025-06-28
252,O500251,Two-Day,CDF91D61,Pending,2025-06-15
253,O500252,Two-Day,80656574,In Transit,2025-07-05
254,O500253,Two-Day,FF475E83,Delivered,2025-07-09
255,O500254,Two-Day,F61FB785,Pending,2025-07-05
256,O500255,Standard,32847733,In Transit,2025-06-27
257,O500256,Two-Day,D05F13E2,Pending,2025-06-17
258,O500257,Two-Day,56FFE96B,Pending,2025-06-24
259,O500258,Express,5AD73BE6,Cancelled,2025-06-24
260,O500259,Overnight,39D7B3A3,Pending,2025-07-07
261,O500260,Standard,BC8F2ED5,Shipped,2025-07-08
262,O500261,Standard,C890049E,Pending,2025-06-16
263,O500262,Standard,8E568EF0,Pending,2025-07-06
264,O500263,Standard,C7B95602,Pending,2025-06-26
265,O500264,Two-Day,581D9325,In Transit,2025-06-26
266,O500265,Overnight,59ACABEC,Delivered,2025-06-16
267,O500266,Standard,B7196DA6,Cancelled,2025-06-18
268,O500267,Overnight,AECB01BF,In Transit,2025-06-24
269,O500268,Express,64A41479,Cancelled,2025-06-12
270,O500269,Express,FA359E23,Delivered,2025-06-22
271,O500270,Two-Day,1DC1E1A7,Delivered,2025-06-28
272,O500271,Overnight,DDAC6419,In Transit,2025-06-30
273,O500272,Two-Day,C83EE1A6,Shipped,2025-07-05
274,O500273,Overnight,AE10F0F8,Cancelled,2025-06-10
275,O500274,Overnight,654CF0B2,In Transit,2025-06-24
276,O500275,Overnight,0F811F14,Cancelled,2025-06-09
277,O500276,Express,FDFA7952,Shipped,2025-06-14
278,O500277,Overnight,35E5ECF7,Pending,2025-06-28
279,O500278,Two-Day,59A91883,Cancelled,2025-06-29
280,O500279,Overnight,44ED4D93,In Transit,2025-07-01
281,O500280,Overnight,BAB21D0D,Cancelled,2025-07-08
282,O500281,Overnight,5E95A78B,Pending,2025-06-12
283,O500282,Overnight,7E56801B,Cancelled,2025-06-30
284,O500283,Standard,851D5B81,In Transit,2025-07-03
285,O500284,Standard,CF7042D6,Shipped,2025-06-09
286,O500285,Express,367BBFC4,Pending,2025-06-22
287,O500286,Two-Day,8C8832D2,In Transit,2025-06-19
288,O500287,Express,08209C19,Shipped,2025-07-04
289,O500288,Express,5B95E9D7,Cancelled,2025-07-04
290,O500289,Express,B4C5F862,Pending,2025-06-17
291,O500290,Two-Day,92EF5AB3,In Transit,2025-06-17
292,O500291,Standard,BC19FBB2,Cancelled,2025-06-18
293,O500292,Two-Day,0BC89EAE,Delivered,2025-07-08
294,O500293,Standard,BADB5A0E,Shipped,2025-07-02
295,O500294,Two-Day,22B9ACCA,Shipped,2025-06-24
296,O500295,Two-Day,9ED69543,Delivered,2025-06-13
297,O500296,Standard,1C54C597,In Transit,2025-06-23
298,O500297,Two-Day,33719945,Delivered,2025-07-03
299,O500298,Standard,DECB7F2E,Shipped,2025-06-24
300,O500299,Express,C0FECC92,Pending,2025-06-18
301,O500300,Overnight,7D0A9E1C,In Transit,2025-06-10
302,O500301,Overnight,9A09CD60,Cancelled,2025-06-26
303,O500302,Two-Day,4A361874,Delivered,2025-06-16
304,O500303,Overnight,F2751990,Pending,2025-06-26
305,O500304,Express,E0DBE4EB,In Transit,2025-06-12
306,O500305,Standard,1F43E9FF,Shipped,2025-06-10
307,O500306,Express,C63C0858,Delivered,2025-07-05
308,O500307,Express,DAA0F8C6,In Transit,2025-06-27
309,O500308,Standard,26086B52,Shipped,2025-06-26
310,O500309,Overnight,C4A4F239,Cancelled,2025-06-12
311,O500310,Overnight,E7A70200,Pending,2025-07-09
312,O500311,Two-Day,D4032393,Shipped,2025-06-12
313,O500312,Two-Day,52AD6BE5,Cancelled,2025-07-03
314,O500313,Express,D254882C,Delivered,2025-06-25
315,O500314,Two-Day,5E8A8B67,Delivered,2025-07-09
316,O500315,Overnight,2088E45C,Cancelled,2025-07-08
317,O500316,Two-Day,AC43460B,Pending,2025-06-11
318,O500317,Standard,388D00CF,Delivered,2025-06-26
319,O500318,Express,AD7AF501,Delivered,2025-06-15
320,O500319,Overnight,0085D650,Delivered,2025-07-05
321,O500320,Overnight,8A6D2646,Cancelled,2025-06-20
322,O500321,Standard,0653F6CD,Delivered,2025-06-11
323,O500322,Overnight,8A4424A1,In Transit,2025-06-27
324,O500323,Express,3C4CE9C9,In Transit,2025-07-04
325,O500324,Express,33DFB7EF,Shipped,2025-06-20
326,O500325,Standard,0A2BD112,In Transit,2025-06-25
327,O500326,Two-Day,E5598AE8,Shipped,2025-07-09
328,O500327,Two-Day,E22D69CA,Shipped,2025-06-14
329,O500328,Express,90A55C5C,Delivered,2025-06-27
330,O500329,Standard,01D03945,Shipped,2025-06-17
331,O500330,Two-Day,D7A7290E,Cancelled,2025-07-02
332,O500331,Standard,8F2A95C4,Pending,2025-07-07
333,O500332,Overnight,79A86FE2,Shipped,2025-06-18
334,O500333,Standard,0C301EE6,Shipped,2025-06-12
335,O500334,Two-Day,A6EE9848,Delivered,2025-06-29
336,O500335,Standard,6C11F358,Delivered,2025-06-17
337,O500336,Overnight,2EF535F3,Pending,2025-06-17
338,O500337,Overnight,67B61A61,Cancelled,2025-06-28
339,O500338,Standard,EF2F67D4,Delivered,2025-06-11
340,O500339,Two-Day,78E1676D,Cancelled,2025-06-30
341,O500340,Two-Day,83ED0427,In Transit,2025-06-23
342,O500341,Overnight,C8EE04BD,Shipped,2025-06-20
343,O500342,Two-Day,57D8F7EB,Pending,2025-07-08
344,O500343,Two-Day,D7989F45,Delivered,2025-07-02
345,O500344,Express,DEEFF24B,Cancelled,2025-06-13
346,O500345,Express,372D45BA,Delivered,2025-06-21
347,O500346,Express,F7C25CD2,Cancelled,2025-07-07
348,O500347,Two-Day,FC20ABF0,Pending,2025-06-26
349,O500348,Express,D82DA71C,In Transit,2025-07-07
350,O500349,Overnight,26D2DF3D,Delivered,2025-06-26
351,O500350,Overnight,5DC83718,Delivered,2025-06-30
352,O500351,Express,D91E896D,Shipped,2025-06-10
353,O500352,Two-Day,0E4506B5,Shipped,2025-06-25
354,O500353,Standard,41A3C58E,Delivered,2025-07-08
355,O500354,Standard,019638EA,Shipped,2025-06-26
356,O500355,Express,2DCA9BBA,Cancelled,2025-06-15
357,O500356,Express,C585DD0C,Delivered,2025-07-08
358,O500357,Standard,4BBDCCA7,In Transit,2025-06-21
359,O500358,Overnight,6DCBF061,Delivered,2025-06-09
360,O500359,Express,BAC2F802,Cancelled,2025-06-24
361,O500360,Overnight,E4008971,Pending,2025-06-09
362,O500361,Express,4BFAC9F0,Shipped,2025-06-14
363,O500362,Overnight,FB90A534,Shipped,2025-07-05
364,O500363,Express,DF735CA5,In Transit,2025-07-06
365,O500364,Standard,37DB2B97,Pending,2025-07-05
366,O500365,Overnight,F71B28CA,In Transit,2025-06-14
367,O500366,Two-Day,E86C17A3,In Transit,2025-06-30
368,O500367,Two-Day,8E6C8B49,In Transit,2025-06-16
369,O500368,Standard,822F8EA6,Cancelled,2025-06-13
370,O500369,Overnight,EF0DB33A,In Transit,2025-07-08
371,O500370,Two-Day,693F678F,In Transit,2025-06-09
372,O500371,Standard,5A40B3D3,Cancelled,2025-07-01
373,O500372,Express,1E3A9607,Delivered,2025-06-22
374,O500373,Two-Day,2DA5D4E6,Cancelled,2025-06-10
375,O500374,Two-Day,4180BBDF,Delivered,2025-06-18
376,O500375,Overnight,0DD33EF8,In Transit,2025-07-02
377,O500376,Overnight,CC2647DA,Delivered,2025-06-16
378,O500377,Express,6B907BF4,Cancelled,2025-07-01
379,O500378,Standard,DD3BA495,Cancelled,2025-06-25
380,O500379,Two-Day,63372F5F,Shipped,2025-06-28
381,O500380,Standard,64DF7C2F,Cancelled,2025-06-26
382,O500381,Express,036EC273,In Transit,2025-07-05
383,O500382,Overnight,FB9153B1,In Transit,2025-06-24
384,O500383,Standard,57983A4A,In Transit,2025-06-14
385,O500384,Express,5076CA3A,Pending,2025-07-01
386,O500385,Two-Day,FD26B951,In Transit,2025-07-08
387,O500386,Overnight,C5C9C870,Delivered,2025-06-25
388,O500387,Standard,03B41225,Cancelled,2025-06-17
389,O500388,Express,961114CB,Shipped,2025-06-28
390,O500389,Express,2067CA59,Cancelled,2025-07-03
391,O500390,Two-Day,429DD74A,Delivered,2025-07-09
392,O500391,Express,8AFEF59B,Cancelled,2025-06-20
393,O500392,Express,821DDF99,Cancelled,2025-06-15
394,O500393,Standard,425D7A65,In Transit,2025-07-04
395,O500394,Express,03F1C0E6,Delivered,2025-06-24
396,O500395,Express,6BCD3762,Shipped,2025-06-15
397,O500396,Overnight,6372D796,Shipped,2025-06-27
398,O500397,Standard,40691EA6,In Transit,2025-06-28
399,O500398,Express,CE7D8BDF,Delivered,2025-07-05
400,O500399,Standard,A6F48E03,Cancelled,2025-07-06
401,O500400,Two-Day,355DC2DE,Pending,2025-06-23
402,O500401,Overnight,C6935E09,Shipped,2025-07-05
403,O500402,Overnight,ED51DDE0,Shipped,2025-06-25
404,O500403,Express,8C47DEE3,Pending,2025-06-09
405,O500404,Express,98696568,Shipped,2025-06-13
406,O500405,Two-Day,447CEDE0,Cancelled,2025-06-30
407,O500406,Two-Day,4AA84C9A,Delivered,2025-07-04
408,O500407,Express,B61311C1,In Transit,2025-06-12
409,O500408,Two-Day,92983159,Shipped,2025-06-29
410,O500409,Express,716DB1B9,Delivered,2025-06-16
411,O500410,Standard,CF4F1DD3,Cancelled,2025-07-06
412,O500411,Two-Day,95149C8A,In Transit,2025-06-27
413,O500412,Two-Day,03B18819,Shipped,2025-06-24
414,O500413,Express,3F277CE0,Shipped,2025-06-16
415,O500414,Two-Day,2D0855A5,Shipped,2025-06-13
416,O500415,Express,29B54E75,Shipped,2025-06-27
417,O500416,Two-Day,3845C0EB,In Transit,2025-06-22
418,O500417,Standard,6C4F1E8F,Shipped,2025-06-24
419,O500418,Express,B13B68FE,In Transit,2025-06-09
420,O500419,Overnight,B233EE61,Pending,2025-06-28
421,O500420,Overnight,C9596FDD,Delivered,2025-06-21
422,O500421,Overnight,EBDE16FB,Shipped,2025-06-23
423,O500422,Standard,A10CDBDA,Delivered,2025-06-30
424,O500423,Two-Day,A4DB5B57,Pending,2025-06-20
425,O500424,Two-Day,B7FD73B4,Delivered,2025-07-01
426,O500425,Two-Day,C0F28D62,Delivered,2025-06-29
427,O500426,Standard,4C875F99,Pending,2025-06-14
428,O500427,Express,2C8C776B,Pending,2025-06-10
429,O500428,Overnight,782D6414,Delivered,2025-06-17
430,O500429,Overnight,7FF7F38C,Delivered,2025-07-01
431,O500430,Overnight,EEDB0AEA,In Transit,2025-07-07
432,O500431,Two-Day,0CB5AF2C,Delivered,2025-06-16
433,O500432,Two-Day,1B07D80B,Shipped,2025-06-13
434,O500433,Two-Day,C3D74ACB,Pending,2025-07-05
435,O500434,Standard,D30388A7,In Transit,2025-07-02
436,O500435,Two-Day,5F783939,Delivered,2025-07-07
437,O500436,Express,C5DADB7C,Shipped,2025-07-08
438,O500437,Standard,40240B41,Delivered,2025-07-02
439,O500438,Two-Day,99FCA040,Pending,2025-06-28
440,O500439,Overnight,9E416C68,Cancelled,2025-06-26
441,O500440,Overnight,6A31D34B,Delivered,2025-06-18
442,O500441,Express,46A03E51,Delivered,2025-07-04
443,O500442,Express,18556BB5,Shipped,2025-06-27
444,O500443,Standard,FCAB6791,In Transit,2025-07-06
445,O500444,Express,6786B0A9,Cancelled,2025-06-11
446,O500445,Express,CBE1F0CB,Cancelled,2025-06-12
447,O500446,Overnight,0D892EC5,Pending,2025-07-01
448,O500447,Express,62FB8EC5,Delivered,2025-06-24
449,O500448,Standard,CA622217,Pending,2025-06-17
450,O500449,Two-Day,A6400E80,Pending,2025-06-22
451,O500450,Overnight,7A71E1F2,Delivered,2025-06-24
452,O500451,Two-Day,0E020441,Delivered,2025-06-26
453,O500452,Two-Day,4A16A274,Delivered,2025-06-15
454,O500453,Overnight,B9DCE0C5,Shipped,2025-06-11
455,O500454,Overnight,361593C3,Delivered,2025-06-26
456,O500455,Express,1A9638D1,In Transit,2025-06-12
457,O500456,Overnight,BD660587,Shipped,2025-06-21
458,O500457,Standard,4FA94C1C,Delivered,2025-06-15
459,O500458,Standard,4F73EFCD,Shipped,2025-07-03
460,O500459,Two-Day,EF8A2706,Shipped,2025-06-16
461,O500460,Standard,0E9FA1D1,Cancelled,2025-07-06
462,O500461,Overnight,4B7F72C3,Shipped,2025-07-08
463,O500462,Express,4D793ED8,Cancelled,2025-06-30
464,O500463,Overnight,7C2FE960,Shipped,2025-07-06
465,O500464,Standard,AE3A68AE,Pending,2025-06-30
466,O500465,Express,127B7ACC,Cancelled,2025-07-01
467,O500466,Overnight,8B10E240,In Transit,2025-06-17
468,O500467,Two-Day,B71AE8BE,In Transit,2025-06-09
469,O500468,Standard,F1862E93,In Transit,2025-06-28
470,O500469,Standard,BA35BA2A,Shipped,2025-06-16
471,O500470,Standard,CD0C6C42,Pending,2025-07-01
472,O500471,Express,D81E3745,Cancelled,2025-06-17
473,O500472,Overnight,0284D34B,In Transit,2025-06-13
474,O500473,Two-Day,E2338754,Shipped,2025-06-23
475,O500474,Two-Day,7EBAE9DC,Pending,2025-06-18
476,O500475,Overnight,DDDE515A,Pending,2025-06-12
477,O500476,Standard,3AA2FA82,Pending,2025-06-25
478,O500477,Express,2C1E8C99,Cancelled,2025-07-05
479,O500478,Express,A46D46FC,Delivered,2025-06-26
480,O500479,Overnight,9AA62AD9,Pending,2025-06-24
481,O500480,Two-Day,5EA08E0B,Pending,2025-06-22
482,O500481,Standard,6DC549C8,Delivered,2025-06-24
483,O500482,Express,38BBFB89,Shipped,2025-06-10
484,O500483,Overnight,FDD57C2A,In Transit,2025-06-26
485,O500484,Two-Day,48E6A05D,In Transit,2025-06-23
486,O500485,Express,882272A7,Pending,2025-07-06
487,O500486,Overnight,24659043,Delivered,2025-06-14
488,O500487,Standard,385A992F,Cancelled,2025-07-09
489,O500488,Standard,1381BE84,Cancelled,2025-07-03
490,O500489,Express,0C6FC66D,Delivered,2025-07-02
491,O500490,Overnight,0B750AAA,In Transit,2025-07-03
492,O500491,Two-Day,B80B17CC,Pending,2025-06-24
493,O500492,Express,C7F2281D,Delivered,2025-07-03
494,O500493,Standard,FF16AB28,Delivered,2025-07-02
495,O500494,Overnight,A996FF54,Cancelled,2025-06-14
496,O500495,Standard,0BF8722A,Cancelled,2025-06-19
497,O500496,Two-Day,D24FBDC2,Shipped,2025-06-10
498,O500497,Overnight,36E871DB,Cancelled,2025-06-18
499,O500498,Standard,E6BDDA28,Pending,2025-06-18
500,O500499,Express,51CB250A,Delivered,2025-06-26
501,O500500,Standard,9C03E742,Delivered,2025-06-10
502,O500501,Two-Day,1222AC8C,Shipped,2025-06-30
503,O500502,Overnight,52153383,Pending,2025-06-21
504,O500503,Express,97A49BDD,Shipped,2025-06-26
505,O500504,Two-Day,10A64E32,Shipped,2025-06-15
506,O500505,Express,5AE7F047,Delivered,2025-06-26
507,O500506,Two-Day,97CDA596,Cancelled,2025-06-21
508,O500507,Two-Day,4C95F2B3,Pending,2025-07-02
509,O500508,Two-Day,5C94A1ED,Pending,2025-06-27
510,O500509,Two-Day,4591F53F,Delivered,2025-06-19
511,O500510,Express,0AE92456,Shipped,2025-07-05
512,O500511,Standard,771BE95C,Shipped,2025-06-13
513,O500512,Express,73C8A03D,Pending,2025-06-26
514,O500513,Standard,24B4E800,Cancelled,2025-06-09
515,O500514,Two-Day,23391F7F,Pending,2025-07-01
516,O500515,Standard,C18146B1,Pending,2025-07-09
517,O500516,Express,7CB3181D,Cancelled,2025-06-13
518,O500517,Express,A0C4DB0F,Pending,2025-07-09
519,O500518,Standard,72FC704D,Pending,2025-07-02
520,O500519,Standard,0CA5F465,In Transit,2025-06-28
521,O500520,Standard,E2648CEA,Delivered,2025-07-03
522,O500521,Two-Day,217012C8,Pending,2025-07-07
523,O500522,Overnight,32C21D86,Cancelled,2025-07-02
524,O500523,Two-Day,7E6A88AA,Pending,2025-07-09
525,O500524,Express,9B2446B3,Delivered,2025-07-04
526,O500525,Standard,46FF59D0,Pending,2025-06-23
527,O500526,Overnight,7678F0C9,Shipped,2025-06-14
528,O500527,Two-Day,F504DA49,Pending,2025-06-16
529,O500528,Standard,6EB2FE78,In Transit,2025-06-28
530,O500529,Two-Day,9649FC20,Pending,2025-07-02
531,O500530,Standard,51BF8B77,Cancelled,2025-06-27
532,O500531,Overnight,DC641DBC,Cancelled,2025-06-14
533,O500532,Standard,9E57E650,Delivered,2025-07-09
534,O500533,Standard,D4D01D6E,Pending,2025-06-20
535,O500534,Standard,6F97C7E6,Pending,2025-06-28
536,O500535,Standard,E24EB458,Cancelled,2025-06-28
537,O500536,Express,796D51F0,Pending,2025-06-09
538,O500537,Overnight,56C184BD,Pending,2025-06-13
539,O500538,Two-Day,BC488FC2,Shipped,2025-07-01
540,O500539,Express,8CDBA034,Cancelled,2025-06-21
541,O500540,Express,C40C8A11,Shipped,2025-07-04
542,O500541,Two-Day,9671383F,Shipped,2025-07-08
543,O500542,Express,A0E76A25,Delivered,2025-06-29
544,O500543,Two-Day,33971EEC,Cancelled,2025-06-19
545,O500544,Overnight,BD034236,In Transit,2025-06-11
546,O500545,Overnight,5AF35DA8,Pending,2025-07-01
547,O500546,Two-Day,C20D1809,Cancelled,2025-07-04
548,O500547,Overnight,487B749E,Cancelled,2025-07-07
549,O500548,Overnight,C59FBD4B,Cancelled,2025-06-13
550,O500549,Overnight,C3F1F5EC,In Transit,2025-06-25
551,O500550,Standard,066061A4,Pending,2025-06-24
552,O500551,Two-Day,7DE019B1,Cancelled,2025-06-17
553,O500552,Two-Day,3D5385B6,Pending,2025-06-25
554,O500553,Overnight,BEF62FD1,Cancelled,2025-06-23
555,O500554,Express,CB0B1FF7,In Transit,2025-07-07
556,O500555,Express,14F08F5B,Cancelled,2025-07-04
557,O500556,Standard,89046BB3,Pending,2025-06-26
558,O500557,Standard,6F37E12F,Pending,2025-07-02
559,O500558,Overnight,68E2DF88,Pending,2025-07-07
560,O500559,Overnight,F1BE1233,Pending,2025-06-21
561,O500560,Express,869C7CB7,Shipped,2025-06-15
562,O500561,Overnight,35E6711F,In Transit,2025-06-12
563,O500562,Standard,E3061C74,In Transit,2025-06-24
564,O500563,Express,4F0FECAD,Cancelled,2025-07-02
565,O500564,Two-Day,0B7A7C01,Delivered,2025-06-24
566,O500565,Standard,8EA868BA,Cancelled,2025-07-07
567,O500566,Standard,14314539,In Transit,2025-07-09
568,O500567,Two-Day,5A19B19C,Shipped,2025-06-12
569,O500568,Two-Day,55E62FF2,Cancelled,2025-06-16
570,O500569,Two-Day,EA81A088,Shipped,2025-07-06
571,O500570,Express,373AD289,Pending,2025-06-22
572,O500571,Standard,9B9D60A9,Cancelled,2025-06-24
573,O500572,Express,6043CC40,In Transit,2025-06-18
574,O500573,Overnight,15432EB9,In Transit,2025-06-28
575,O500574,Express,D7DA14ED,In Transit,2025-06-10
576,O500575,Two-Day,D5D40DFC,Shipped,2025-06-11
577,O500576,Two-Day,284D6FAE,Cancelled,2025-06-11
578,O500577,Standard,87A12AE6,Cancelled,2025-06-16
579,O500578,Overnight,070E7F3D,Cancelled,2025-06-19
580,O500579,Overnight,D65E5947,Shipped,2025-07-01
581,O500580,Express,CDCDE83B,Pending,2025-06-22
582,O500581,Express,6661F1E0,In Transit,2025-06-10
583,O500582,Two-Day,D92CF6BC,In Transit,2025-06-11
584,O500583,Express,8097E621,Pending,2025-06-22
585,O500584,Overnight,CB71337D,Shipped,2025-06-12
586,O500585,Standard,A1F9C6F4,Delivered,2025-06-23
587,O500586,Standard,E80F8D14,Pending,2025-07-09
588,O500587,Standard,BC92713A,Pending,2025-06-28
589,O500588,Two-Day,D603D493,Shipped,2025-07-03
590,O500589,Two-Day,EFBF669F,Delivered,2025-06-17
591,O500590,Two-Day,F91818C6,Delivered,2025-07-03
592,O500591,Standard,CC2E5A85,Delivered,2025-06-17
593,O500592,Standard,C16C4ED0,In Transit,2025-07-07
594,O500593,Two-Day,37E72B70,Cancelled,2025-06-17
595,O500594,Standard,DB27875B,Cancelled,2025-06-20
596,O500595,Standard,C9B227EA,Cancelled,2025-06-19
597,O500596,Standard,2D77AD5F,Pending,2025-06-29
598,O500597,Standard,B0B1FB86,Pending,2025-06-23
599,O500598,Standard,B3506625,In Transit,2025-07-05
600,O500599,Standard,631B8A2E,Cancelled,2025-06-27
601,O500600,Overnight,D67DF87F,Delivered,2025-06-26
602,O500601,Standard,8099C1AD,Cancelled,2025-06-10
603,O500602,Standard,3A3BA4A7,Shipped,2025-07-09
604,O500603,Two-Day,3.20E+13,Cancelled,2025-06-12
605,O500604,Two-Day,477CC821,Cancelled,2025-06-21
606,O500605,Two-Day,A7F9DC18,Cancelled,2025-07-07
607,O500606,Two-Day,F9BED3C5,Shipped,2025-06-23
608,O500607,Express,D0D4402B,Shipped,2025-06-10
609,O500608,Two-Day,30839C1F,Cancelled,2025-06-22
610,O500609,Two-Day,8.29E+06,Delivered,2025-06-28
611,O500610,Overnight,5D6A9717,Cancelled,2025-06-28
612,O500611,Two-Day,D76B7C79,Pending,2025-06-27
613,O500612,Two-Day,968D6B22,In Transit,2025-06-09
614,O500613,Express,33B1FF74,Delivered,2025-06-24
615,O500614,Standard,24602C5B,Cancelled,2025-06-12
616,O500615,Express,A108FCE5,Delivered,2025-06-21
617,O500616,Standard,10C7EA4C,Delivered,2025-07-09
618,O500617,Express,12B670B2,Delivered,2025-06-19
619,O500618,Standard,D7B75EC8,Delivered,2025-06-11
620,O500619,Express,9E418839,Delivered,2025-07-04
621,O500620,Express,8AB3AD8D,In Transit,2025-06-19
622,O500621,Express,1C1C8002,Shipped,2025-06-11
623,O500622,Overnight,A72A3732,Cancelled,2025-06-09
624,O500623,Express,BA60BE46,Shipped,2025-06-17
625,O500624,Express,5F7A5EEA,In Transit,2025-06-16
626,O500625,Overnight,A01AF26C,Pending,2025-06-26
627,O500626,Standard,DBAE80D1,In Transit,2025-07-03
628,O500627,Overnight,6F2DD31E,Delivered,2025-06-09
629,O500628,Overnight,6F654819,Pending,2025-06-13
630,O500629,Express,D994113A,Cancelled,2025-06-09
631,O500630,Standard,5BB43908,Pending,2025-06-11
632,O500631,Two-Day,61C212E4,Pending,2025-06-23
633,O500632,Overnight,43B7E94F,In Transit,2025-07-04
634,O500633,Express,3A325F2A,Pending,2025-06-27
635,O500634,Two-Day,BB4A2144,Pending,2025-06-21
636,O500635,Overnight,15F51D2B,In Transit,2025-07-06
637,O500636,Overnight,6AC92F66,Cancelled,2025-06-22
638,O500637,Overnight,273348D8,In Transit,2025-06-11
639,O500638,Standard,A16389AA,Pending,2025-06-16
640,O500639,Overnight,E80F7012,Cancelled,2025-06-13
641,O500640,Two-Day,D65009CA,In Transit,2025-06-20
642,O500641,Overnight,903E6E16,In Transit,2025-07-02
643,O500642,Standard,CCA5648E,Pending,2025-06-21
644,O500643,Two-Day,4E38178C,Shipped,2025-06-12
645,O500644,Express,E1DC5CB8,Cancelled,2025-06-17
646,O500645,Standard,6F95859C,Shipped,2025-06-17
647,O500646,Two-Day,9F841D0A,Shipped,2025-07-01
648,O500647,Standard,38AE8248,Shipped,2025-06-17
649,O500648,Express,934EE83F,Shipped,2025-06-19
650,O500649,Express,3ABB235C,Shipped,2025-07-04
651,O500650,Overnight,568A5A14,Shipped,2025-07-09
652,O500651,Two-Day,98FA3A3D,Cancelled,2025-06-15
653,O500652,Standard,2116260D,Cancelled,2025-06-22
654,O500653,Express,F090A266,Cancelled,2025-07-06
655,O500654,Express,43F70BDD,Shipped,2025-06-17
656,O500655,Two-Day,847021C9,Shipped,2025-06-12
657,O500656,Standard,C2AB3C81,Pending,2025-06-16
658,O500657,Overnight,105F8E41,In Transit,2025-06-25
659,O500658,Two-Day,EAFC3ED3,Cancelled,2025-06-09
660,O500659,Standard,CCB565AC,In Transit,2025-06-16
661,O500660,Express,9DC23579,In Transit,2025-07-04
662,O500661,Standard,CC8E0DBB,In Transit,2025-07-09
663,O500662,Overnight,702BC750,Cancelled,2025-06-21
664,O500663,Overnight,ADE9BBA7,Pending,2025-06-26
665,O500664,Express,5F99CAE3,In Transit,2025-07-01
666,O500665,Express,07E6C7B1,Cancelled,2025-06-11
667,O500666,Standard,F0E06348,In Transit,2025-06-18
668,O500667,Two-Day,766715D2,Delivered,2025-06-22
669,O500668,Overnight,E44790A1,Shipped,2025-07-04
670,O500669,Standard,FA0B0483,In Transit,2025-07-02
671,O500670,Express,533E2E3D,Delivered,2025-07-07
672,O500671,Standard,A8AD8A37,Shipped,2025-06-28
673,O500672,Express,A986AE38,Delivered,2025-07-08
674,O500673,Overnight,B48DC174,Delivered,2025-06-25
675,O500674,Standard,C968D7C6,Shipped,2025-06-16
676,O500675,Standard,8D8516BD,Cancelled,2025-06-24
677,O500676,Express,C018D465,Cancelled,2025-06-14
678,O500677,Overnight,7D12A8FD,Cancelled,2025-07-05
679,O500678,Two-Day,1874F4A6,Cancelled,2025-06-14
680,O500679,Two-Day,8AE122EE,Shipped,2025-06-23
681,O500680,Standard,A3FF8322,Delivered,2025-07-01
682,O500681,Two-Day,9C8D0882,Pending,2025-06-19
683,O500682,Standard,2E8140A8,Cancelled,2025-06-21
684,O500683,Overnight,5072F830,Delivered,2025-06-29
685,O500684,Standard,5989D537,In Transit,2025-06-25
686,O500685,Overnight,AC7040F5,Pending,2025-06-15
687,O500686,Overnight,0BDF46A6,In Transit,2025-06-17
688,O500687,Express,51743A21,Cancelled,2025-06-27
689,O500688,Standard,1E081418,Shipped,2025-06-25
690,O500689,Standard,9BA7C80A,Cancelled,2025-06-12
691,O500690,Two-Day,8229A98E,Delivered,2025-06-24
692,O500691,Overnight,8A1E1FE4,Shipped,2025-06-28
693,O500692,Overnight,CC1AD7DA,Pending,2025-07-06
694,O500693,Express,809E9E65,Cancelled,2025-06-19
695,O500694,Two-Day,9E379BFB,Delivered,2025-06-15
696,O500695,Express,A0CB6F06,Cancelled,2025-06-25
697,O500696,Standard,ECC965F1,Pending,2025-06-29
698,O500697,Overnight,0DACFE5A,Shipped,2025-07-03
699,O500698,Overnight,339F7CFE,Cancelled,2025-06-18
700,O500699,Two-Day,A80B2E45,In Transit,2025-06-10
701,O500700,Express,ECCDA447,Delivered,2025-07-07
702,O500701,Two-Day,7C2EC415,Delivered,2025-06-15
703,O500702,Overnight,F65A7E59,Pending,2025-06-25
704,O500703,Standard,AD9B2319,Pending,2025-06-19
705,O500704,Standard,E1959389,Delivered,2025-07-01
706,O500705,Express,C1EC3C3C,In Transit,2025-06-16
707,O500706,Two-Day,581B39C4,Delivered,2025-06-11
708,O500707,Express,CD6E0977,In Transit,2025-06-16
709,O500708,Standard,2B6C974B,Shipped,2025-06-19
710,O500709,Standard,EC66D858,Pending,2025-07-02
711,O500710,Two-Day,5497BE71,Delivered,2025-07-02
712,O500711,Two-Day,1F41FB88,In Transit,2025-06-11
713,O500712,Overnight,F786777F,In Transit,2025-06-13
714,O500713,Overnight,A0FB6C69,Delivered,2025-06-28
715,O500714,Express,8FDD227A,Cancelled,2025-06-13
716,O500715,Two-Day,2E5D4429,Delivered,2025-06-09
717,O500716,Two-Day,F22FBC63,Cancelled,2025-06-27
718,O500717,Overnight,A9EB1523,Cancelled,2025-07-03
719,O500718,Overnight,BAAF83D4,Cancelled,2025-06-30
720,O500719,Express,C8E77C21,In Transit,2025-07-06
721,O500720,Two-Day,A084C6DE,Delivered,2025-07-06
722,O500721,Express,279E48A1,Pending,2025-06-18
723,O500722,Overnight,F1ED011A,Cancelled,2025-06-30
724,O500723,Standard,8CA981E6,Shipped,2025-06-17
725,O500724,Standard,3D19684E,Pending,2025-06-21
726,O500725,Express,985BAEF1,In Transit,2025-06-18
727,O500726,Two-Day,092008C7,Cancelled,2025-07-03
728,O500727,Standard,C678D0BC,Delivered,2025-06-21
729,O500728,Two-Day,167D417D,Pending,2025-07-08
730,O500729,Overnight,A465BE0F,Cancelled,2025-07-09
731,O500730,Express,770FBEED,Shipped,2025-06-10
732,O500731,Two-Day,0A2C9D44,Pending,2025-06-13
733,O500732,Express,2F17B750,Delivered,2025-07-04
734,O500733,Express,6DC6F18F,Shipped,2025-06-25
735,O500734,Two-Day,F0645D20,In Transit,2025-06-30
736,O500735,Express,7CB11FF2,Cancelled,2025-06-20
737,O500736,Two-Day,42F767F3,Pending,2025-06-12
738,O500737,Two-Day,4C6B22A6,Shipped,2025-06-12
739,O500738,Two-Day,12C816B4,Cancelled,2025-07-08
740,O500739,Standard,A00FB0CE,In Transit,2025-06-26
741,O500740,Standard,30F9EDB7,Cancelled,2025-06-26
742,O500741,Two-Day,22B439D8,In Transit,2025-07-01
743,O500742,Express,853C1FEB,Cancelled,2025-06-17
744,O500743,Two-Day,161A6933,Delivered,2025-06-22
745,O500744,Express,BD50C40C,Shipped,2025-06-19
746,O500745,Standard,96FFB713,Shipped,2025-06-30
747,O500746,Express,F0F63BF6,Shipped,2025-06-24
748,O500747,Overnight,D54E782D,In Transit,2025-06-09
749,O500748,Standard,C8E501EF,Delivered,2025-06-11
750,O500749,Two-Day,9F9D74FD,Cancelled,2025-06-27
751,O500750,Overnight,D999B8B8,Cancelled,2025-07-05
752,O500751,Two-Day,AB40F901,Delivered,2025-06-30
753,O500752,Express,C2B0FDBB,Delivered,2025-06-12
754,O500753,Two-Day,0B2A6D25,Delivered,2025-06-13
755,O500754,Two-Day,8BF2B209,Shipped,2025-06-24
756,O500755,Standard,770333F1,Cancelled,2025-06-17
757,O500756,Express,FACB3C9D,Cancelled,2025-06-12
758,O500757,Overnight,AF032F2F,In Transit,2025-07-02
759,O500758,Two-Day,101CC2A7,Shipped,2025-06-13
760,O500759,Standard,99BA0142,Shipped,2025-06-21
761,O500760,Two-Day,F6B39AB7,Pending,2025-07-07
762,O500761,Two-Day,F3481208,Shipped,2025-07-07
763,O500762,Two-Day,917E98EA,In Transit,2025-06-12
764,O500763,Express,EE0C16DF,In Transit,2025-06-29
765,O500764,Two-Day,8937121D,Delivered,2025-06-21
766,O500765,Standard,9CA4535B,Pending,2025-06-20
767,O500766,Overnight,1D623466,Shipped,2025-06-18
768,O500767,Standard,D731DD65,Shipped,2025-07-07
769,O500768,Overnight,3A4AAC36,Pending,2025-07-02
770,O500769,Overnight,F30F28C4,Shipped,2025-06-23
771,O500770,Express,2E55CAD4,Cancelled,2025-06-13
772,O500771,Overnight,103E519D,Shipped,2025-06-16
773,O500772,Two-Day,C88AA203,Cancelled,2025-07-03
774,O500773,Overnight,9AFC2C44,Shipped,2025-06-10
775,O500774,Two-Day,39DE476D,Delivered,2025-07-02
776,O500775,Express,404D797E,Delivered,2025-06-17
777,O500776,Express,C1B51DE0,Shipped,2025-07-06
778,O500777,Standard,EF918412,In Transit,2025-07-01
779,O500778,Overnight,0D3EFDEC,In Transit,2025-06-25
780,O500779,Express,DE8040A2,In Transit,2025-06-21
781,O500780,Overnight,F18C68AA,Shipped,2025-06-12
782,O500781,Standard,A3B84962,Pending,2025-07-01
783,O500782,Express,AB4DF559,Shipped,2025-06-27
784,O500783,Standard,2398497E,Pending,2025-06-10
785,O500784,Overnight,1.31E+05,Delivered,2025-07-05
786,O500785,Overnight,C77D761F,Pending,2025-07-05
787,O500786,Express,3D6F8AC8,Pending,2025-06-28
788,O500787,Overnight,B3C72021,In Transit,2025-06-19
789,O500788,Overnight,E272C03E,Shipped,2025-06-22
790,O500789,Two-Day,687F938D,Cancelled,2025-06-22
791,O500790,Standard,ECE66A08,Cancelled,2025-06-17
792,O500791,Standard,3159DCB5,Shipped,2025-06-16
793,O500792,Two-Day,FC062297,Delivered,2025-07-08
794,O500793,Standard,7D2D706C,Pending,2025-06-10
795,O500794,Two-Day,4E5D4EDA,Delivered,2025-06-16
796,O500795,Express,127FF511,Pending,2025-06-19
797,O500796,Standard,21435B7B,Cancelled,2025-07-07
798,O500797,Overnight,C3F50A2F,Cancelled,2025-06-21
799,O500798,Overnight,F4650486,Delivered,2025-06-18
800,O500799,Overnight,3158E934,Cancelled,2025-06-23
801,O500800,Two-Day,B1F4CBD4,In Transit,2025-06-24
802,O500801,Overnight,99626572,In Transit,2025-06-15
803,O500802,Standard,06B88716,Cancelled,2025-07-05
804,O500803,Standard,7D5F864C,Cancelled,2025-06-15
805,O500804,Overnight,F601011A,In Transit,2025-06-16
806,O500805,Standard,59FCA225,Shipped,2025-06-10
807,O500806,Overnight,D504B9E7,Shipped,2025-06-17
808,O500807,Standard,272F761E,Delivered,2025-06-12
809,O500808,Standard,C87DE64E,Pending,2025-06-11
810,O500809,Overnight,ADEB8304,In Transit,2025-06-11
811,O500810,Standard,A28E0C04,Cancelled,2025-06-19
812,O500811,Standard,95163EFB,Cancelled,2025-06-27
813,O500812,Standard,F760F26B,In Transit,2025-06-13
814,O500813,Two-Day,4AE4BAD0,Pending,2025-06-16
815,O500814,Express,9229F37E,In Transit,2025-06-22
816,O500815,Two-Day,04D20F98,Shipped,2025-07-04
817,O500816,Standard,706CCE6A,Cancelled,2025-07-03
818,O500817,Overnight,259DAE4D,Delivered,2025-07-06
819,O500818,Standard,FEDAE158,Shipped,2025-06-15
820,O500819,Express,C1CD1D01,In Transit,2025-06-19
821,O500820,Overnight,B3AFB0F2,Cancelled,2025-07-07
822,O500821,Standard,9FD30DD4,Cancelled,2025-06-14
823,O500822,Express,A9A197EA,Cancelled,2025-07-01
824,O500823,Overnight,519F5306,Cancelled,2025-06-18
825,O500824,Standard,1BD7E119,Delivered,2025-06-28
826,O500825,Two-Day,98042644,Shipped,2025-06-29
827,O500826,Overnight,1C46321F,Shipped,2025-07-03
828,O500827,Express,BCF29CC3,Delivered,2025-06-10
829,O500828,Overnight,B59B33B5,Cancelled,2025-07-08
830,O500829,Standard,4267A20C,Pending,2025-06-26
831,O500830,Standard,3E32E150,Shipped,2025-06-24
832,O500831,Overnight,D2E05AD1,Shipped,2025-06-14
833,O500832,Standard,B815FC08,Shipped,2025-07-05
834,O500833,Express,E6BC42A4,In Transit,2025-06-28
835,O500834,Express,AFE2CD7D,Pending,2025-06-25
836,O500835,Two-Day,1F9AA2A2,Delivered,2025-06-25
837,O500836,Express,36A77B28,Cancelled,2025-07-03
838,O500837,Overnight,4FDF5413,In Transit,2025-06-17
839,O500838,Standard,D7D22D7F,Pending,2025-06-24
840,O500839,Overnight,CA8AEED9,In Transit,2025-06-21
841,O500840,Overnight,C115088C,Cancelled,2025-06-23
842,O500841,Two-Day,C7D13952,Pending,2025-06-14
843,O500842,Two-Day,667BC10D,Cancelled,2025-06-16
844,O500843,Standard,181F2E43,Shipped,2025-07-08
845,O500844,Overnight,162B5D8D,Cancelled,2025-06-12
846,O500845,Overnight,C8D00611,Delivered,2025-06-26
847,O500846,Overnight,59F2E8AF,Cancelled,2025-06-17
848,O500847,Express,E27FC233,Shipped,2025-06-28
849,O500848,Overnight,27D523AD,Cancelled,2025-06-21
850,O500849,Two-Day,F0DB9DF8,Cancelled,2025-07-06
851,O500850,Express,67D9584E,Delivered,2025-07-02
852,O500851,Overnight,A198A0D4,Delivered,2025-07-08
853,O500852,Overnight,0343B583,Cancelled,2025-06-27
854,O500853,Two-Day,025C18F6,In Transit,2025-06-24
855,O500854,Express,3E48E746,Delivered,2025-07-04
856,O500855,Standard,3187646F,Cancelled,2025-06-18
857,O500856,Overnight,B4BBDAC0,Cancelled,2025-07-07
858,O500857,Express,D5D0D895,Shipped,2025-06-12
859,O500858,Two-Day,51903C1B,Cancelled,2025-07-09
860,O500859,Standard,16F3545B,Delivered,2025-06-15
861,O500860,Standard,A1EC7ECB,Delivered,2025-06-09
862,O500861,Two-Day,85BE2CEB,Cancelled,2025-07-07
863,O500862,Overnight,12352521,In Transit,2025-06-13
864,O500863,Two-Day,2A4E364A,Cancelled,2025-06-22
865,O500864,Standard,CDFC8124,Shipped,2025-06-16
866,O500865,Overnight,E565F1F1,Delivered,2025-07-09
867,O500866,Overnight,89AEBE9C,Pending,2025-06-28
868,O500867,Two-Day,D5D7B5A6,Cancelled,2025-07-08
869,O500868,Express,417E5D1F,Cancelled,2025-07-05
870,O500869,Two-Day,80B5ECB5,Delivered,2025-06-21
871,O500870,Two-Day,420454C3,Pending,2025-07-08
872,O500871,Two-Day,13759670,In Transit,2025-07-03
873,O500872,Express,7391D724,In Transit,2025-06-23
874,O500873,Standard,94DDA5EE,Delivered,2025-07-08
875,O500874,Express,91B96BD5,In Transit,2025-07-05
876,O500875,Two-Day,8A1A7E7A,In Transit,2025-06-18
877,O500876,Standard,64821FF6,Delivered,2025-07-06
878,O500877,Express,E999280F,Cancelled,2025-06-22
879,O500878,Overnight,4A93115B,Cancelled,2025-06-20
880,O500879,Express,F061CFC3,Cancelled,2025-06-29
881,O500880,Two-Day,C664D696,Shipped,2025-06-12
882,O500881,Overnight,89178027,Shipped,2025-07-05
883,O500882,Standard,E68CC45D,Cancelled,2025-06-09
884,O500883,Express,124C4DFE,In Transit,2025-06-16
885,O500884,Standard,E0AB8491,Shipped,2025-07-09
886,O500885,Standard,0E4554B1,Cancelled,2025-06-28
887,O500886,Standard,46A3CF61,Cancelled,2025-07-06
888,O500887,Standard,C2FC5315,Delivered,2025-06-11
889,O500888,Two-Day,254365FA,Pending,2025-07-06
890,O500889,Standard,D070F1DC,Delivered,2025-06-29
891,O500890,Two-Day,E5EA967F,Pending,2025-06-19
892,O500891,Standard,AB6A1D19,In Transit,2025-07-09
893,O500892,Express,F6CCC398,Shipped,2025-06-21
894,O500893,Overnight,BCF6C93F,Pending,2025-07-09
895,O500894,Express,95447F85,Cancelled,2025-06-13
896,O500895,Standard,6B6E2E9E,Pending,2025-07-07
897,O500896,Express,F12A055C,Delivered,2025-06-12
898,O500897,Express,1422E0FE,Cancelled,2025-07-02
899,O500898,Overnight,2FB741CA,Delivered,2025-07-08
900,O500899,Express,A59EA46B,In Transit,2025-06-10
901,O500900,Overnight,B548ABF5,Shipped,2025-06-27
902,O500901,Express,18E98FE3,Shipped,2025-07-01
903,O500902,Standard,57296ED6,Delivered,2025-06-29
904,O500903,Express,18391DF6,Pending,2025-07-05
905,O500904,Express,9D318EFC,Cancelled,2025-07-04
906,O500905,Express,91E2206A,Shipped,2025-07-08
907,O500906,Two-Day,9BE7888C,Delivered,2025-06-30
908,O500907,Two-Day,D4353D52,Pending,2025-06-16
909,O500908,Standard,E6914BB8,Cancelled,2025-06-15
910,O500909,Express,3F5DCCC1,Delivered,2025-06-21
911,O500910,Two-Day,4CEDA14C,Shipped,2025-07-04
912,O500911,Standard,63F2F6BB,Delivered,2025-07-09
913,O500912,Two-Day,7D131545,In Transit,2025-07-01
914,O500913,Standard,449D6CB3,Pending,2025-06-15
915,O500914,Express,7B458913,In Transit,2025-06-30
916,O500915,Express,E8C9A52C,Pending,2025-06-28
917,O500916,Overnight,9057FB1B,In Transit,2025-07-06
918,O500917,Express,DA24C9CA,Delivered,2025-06-23
919,O500918,Express,CCB7785B,Shipped,2025-07-02
920,O500919,Express,448E60A4,In Transit,2025-06-16
921,O500920,Standard,00849F57,Shipped,2025-07-07
922,O500921,Overnight,DE6D5A01,Pending,2025-06-13
923,O500922,Express,984AC1F7,Pending,2025-06-20
924,O500923,Overnight,1198AD5A,In Transit,2025-07-03
925,O500924,Standard,4CE43CAE,Delivered,2025-07-06
926,O500925,Standard,29D21A24,In Transit,2025-06-18
927,O500926,Standard,75F78354,Shipped,2025-07-01
928,O500927,Overnight,2021156A,Cancelled,2025-07-07
929,O500928,Express,8F0D01DB,Delivered,2025-07-05
930,O500929,Overnight,A828E6EC,Cancelled,2025-06-18
931,O500930,Express,5F5AC85D,Pending,2025-06-10
932,O500931,Overnight,25411167,Delivered,2025-06-21
933,O500932,Overnight,D4A5E034,Shipped,2025-06-25
934,O500933,Express,E9F62C03,Delivered,2025-06-20
935,O500934,Two-Day,BA1BEC99,Delivered,2025-06-30
936,O500935,Express,73602F75,Delivered,2025-06-14
937,O500936,Overnight,6A8CED59,Cancelled,2025-07-06
938,O500937,Two-Day,C5915B52,Delivered,2025-07-01
939,O500938,Overnight,0189E612,Shipped,2025-06-10
940,O500939,Express,11A14979,In Transit,2025-06-21
941,O500940,Standard,117C3094,Cancelled,2025-06-23
942,O500941,Two-Day,811A914E,Shipped,2025-06-17
943,O500942,Express,7BB8F2D8,Cancelled,2025-06-10
944,O500943,Overnight,1FF0E20A,In Transit,2025-07-06
945,O500944,Two-Day,4371A08A,Delivered,2025-07-07
946,O500945,Two-Day,7F9FB0D8,Delivered,2025-07-05
947,O500946,Overnight,5F412EB3,Cancelled,2025-06-16
948,O500947,Express,21B28E75,In Transit,2025-07-02
949,O500948,Two-Day,891980A5,In Transit,2025-06-24
950,O500949,Standard,8DBF2528,Pending,2025-06-14
951,O500950,Standard,AFAE3CFB,Cancelled,2025-06-18
952,O500951,Overnight,F3FEB7CC,In Transit,2025-07-06
953,O500952,Express,DFD0EC95,Pending,2025-06-20
954,O500953,Overnight,6F5B3B14,Delivered,2025-06-12
955,O500954,Two-Day,B22F33C6,Delivered,2025-06-17
956,O500955,Two-Day,E88E1586,Pending,2025-06-19
957,O500956,Standard,9BDFB638,Cancelled,2025-06-27
958,O500957,Two-Day,99909BF0,Pending,2025-07-01
959,O500958,Express,0986B114,In Transit,2025-06-25
960,O500959,Overnight,CA7A2F49,Cancelled,2025-07-07
961,O500960,Express,62A8DFB4,Cancelled,2025-06-14
962,O500961,Standard,4B24E3F2,In Transit,2025-06-14
963,O500962,Overnight,6DFCD237,Shipped,2025-07-04
964,O500963,Express,986A9E02,In Transit,2025-07-08
965,O500964,Express,2F5DAB90,Pending,2025-07-07
966,O500965,Express,E3BFDC16,Delivered,2025-06-09
967,O500966,Two-Day,6EF11446,Pending,2025-07-04
968,O500967,Express,5EFB6A1B,Shipped,2025-06-25
969,O500968,Overnight,AF3F7396,Pending,2025-06-15
970,O500969,Standard,452C8820,Shipped,2025-06-20
971,O500970,Standard,021CC52D,In Transit,2025-06-28
972,O500971,Express,9C4B1BA4,In Transit,2025-06-29
973,O500972,Overnight,2B123391,In Transit,2025-06-18
974,O500973,Two-Day,964FCD6D,Delivered,2025-07-03
975,O500974,Express,C28D4F68,Shipped,2025-06-29
976,O500975,Express,2BF7AFCB,Pending,2025-06-29
977,O500976,Express,DC79C172,Pending,2025-06-21
978,O500977,Overnight,0E7C24C7,Cancelled,2025-06-28
979,O500978,Two-Day,8E8BFCD2,Shipped,2025-06-26
980,O500979,Two-Day,E469C419,Shipped,2025-07-05
981,O500980,Two-Day,1927F4D3,In Transit,2025-07-09
982,O500981,Express,75B228EC,Delivered,2025-07-03
983,O500982,Two-Day,ACD4D596,In Transit,2025-06-11
984,O500983,Express,7E619389,Delivered,2025-06-17
985,O500984,Overnight,5B66BDA0,In Transit,2025-07-02
986,O500985,Overnight,94B3ED7A,In Transit,2025-06-17
987,O500986,Express,14E98A7E,Shipped,2025-06-27
988,O500987,Two-Day,7E91F348,Cancelled,2025-06-22
989,O500988,Two-Day,FED63243,Shipped,2025-07-02
990,O500989,Overnight,609E400F,Pending,2025-06-23
991,O500990,Overnight,2E7A49A1,Shipped,2025-06-30
992,O500991,Overnight,CBF353D0,Shipped,2025-06-29
993,O500992,Overnight,1277E5F7,Cancelled,2025-07-05
994,O500993,Express,8FE19F37,Pending,2025-06-11
995,O500994,Express,E56C3416,Delivered,2025-07-03
996,O500995,Two-Day,520EEAEF,Pending,2025-07-07
997,O500996,Overnight,81A02430,In Transit,2025-06-27
998,O500997,Express,550F51C2,Cancelled,2025-06-13
999,O500998,Standard,E6C4B368,Shipped,2025-06-25
1000,O500999,Express,027A35E4,In Transit,2025-07-06
1001,O501000,Two-Day,789D3D66,Cancelled,2025-06-24
1002,O501001,Two-Day,BB189003,Pending,2025-06-13
1003,O501002,Express,B3348CD6,Pending,2025-06-27
1004,O501003,Overnight,101961ED,Delivered,2025-06-17
1005,O501004,Standard,42AEDD58,Cancelled,2025-07-04
1006,O501005,Two-Day,5E81623E,Pending,2025-06-30
1007,O501006,Overnight,E356C945,In Transit,2025-06-17
1008,O501007,Express,CABF72C4,Shipped,2025-06-24
1009,O501008,Two-Day,FB91B48F,Delivered,2025-07-07
1010,O501009,Overnight,597AA8C8,Delivered,2025-06-15
1011,O501010,Overnight,8F19BA19,Cancelled,2025-06-23
1012,O501011,Standard,14C43BC4,Delivered,2025-07-05
1013,O501012,Overnight,D93FA4D2,Pending,2025-07-07
1014,O501013,Two-Day,72C4EEEC,Pending,2025-07-03
1015,O501014,Two-Day,7779D8D2,Delivered,2025-06-19
1016,O501015,Two-Day,1A8304B7,Shipped,2025-06-15
1017,O501016,Overnight,317A88BA,Shipped,2025-06-12
1018,O501017,Two-Day,0F5E3ECF,In Transit,2025-07-08
1019,O501018,Standard,D5D64AC5,In Transit,2025-06-24
1020,O501019,Two-Day,96A63907,Cancelled,2025-07-04
1021,O501020,Standard,A795138B,Pending,2025-06-11
1022,O501021,Standard,F84FA81A,In Transit,2025-06-09
1023,O501022,Overnight,8DBBCF6A,Delivered,2025-07-07
1024,O501023,Two-Day,5.71E+30,In Transit,2025-07-01
1025,O501024,Two-Day,7FABA69C,Cancelled,2025-07-07
1026,O501025,Two-Day,10C7CBAF,In Transit,2025-07-04
1027,O501026,Express,BBC58ACB,Delivered,2025-06-21
1028,O501027,Overnight,0606897C,In Transit,2025-07-08
1029,O501028,Standard,9730E89B,Cancelled,2025-06-19
1030,O501029,Standard,1E73A40A,In Transit,2025-07-09
1031,O501030,Standard,1C8D243E,Delivered,2025-06-27
1032,O501031,Two-Day,1EF2E67C,Delivered,2025-06-17
1033,O501032,Two-Day,65E33F82,Pending,2025-07-04
1034,O501033,Overnight,4E66B353,Shipped,2025-06-12
1035,O501034,Two-Day,2C83148B,Pending,2025-06-30
1036,O501035,Express,2D496136,Cancelled,2025-06-17
1037,O501036,Overnight,F3815C81,Shipped,2025-06-24
1038,O501037,Express,56A0D485,Cancelled,2025-06-27
1039,O501038,Two-Day,ADE8EABF,Delivered,2025-06-09
1040,O501039,Two-Day,FF2898BC,In Transit,2025-06-10
1041,O501040,Two-Day,AED0A577,Pending,2025-06-23
1042,O501041,Standard,80EA9995,In Transit,2025-06-14
1043,O501042,Standard,8F03A197,Pending,2025-06-09
1044,O501043,Express,0801545F,In Transit,2025-06-22
1045,O501044,Overnight,CEA2FBE5,Pending,2025-06-13
1046,O501045,Overnight,75CB7769,Cancelled,2025-07-09
1047,O501046,Two-Day,FA0588C9,Delivered,2025-07-04
1048,O501047,Two-Day,13C8A34F,Cancelled,2025-06-16
1049,O501048,Standard,1DC613E2,In Transit,2025-06-12
1050,O501049,Two-Day,6E81041B,Delivered,2025-06-21
1051,O501050,Two-Day,6E330BC7,Cancelled,2025-06-29
1052,O501051,Overnight,FC7BCE75,Pending,2025-06-20
1053,O501052,Overnight,915B89D2,Cancelled,2025-06-14
1054,O501053,Express,4DE1B6AA,In Transit,2025-07-07
1055,O501054,Standard,51681D81,Cancelled,2025-07-02
1056,O501055,Standard,F24651E0,Cancelled,2025-06-24
1057,O501056,Overnight,9DFA9CF9,In Transit,2025-06-13
1058,O501057,Standard,96DED578,In Transit,2025-07-01
1059,O501058,Standard,D1A89871,Delivered,2025-06-26
1060,O501059,Overnight,7B5EDB8A,Cancelled,2025-06-29
1061,O501060,Two-Day,3E3D666A,Pending,2025-06-20
1062,O501061,Standard,05F81562,In Transit,2025-06-17
1063,O501062,Express,14EF9C24,Cancelled,2025-06-11
1064,O501063,Express,B1B7A9EE,Delivered,2025-06-18
1065,O501064,Two-Day,94E4DB22,Pending,2025-06-21
1066,O501065,Overnight,A7267912,Pending,2025-07-03
1067,O501066,Standard,8BBFC977,Shipped,2025-06-18
1068,O501067,Standard,8A10F894,Shipped,2025-07-06
1069,O501068,Two-Day,4C738092,Cancelled,2025-06-15
1070,O501069,Standard,43539C99,Cancelled,2025-06-26
1071,O501070,Standard,B0A5562B,In Transit,2025-06-26
1072,O501071,Express,BEAD8983,Pending,2025-06-13
1073,O501072,Express,C2749A4B,In Transit,2025-06-09
1074,O501073,Overnight,0B7B93DF,Cancelled,2025-06-18
1075,O501074,Overnight,716D4981,In Transit,2025-06-18
1076,O501075,Overnight,3C47A967,Cancelled,2025-06-22
1077,O501076,Express,79AC8A77,Delivered,2025-06-10
1078,O501077,Overnight,BFD72E58,Pending,2025-06-24
1079,O501078,Overnight,B9D581B7,Delivered,2025-07-01
1080,O501079,Two-Day,F12A6258,Delivered,2025-07-06
1081,O501080,Standard,DF48DB48,In Transit,2025-07-08
1082,O501081,Overnight,DE738C41,Cancelled,2025-06-17
1083,O501082,Overnight,FCC8B21F,Delivered,2025-06-10
1084,O501083,Standard,77FA7B4D,Delivered,2025-07-05
1085,O501084,Express,76B4F94C,In Transit,2025-07-08
1086,O501085,Two-Day,E7E6BEE1,Pending,2025-06-14
1087,O501086,Standard,28C21EE5,In Transit,2025-06-22
1088,O501087,Express,7489E4A5,Delivered,2025-06-20
1089,O501088,Overnight,2932DD86,In Transit,2025-07-03
1090,O501089,Express,B15EC247,Cancelled,2025-07-05
1091,O501090,Two-Day,30028F82,Shipped,2025-07-04
1092,O501091,Overnight,475B6343,Cancelled,2025-06-26
1093,O501092,Express,C0D859BB,Shipped,2025-06-24
1094,O501093,Overnight,D391BD5B,Shipped,2025-06-09
1095,O501094,Two-Day,929D5B3E,Delivered,2025-07-01
1096,O501095,Overnight,484A7F71,Cancelled,2025-07-05
1097,O501096,Overnight,4A6E04AC,Shipped,2025-06-29
1098,O501097,Standard,A56B918C,Delivered,2025-06-22
1099,O501098,Two-Day,30C78FB7,Pending,2025-06-15
1100,O501099,Express,061948EC,Cancelled,2025-06-28
1101,O501100,Two-Day,5A8AAB1E,Pending,2025-06-20
1102,O501101,Standard,4E58C0D2,Delivered,2025-06-18
1103,O501102,Two-Day,2FE3C1FC,Delivered,2025-06-10
1104,O501103,Express,D3894B94,Shipped,2025-06-09
1105,O501104,Standard,3B72CF19,Shipped,2025-07-05
1106,O501105,Standard,E5564B9A,Cancelled,2025-06-30
1107,O501106,Overnight,5EBE63B5,Pending,2025-06-16
1108,O501107,Express,27C2FF6D,Pending,2025-06-09
1109,O501108,Two-Day,50D3EBE0,Pending,2025-06-13
1110,O501109,Express,F4F14486,Pending,2025-06-17
1111,O501110,Standard,0E215150,Cancelled,2025-06-26
1112,O501111,Overnight,5FE358D4,Shipped,2025-06-30
1113,O501112,Overnight,29F74302,Pending,2025-07-09
1114,O501113,Two-Day,1094B612,In Transit,2025-06-18
1115,O501114,Express,BD3EC3C5,In Transit,2025-06-23
1116,O501115,Overnight,9FDC7264,In Transit,2025-06-19
1117,O501116,Overnight,F2639E48,Shipped,2025-06-19
1118,O501117,Overnight,19EB63E9,Pending,2025-07-02
1119,O501118,Overnight,B7EC44E3,Delivered,2025-06-10
1120,O501119,Express,59302008,Pending,2025-06-29
1121,O501120,Overnight,B6AF4F5C,In Transit,2025-06-20
1122,O501121,Two-Day,E9DD3DB2,Delivered,2025-06-29
1123,O501122,Overnight,25DA8E09,Pending,2025-07-04
1124,O501123,Standard,A6A03672,Delivered,2025-07-04
1125,O501124,Overnight,E5D58257,In Transit,2025-07-04
1126,O501125,Two-Day,7BDFCD23,Shipped,2025-07-08
1127,O501126,Two-Day,ED5D40ED,Pending,2025-07-03
1128,O501127,Express,78F95C92,Pending,2025-07-04
1129,O501128,Two-Day,09FC387E,Delivered,2025-06-19
1130,O501129,Two-Day,2833E1DB,In Transit,2025-06-23
1131,O501130,Express,56672A73,Pending,2025-06-15
1132,O501131,Two-Day,746FE6A4,Shipped,2025-06-18
1133,O501132,Overnight,A342D9BC,Cancelled,2025-06-16
1134,O501133,Standard,6.85E+12,Cancelled,2025-06-22
1135,O501134,Express,6E3174E1,Pending,2025-07-06
1136,O501135,Overnight,126A0262,Pending,2025-06-10
1137,O501136,Overnight,93B3A65F,Shipped,2025-06-29
1138,O501137,Express,4F7D6CA3,Cancelled,2025-06-16
1139,O501138,Standard,7F265937,Pending,2025-06-14
1140,O501139,Overnight,0615FFE2,In Transit,2025-07-05
1141,O501140,Overnight,9F86C0E1,Pending,2025-06-11
1142,O501141,Standard,CD79CFA2,Shipped,2025-06-10
1143,O501142,Express,721FA23D,Delivered,2025-07-07
1144,O501143,Two-Day,A60CDE0B,Cancelled,2025-06-13
1145,O501144,Overnight,938B63C2,Pending,2025-06-11
1146,O501145,Two-Day,A32089B1,Pending,2025-06-23
1147,O501146,Express,AFB4FBF4,Shipped,2025-06-09
1148,O501147,Overnight,1FF876E9,Shipped,2025-06-22
1149,O501148,Overnight,7436A6A8,Cancelled,2025-07-06
1150,O501149,Two-Day,FD516A3A,Delivered,2025-06-17
1151,O501150,Two-Day,4E2FE5AB,Cancelled,2025-06-30
1152,O501151,Express,47D00475,Pending,2025-07-07
1153,O501152,Standard,799B95BA,Cancelled,2025-07-02
1154,O501153,Two-Day,55667998,In Transit,2025-06-27
1155,O501154,Two-Day,7BC233F1,In Transit,2025-07-08
1156,O501155,Two-Day,47BD64C5,Cancelled,2025-07-03
1157,O501156,Two-Day,B00F417C,In Transit,2025-07-04
1158,O501157,Two-Day,AB298A49,In Transit,2025-06-15
1159,O501158,Two-Day,46F71C3F,Pending,2025-06-16
1160,O501159,Express,A02EA6FC,Pending,2025-07-02
1161,O501160,Overnight,25311A3F,In Transit,2025-06-12
1162,O501161,Standard,3599806D,In Transit,2025-07-08
1163,O501162,Two-Day,CB8E5173,Pending,2025-07-01
1164,O501163,Express,FA3F2B6D,Pending,2025-07-05
1165,O501164,Overnight,076662F9,Delivered,2025-06-15
1166,O501165,Two-Day,768DD552,In Transit,2025-06-19
1167,O501166,Two-Day,5EA0DE10,Pending,2025-06-29
1168,O501167,Express,3E9B387D,Shipped,2025-06-14
1169,O501168,Express,47F3106C,Pending,2025-06-14
1170,O501169,Overnight,562060C6,Cancelled,2025-06-13
1171,O501170,Express,8D323E5F,Cancelled,2025-07-07
1172,O501171,Two-Day,3807915E,Pending,2025-07-08
1173,O501172,Express,FA8C8218,Pending,2025-06-29
1174,O501173,Overnight,DE1815B5,Cancelled,2025-06-09
1175,O501174,Standard,B3ED1115,Delivered,2025-06-14
1176,O501175,Overnight,33662B2C,Delivered,2025-06-10
1177,O501176,Express,B520EC19,Shipped,2025-07-01
1178,O501177,Two-Day,535A4AE3,Delivered,2025-06-23
1179,O501178,Overnight,7AA3CBE4,In Transit,2025-06-26
1180,O501179,Express,F6F7BB09,Cancelled,2025-06-16
1181,O501180,Two-Day,A6AD4691,Delivered,2025-06-18
1182,O501181,Express,A124929C,Shipped,2025-06-22
1183,O501182,Express,CAE2F8BB,Shipped,2025-07-07
1184,O501183,Overnight,F8A03C83,Delivered,2025-06-18
1185,O501184,Overnight,CD87A86C,Pending,2025-06-25
1186,O501185,Express,27257261,Cancelled,2025-06-25
1187,O501186,Two-Day,9D876C3A,Cancelled,2025-07-02
1188,O501187,Express,02E9CA72,Cancelled,2025-06-12
1189,O501188,Overnight,321616C8,Shipped,2025-06-14
1190,O501189,Standard,58472FE9,Cancelled,2025-07-01
1191,O501190,Overnight,151879C2,Delivered,2025-06-15
1192,O501191,Two-Day,BAA8013F,Delivered,2025-06-16
1193,O501192,Overnight,4319F59F,Pending,2025-06-28
1194,O501193,Express,D8FC5ACE,In Transit,2025-06-20
1195,O501194,Express,B84E5503,Delivered,2025-06-27
1196,O501195,Overnight,5D1197AA,Cancelled,2025-06-20
1197,O501196,Standard,DC1CB0EE,In Transit,2025-06-26
1198,O501197,Two-Day,C09AE596,Pending,2025-06-20
1199,O501198,Two-Day,89E56AB7,Delivered,2025-06-11
1200,O501199,Express,36212B75,In Transit,2025-07-03
1201,O501200,Two-Day,98CE52F8,Cancelled,2025-06-25
1202,O501201,Express,743A15DD,Pending,2025-06-29
1203,O501202,Standard,BD9C29BD,In Transit,2025-07-06
1204,O501203,Express,B58C3B69,Pending,2025-06-29
1205,O501204,Express,B6840299,Cancelled,2025-06-16
1206,O501205,Express,1661C439,Shipped,2025-06-19
1207,O501206,Express,3CE7E493,Pending,2025-06-12
1208,O501207,Overnight,0B4BD57F,Pending,2025-06-20
1209,O501208,Overnight,35CF9D9E,Shipped,2025-06-23
1210,O501209,Standard,C0B32F29,Cancelled,2025-06-29
1211,O501210,Overnight,8EC3973C,Cancelled,2025-07-01
1212,O501211,Overnight,41BE25E0,Delivered,2025-06-23
1213,O501212,Overnight,4C15308E,Delivered,2025-07-02
1214,O501213,Standard,8F023A43,In Transit,2025-06-12
1215,O501214,Two-Day,3F1EF135,Delivered,2025-06-16
1216,O501215,Standard,5D54D968,Shipped,2025-06-20
1217,O501216,Two-Day,49CBBB56,Delivered,2025-06-10
1218,O501217,Overnight,D62A600F,Pending,2025-06-27
1219,O501218,Express,631E1DF2,Cancelled,2025-07-06
1220,O501219,Two-Day,3687958F,Delivered,2025-06-10
1221,O501220,Two-Day,DC8FD198,Cancelled,2025-07-05
1222,O501221,Express,DF110CA9,Cancelled,2025-06-14
1223,O501222,Overnight,794F811F,In Transit,2025-06-11
1224,O501223,Overnight,014F9BB1,In Transit,2025-06-10
1225,O501224,Express,5741AFC7,Shipped,2025-07-06
1226,O501225,Standard,1A60DD1F,Shipped,2025-06-11
1227,O501226,Express,E223D261,Pending,2025-07-07
1228,O501227,Overnight,CAFFCC99,Shipped,2025-06-25
1229,O501228,Express,638F57DE,In Transit,2025-06-30
1230,O501229,Overnight,0E53C890,Delivered,2025-06-14
1231,O501230,Two-Day,5B70B43C,Delivered,2025-07-08
1232,O501231,Two-Day,440029CB,Delivered,2025-06-21
1233,O501232,Overnight,8111FE00,Delivered,2025-06-26
1234,O501233,Express,6D112B7B,Delivered,2025-07-04
1235,O501234,Standard,A60AF516,Delivered,2025-06-13
1236,O501235,Overnight,0F4838E9,Cancelled,2025-07-08
1237,O501236,Standard,F79243C4,In Transit,2025-07-07
1238,O501237,Two-Day,19A3D34F,Delivered,2025-06-30
1239,O501238,Two-Day,2CF97C5F,Pending,2025-07-07
1240,O501239,Overnight,3AA34237,Delivered,2025-07-02
1241,O501240,Standard,9E54544B,Delivered,2025-06-14
1242,O501241,Standard,78723F01,Delivered,2025-06-15
1243,O501242,Express,887C49CC,Delivered,2025-07-09
1244,O501243,Two-Day,DA995633,Pending,2025-06-18
1245,O501244,Overnight,B8CDAB27,Shipped,2025-06-15
1246,O501245,Two-Day,7E266D34,Delivered,2025-07-02
1247,O501246,Standard,502CBE08,Cancelled,2025-06-18
1248,O501247,Two-Day,B8060F9B,Pending,2025-07-02
1249,O501248,Express,72C97E76,In Transit,2025-06-25
1250,O501249,Overnight,CD02D70A,Cancelled,2025-07-07
1251,O501250,Two-Day,92D5FFDC,Shipped,2025-07-08
1252,O501251,Standard,4D2B6CFC,Cancelled,2025-06-16
1253,O501252,Overnight,303B1130,Pending,2025-06-16
1254,O501253,Express,1E54E896,Cancelled,2025-07-09
1255,O501254,Express,50F74503,Shipped,2025-06-17
1256,O501255,Two-Day,9AC97870,Delivered,2025-06-30
1257,O501256,Standard,916ED7B4,Cancelled,2025-06-11
1258,O501257,Two-Day,BF530366,Pending,2025-06-27
1259,O501258,Standard,53681C24,In Transit,2025-06-13
1260,O501259,Two-Day,E81F0CDC,In Transit,2025-06-17
1261,O501260,Express,70F8174C,Shipped,2025-06-12
1262,O501261,Express,C0C561D9,Shipped,2025-06-20
1263,O501262,Express,09AE47BE,Pending,2025-06-29
1264,O501263,Overnight,2BDC7B21,Shipped,2025-06-27
1265,O501264,Two-Day,02CDF766,Shipped,2025-06-23
1266,O501265,Express,B568AC48,Cancelled,2025-07-04
1267,O501266,Express,6D2E2A79,Delivered,2025-06-27
1268,O501267,Overnight,F7A5CDBF,Pending,2025-07-07
1269,O501268,Two-Day,E111D43B,In Transit,2025-06-17
1270,O501269,Standard,3834BFF3,In Transit,2025-07-09
1271,O501270,Overnight,41F6D867,Shipped,2025-06-22
1272,O501271,Express,8CBE584A,In Transit,2025-06-20
1273,O501272,Standard,E5A4830E,Delivered,2025-06-25
1274,O501273,Overnight,2B12F7B5,Delivered,2025-06-29
1275,O501274,Two-Day,11E1F8DA,Shipped,2025-06-18
1276,O501275,Express,D241DB39,In Transit,2025-06-29
1277,O501276,Two-Day,64F13DD0,Pending,2025-06-24
1278,O501277,Express,92E94C2F,Shipped,2025-06-12
1279,O501278,Overnight,A6E30E88,Pending,2025-07-07
1280,O501279,Overnight,7E8A0E66,Cancelled,2025-07-09
1281,O501280,Overnight,E9FA5411,Cancelled,2025-06-11
1282,O501281,Overnight,082BF3FC,Pending,2025-07-08
1283,O501282,Express,FE3A0030,Delivered,2025-06-23
1284,O501283,Overnight,58CC3E9B,Cancelled,2025-06-16
1285,O501284,Express,11941BC5,In Transit,2025-06-17
1286,O501285,Two-Day,F8C04349,Shipped,2025-07-05
1287,O501286,Two-Day,A8BAAA53,In Transit,2025-07-03
1288,O501287,Two-Day,A0547933,Pending,2025-06-23
1289,O501288,Two-Day,00928CBD,Cancelled,2025-07-06
1290,O501289,Two-Day,D859FF57,In Transit,2025-07-07
1291,O501290,Two-Day,45551696,Delivered,2025-06-28
1292,O501291,Overnight,6CF60376,In Transit,2025-06-30
1293,O501292,Overnight,F8F3BCF5,Cancelled,2025-06-27
1294,O501293,Standard,D3D99ACA,Shipped,2025-07-05
1295,O501294,Standard,AC692C2F,Pending,2025-07-09
1296,O501295,Standard,A8127432,Shipped,2025-06-18
1297,O501296,Standard,A5153F6B,Shipped,2025-06-17
1298,O501297,Express,B3B3C4EA,In Transit,2025-06-13
1299,O501298,Standard,5F36D24D,Delivered,2025-07-05
1300,O501299,Express,D465E6FE,Shipped,2025-06-30
1301,O501300,Express,EF3C6895,Pending,2025-07-04
1302,O501301,Overnight,E92BF18C,In Transit,2025-07-08
1303,O501302,Express,76655D0F,Cancelled,2025-06-15
1304,O501303,Express,AF0EF214,Delivered,2025-06-19
1305,O501304,Two-Day,CF06FABF,Cancelled,2025-06-11
1306,O501305,Standard,CF4E1CC1,Pending,2025-06-25
1307,O501306,Express,4CAF2493,Delivered,2025-06-19
1308,O501307,Standard,EBB27657,Delivered,2025-06-21
1309,O501308,Overnight,1A7D3946,Cancelled,2025-06-21
1310,O501309,Standard,E520FE93,Pending,2025-06-22
1311,O501310,Two-Day,43E1B0D5,Delivered,2025-06-18
1312,O501311,Two-Day,B9C534CE,In Transit,2025-07-09
1313,O501312,Standard,BA7F65DC,Delivered,2025-06-25
1314,O501313,Express,E4D136F0,Shipped,2025-06-24
1315,O501314,Express,402AB651,In Transit,2025-06-14
1316,O501315,Standard,ADD36EF5,Pending,2025-06-22
1317,O501316,Express,96683395,Delivered,2025-06-09
1318,O501317,Standard,87827683,Delivered,2025-06-21
1319,O501318,Overnight,43687BF2,Pending,2025-06-23
1320,O501319,Two-Day,3DE27F03,Pending,2025-06-19
1321,O501320,Express,19CDD612,In Transit,2025-07-01
1322,O501321,Two-Day,7179261D,Cancelled,2025-06-23
1323,O501322,Overnight,F0F61603,Delivered,2025-07-01
1324,O501323,Overnight,9ABCE6C5,Delivered,2025-07-03
1325,O501324,Overnight,6C015BCD,Delivered,2025-06-19
1326,O501325,Standard,9E889ED1,In Transit,2025-06-17
1327,O501326,Two-Day,6894FB95,Shipped,2025-06-26
1328,O501327,Two-Day,25E4A87C,Shipped,2025-07-05
1329,O501328,Overnight,086BFB4C,Delivered,2025-07-07
1330,O501329,Overnight,D105CC57,Pending,2025-07-02
1331,O501330,Two-Day,2B2F4AD7,Delivered,2025-06-29
1332,O501331,Standard,F4A24E64,In Transit,2025-06-09
1333,O501332,Express,5879DED6,Cancelled,2025-06-22
1334,O501333,Two-Day,B390005C,Delivered,2025-06-11
1335,O501334,Two-Day,D2DAF8C6,Pending,2025-07-06
1336,O501335,Two-Day,4CAAA5CA,Shipped,2025-06-22
1337,O501336,Standard,5428B97B,Pending,2025-07-03
1338,O501337,Overnight,3D02C3D3,Pending,2025-06-13
1339,O501338,Overnight,6BA3F64C,Shipped,2025-07-01
1340,O501339,Express,9D43BE8D,Delivered,2025-06-14
1341,O501340,Standard,8F04C571,Shipped,2025-07-03
1342,O501341,Express,A9317CF1,Cancelled,2025-06-26
1343,O501342,Two-Day,760ED021,In Transit,2025-06-25
1344,O501343,Overnight,9C5636C4,Pending,2025-06-16
1345,O501344,Express,2B92EA37,In Transit,2025-06-17
1346,O501345,Express,D0BB3B35,Cancelled,2025-06-22
1347,O501346,Express,92DE1708,Shipped,2025-07-06
1348,O501347,Standard,FBA92C54,Pending,2025-06-30
1349,O501348,Standard,CFAD262F,In Transit,2025-07-02
1350,O501349,Two-Day,8DF71E8A,Shipped,2025-06-21
1351,O501350,Express,C1133ECE,Shipped,2025-06-10
1352,O501351,Two-Day,5AE5D1DD,Cancelled,2025-06-12
1353,O501352,Overnight,9642F469,In Transit,2025-06-30
1354,O501353,Express,8E03AC36,In Transit,2025-07-02
1355,O501354,Standard,B49A1A05,In Transit,2025-06-10
1356,O501355,Two-Day,2BA36F90,Shipped,2025-06-25
1357,O501356,Express,FA6C6409,In Transit,2025-06-21
1358,O501357,Standard,1F38D23D,Delivered,2025-06-25
1359,O501358,Overnight,4C45434A,Cancelled,2025-06-15
1360,O501359,Standard,88E36A67,Delivered,2025-06-14
1361,O501360,Overnight,92EF52BA,Delivered,2025-06-18
1362,O501361,Overnight,8619538B,Cancelled,2025-06-30
1363,O501362,Express,786897B7,Cancelled,2025-06-17
1364,O501363,Two-Day,C97519C1,Delivered,2025-06-26
1365,O501364,Two-Day,DB3112E8,Delivered,2025-06-25
1366,O501365,Overnight,EB8CC208,Cancelled,2025-06-26
1367,O501366,Two-Day,3421A0BE,Cancelled,2025-06-17
1368,O501367,Standard,041504F4,Pending,2025-07-08
1369,O501368,Standard,47FA2DBB,Delivered,2025-07-09
1370,O501369,Standard,AA84FC27,Cancelled,2025-06-14
1371,O501370,Standard,CC606603,In Transit,2025-06-18
1372,O501371,Express,54997963,Pending,2025-06-30
1373,O501372,Overnight,B63DA158,Shipped,2025-07-03
1374,O501373,Express,710B55A0,Pending,2025-07-03
1375,O501374,Two-Day,6E72287F,In Transit,2025-06-25
1376,O501375,Standard,B723227F,Delivered,2025-06-28
1377,O501376,Express,269D6CD2,Shipped,2025-06-20
1378,O501377,Two-Day,CF0B0357,Shipped,2025-07-07
1379,O501378,Express,E7513320,Shipped,2025-06-12
1380,O501379,Express,7C4BADCA,Cancelled,2025-06-25
1381,O501380,Overnight,186FFCF5,In Transit,2025-06-18
1382,O501381,Two-Day,D46552FC,Delivered,2025-06-11
1383,O501382,Standard,67AF89D9,Pending,2025-07-09
1384,O501383,Express,A32956BC,In Transit,2025-07-08
1385,O501384,Express,2F2ED13A,Pending,2025-06-22
1386,O501385,Two-Day,EFDD04A4,Delivered,2025-06-23
1387,O501386,Express,357361BF,Cancelled,2025-06-30
1388,O501387,Express,E7A51C9E,Pending,2025-07-04
1389,O501388,Overnight,DD0992DB,Delivered,2025-06-28
1390,O501389,Overnight,4ECCE57C,In Transit,2025-06-21
1391,O501390,Overnight,44218FD1,Shipped,2025-06-16
1392,O501391,Express,C2D27DF2,Delivered,2025-06-26
1393,O501392,Express,D2C037CA,In Transit,2025-06-13
1394,O501393,Overnight,8A5F36E4,In Transit,2025-06-11
1395,O501394,Standard,D9B7B044,Pending,2025-07-02
1396,O501395,Express,CB20641E,Pending,2025-06-20
1397,O501396,Overnight,FE4EC590,In Transit,2025-07-03
1398,O501397,Express,14663DD2,Delivered,2025-07-06
1399,O501398,Express,9992519B,Pending,2025-06-10
1400,O501399,Express,BE225EEB,Cancelled,2025-06-15
1401,O501400,Standard,CC8F9BDB,Cancelled,2025-07-08
1402,O501401,Express,3C640869,Cancelled,2025-07-01
1403,O501402,Express,EFEF40E4,Shipped,2025-06-23
1404,O501403,Overnight,A8534430,In Transit,2025-07-02
1405,O501404,Express,A81F247E,Pending,2025-06-24
1406,O501405,Two-Day,A9D5CE09,Shipped,2025-07-08
1407,O501406,Overnight,CA4132F9,Pending,2025-07-04
1408,O501407,Overnight,49070D1F,Cancelled,2025-06-17
1409,O501408,Standard,3627C368,Shipped,2025-06-12
1410,O501409,Standard,6B830FE3,Delivered,2025-07-09
1411,O501410,Express,C3607A2F,Shipped,2025-06-26
1412,O501411,Express,9697DFEE,Delivered,2025-06-15
1413,O501412,Overnight,3EA2B433,Shipped,2025-07-01
1414,O501413,Two-Day,C071F1CA,In Transit,2025-07-03
1415,O501414,Standard,97C61D70,Pending,2025-06-27
1416,O501415,Overnight,3ED141B0,Pending,2025-06-16
1417,O501416,Two-Day,A6898E5A,Delivered,2025-07-07
1418,O501417,Two-Day,7D7AB6EB,Shipped,2025-06-22
1419,O501418,Overnight,B9AE9744,Shipped,2025-06-28
1420,O501419,Overnight,F0FED9AB,Cancelled,2025-06-19
1421,O501420,Standard,8DADD56E,Shipped,2025-06-11
1422,O501421,Overnight,EEF8CB86,Cancelled,2025-07-07
1423,O501422,Overnight,A48AB6A6,Cancelled,2025-06-28
1424,O501423,Standard,498E6BBD,In Transit,2025-06-10
1425,O501424,Overnight,FF382FBA,Delivered,2025-06-26
1426,O501425,Standard,47A026D3,Cancelled,2025-06-28
1427,O501426,Overnight,F30A600F,Cancelled,2025-07-02
1428,O501427,Two-Day,C4BC2ABA,Shipped,2025-06-26
1429,O501428,Standard,9A36479F,Delivered,2025-06-24
1430,O501429,Overnight,F43F1C8B,Shipped,2025-06-09
1431,O501430,Two-Day,C1A59E1F,Shipped,2025-06-19
1432,O501431,Standard,90E57890,Delivered,2025-06-10
1433,O501432,Two-Day,EAA672ED,Delivered,2025-07-02
1434,O501433,Overnight,4A7296F1,Cancelled,2025-07-08
1435,O501434,Standard,70C2190A,Shipped,2025-06-18
1436,O501435,Standard,830B792D,Cancelled,2025-06-15
1437,O501436,Two-Day,25390D20,Pending,2025-07-02
1438,O501437,Two-Day,7A23745D,Cancelled,2025-06-24
1439,O501438,Express,4AF98AF3,Pending,2025-06-22
1440,O501439,Express,27AEA8D7,In Transit,2025-06-27
1441,O501440,Standard,1A6B45E7,Delivered,2025-06-30
1442,O501441,Overnight,8C5DB586,Shipped,2025-07-04
1443,O501442,Express,420C914E,Cancelled,2025-06-19
1444,O501443,Two-Day,A3ECBCB8,Pending,2025-06-15
1445,O501444,Express,6831C5F5,Cancelled,2025-06-13
1446,O501445,Express,D66D92AD,Shipped,2025-06-11
1447,O501446,Overnight,312D9B99,Cancelled,2025-06-29
1448,O501447,Express,4EB05BD3,In Transit,2025-06-17
1449,O501448,Standard,53041BCA,In Transit,2025-06-10
1450,O501449,Standard,F5BC39AE,Pending,2025-07-04
1451,O501450,Standard,EC920165,Pending,2025-06-18
1452,O501451,Overnight,9236A096,Cancelled,2025-06-30
1453,O501452,Two-Day,EB19B868,Pending,2025-06-19
1454,O501453,Standard,0308226B,Shipped,2025-06-29
1455,O501454,Two-Day,7B5BF918,In Transit,2025-06-25
1456,O501455,Two-Day,B283A79C,In Transit,2025-07-06
1457,O501456,Overnight,5D1BE63E,Shipped,2025-07-08
1458,O501457,Two-Day,847BC9C5,Delivered,2025-06-30
1459,O501458,Express,0A345EAA,Pending,2025-06-09
1460,O501459,Standard,B78364F1,In Transit,2025-06-19
1461,O501460,Express,96EBD656,Shipped,2025-06-22
1462,O501461,Two-Day,8D224D8C,Cancelled,2025-06-15
1463,O501462,Overnight,AE28AF5E,Cancelled,2025-06-30
1464,O501463,Overnight,DAF0564F,Delivered,2025-07-01
1465,O501464,Overnight,AFB3393F,In Transit,2025-06-24
1466,O501465,Standard,34924558,In Transit,2025-06-16
1467,O501466,Express,68036216,Shipped,2025-07-08
1468,O501467,Overnight,8FAC79A1,Shipped,2025-07-02
1469,O501468,Overnight,9993F88B,Delivered,2025-07-04
1470,O501469,Overnight,33E3DA1D,Shipped,2025-06-30
1471,O501470,Overnight,E9D043B5,In Transit,2025-06-11
1472,O501471,Standard,74905B38,Pending,2025-06-15
1473,O501472,Two-Day,AE018086,Pending,2025-07-05
1474,O501473,Overnight,009373D1,In Transit,2025-06-18
1475,O501474,Two-Day,E520FD54,Cancelled,2025-06-15
1476,O501475,Standard,29F4F703,Cancelled,2025-07-02
1477,O501476,Overnight,8FBC0985,Delivered,2025-06-25
1478,O501477,Express,1A3C98E0,Shipped,2025-06-13
1479,O501478,Two-Day,59F08EA9,In Transit,2025-07-06
1480,O501479,Two-Day,8F4C870B,Shipped,2025-06-28
1481,O501480,Overnight,794EBC16,In Transit,2025-07-08
1482,O501481,Overnight,D5905C61,In Transit,2025-06-13
1483,O501482,Express,33138F61,Pending,2025-06-24
1484,O501483,Express,38BDB98D,Delivered,2025-06-22
1485,O501484,Standard,DFFA3BB9,In Transit,2025-07-09
1486,O501485,Overnight,50206111,Cancelled,2025-06-16
1487,O501486,Standard,7DB14268,Pending,2025-06-13
1488,O501487,Two-Day,98390A53,Delivered,2025-06-15
1489,O501488,Overnight,30FD115C,Shipped,2025-07-02
1490,O501489,Two-Day,4A179B6F,Pending,2025-07-03
1491,O501490,Standard,72FCA2B3,Pending,2025-06-27
1492,O501491,Overnight,249514C9,Shipped,2025-07-09
1493,O501492,Overnight,28A015BC,Pending,2025-06-29
1494,O501493,Express,DCE4C454,Cancelled,2025-07-04
1495,O501494,Overnight,84A583E3,Shipped,2025-07-08
1496,O501495,Standard,B97241BC,In Transit,2025-06-20
1497,O501496,Overnight,25B57E12,Shipped,2025-06-30
1498,O501497,Two-Day,BDC97465,Delivered,2025-07-05
1499,O501498,Overnight,CE2500E6,Pending,2025-07-05
1500,O501499,Two-Day,25D401B0,In Transit,2025-07-04
1501,O501500,Express,6BDB7C4D,Cancelled,2025-07-07
1502,O501501,Standard,F7389A00,Cancelled,2025-07-04
1503,O501502,Express,40EBA222,Shipped,2025-06-30
1504,O501503,Express,74408232,Shipped,2025-07-07
1505,O501504,Overnight,B23AE14B,In Transit,2025-06-22
1506,O501505,Express,45A7ABFE,Shipped,2025-06-17
1507,O501506,Express,FCDD9E3F,Shipped,2025-06-30
1508,O501507,Standard,C61B2A64,Delivered,2025-06-14
1509,O501508,Standard,3FA23C1D,Delivered,2025-06-18
1510,O501509,Overnight,8123A16D,Shipped,2025-07-06
1511,O501510,Overnight,0E1DA923,Shipped,2025-06-18
1512,O501511,Overnight,8305252,In Transit,2025-06-14
1513,O501512,Express,39F8956E,In Transit,2025-06-17
1514,O501513,Express,5D15026A,Cancelled,2025-06-10
1515,O501514,Overnight,7BD62106,In Transit,2025-06-12
1516,O501515,Express,0B3F9A51,Cancelled,2025-06-21
1517,O501516,Overnight,EBD42199,Shipped,2025-07-04
1518,O501517,Standard,E03E23D3,Pending,2025-07-08
1519,O501518,Overnight,4223DD34,Cancelled,2025-06-16
1520,O501519,Express,816AB2AA,Cancelled,2025-06-10
1521,O501520,Express,6C69E573,Cancelled,2025-06-26
1522,O501521,Two-Day,F6786E81,Shipped,2025-06-26
1523,O501522,Overnight,A0CC53F4,In Transit,2025-06-19
1524,O501523,Two-Day,8246E1DA,Cancelled,2025-06-27
1525,O501524,Express,36FD3CDE,Cancelled,2025-06-25
1526,O501525,Overnight,BA167E88,Shipped,2025-06-20
1527,O501526,Overnight,B356CA91,Delivered,2025-06-16
1528,O501527,Two-Day,2AC132BA,Delivered,2025-06-23
1529,O501528,Overnight,3ECEFBD8,In Transit,2025-07-04
1530,O501529,Express,E5CCBA7F,In Transit,2025-07-02
1531,O501530,Two-Day,47E6C455,Delivered,2025-06-27
1532,O501531,Express,89F480F7,Pending,2025-06-09
1533,O501532,Two-Day,6BCB3B8B,Delivered,2025-06-09
1534,O501533,Two-Day,80130AED,In Transit,2025-06-22
1535,O501534,Overnight,DEC77DE9,Cancelled,2025-06-14
1536,O501535,Standard,6E2375E5,Pending,2025-06-27
1537,O501536,Standard,7A912C21,Delivered,2025-06-30
1538,O501537,Overnight,0004E28E,Shipped,2025-07-04
1539,O501538,Express,CB4F4F21,Delivered,2025-07-03
1540,O501539,Two-Day,9CD9348A,Pending,2025-06-27
1541,O501540,Two-Day,3023AEA5,Delivered,2025-07-02
1542,O501541,Express,B34127BA,Pending,2025-06-27
1543,O501542,Standard,D8026FE4,Cancelled,2025-06-19
1544,O501543,Express,9B5F92DE,Pending,2025-06-19
1545,O501544,Two-Day,E90CD718,Shipped,2025-06-23
1546,O501545,Express,F60A0426,Cancelled,2025-07-03
1547,O501546,Two-Day,8762AF19,Delivered,2025-06-18
1548,O501547,Overnight,23CE4F8A,Shipped,2025-06-09
1549,O501548,Express,73B12C02,Delivered,2025-06-12
1550,O501549,Two-Day,6B01C79C,Pending,2025-06-28
1551,O501550,Express,669D157B,Cancelled,2025-06-09
1552,O501551,Two-Day,DCCF417D,Delivered,2025-06-11
1553,O501552,Overnight,08ADAAE8,Pending,2025-07-08
1554,O501553,Standard,8DB9723D,Cancelled,2025-07-08
1555,O501554,Express,99FC867F,In Transit,2025-06-15
1556,O501555,Standard,5E56602B,Delivered,2025-06-14
1557,O501556,Two-Day,C74A450C,In Transit,2025-06-09
1558,O501557,Overnight,4F12D9FA,Cancelled,2025-06-29
1559,O501558,Express,B9956607,In Transit,2025-07-06
1560,O501559,Standard,84FB8CE9,Pending,2025-07-07
1561,O501560,Two-Day,F649289C,Delivered,2025-06-15
1562,O501561,Two-Day,8042D945,Cancelled,2025-06-27
1563,O501562,Overnight,499DC801,Pending,2025-06-19
1564,O501563,Standard,B4AB51E8,Cancelled,2025-07-02
1565,O501564,Express,7772F58F,Pending,2025-07-05
1566,O501565,Express,E2325582,Delivered,2025-06-16
1567,O501566,Express,98EB3C68,In Transit,2025-06-26
1568,O501567,Express,58F8799F,Shipped,2025-06-12
1569,O501568,Two-Day,9EDF1F97,Cancelled,2025-06-15
1570,O501569,Standard,649FEA62,Shipped,2025-07-04
1571,O501570,Overnight,C1A74D10,In Transit,2025-06-17
1572,O501571,Express,8D024E1F,In Transit,2025-06-13
1573,O501572,Two-Day,39A85ED3,Pending,2025-06-13
1574,O501573,Standard,497CA54C,In Transit,2025-06-14
1575,O501574,Express,4C0D33E2,Cancelled,2025-06-18
1576,O501575,Overnight,71CD2157,Delivered,2025-06-12
1577,O501576,Standard,9C6DF94B,Cancelled,2025-06-15
1578,O501577,Overnight,445CD62D,Pending,2025-07-01
1579,O501578,Two-Day,CF4E5F84,Pending,2025-06-20
1580,O501579,Standard,5977CF87,Shipped,2025-06-19
1581,O501580,Express,BB3538BE,Shipped,2025-06-10
1582,O501581,Two-Day,483D3269,Delivered,2025-06-17
1583,O501582,Standard,35C50A3B,Shipped,2025-06-13
1584,O501583,Express,F9F6A836,Shipped,2025-06-20
1585,O501584,Overnight,CF36D951,In Transit,2025-06-10
1586,O501585,Two-Day,48930797,Delivered,2025-06-09
1587,O501586,Standard,0F7D891B,Pending,2025-07-06
1588,O501587,Two-Day,AF9604CB,Pending,2025-06-22
1589,O501588,Two-Day,A714737A,Delivered,2025-07-01
1590,O501589,Express,682CE6E7,In Transit,2025-07-04
1591,O501590,Standard,BEF61CCA,Cancelled,2025-06-26
1592,O501591,Express,E98760FC,Shipped,2025-06-17
1593,O501592,Two-Day,10656A21,In Transit,2025-06-23
1594,O501593,Two-Day,AF35ADC0,In Transit,2025-07-04
1595,O501594,Overnight,72D22BC7,Pending,2025-06-15
1596,O501595,Overnight,FECB4B8B,Shipped,2025-06-18
1597,O501596,Two-Day,ADBE0DC1,Cancelled,2025-06-25
1598,O501597,Two-Day,87E59230,Shipped,2025-06-27
1599,O501598,Overnight,D2BB68C7,Delivered,2025-06-21
1600,O501599,Two-Day,57A991D9,Shipped,2025-06-17
1601,O501600,Standard,860F94EB,Cancelled,2025-07-03
1602,O501601,Express,F9AF110F,Shipped,2025-06-17
1603,O501602,Two-Day,F7449D99,Shipped,2025-06-11
1604,O501603,Two-Day,8B2F8C3A,In Transit,2025-06-28
1605,O501604,Overnight,9F7EEBC2,In Transit,2025-06-12
1606,O501605,Overnight,0D7A9632,Cancelled,2025-06-28
1607,O501606,Standard,2F6F7649,Delivered,2025-06-15
1608,O501607,Express,01B49D01,Shipped,2025-07-03
1609,O501608,Express,71B4E666,Pending,2025-07-07
1610,O501609,Standard,75DAB82A,Cancelled,2025-07-04
1611,O501610,Standard,AA06DD2A,Shipped,2025-06-15
1612,O501611,Overnight,126A6374,In Transit,2025-07-02
1613,O501612,Two-Day,E0D1000C,Shipped,2025-07-08
1614,O501613,Standard,45C8F17E,In Transit,2025-07-09
1615,O501614,Express,B0756179,Pending,2025-07-06
1616,O501615,Overnight,C034EF08,Delivered,2025-07-08
1617,O501616,Overnight,5E981864,Shipped,2025-06-20
1618,O501617,Overnight,57C69BFD,Delivered,2025-07-05
1619,O501618,Two-Day,021E8D3E,In Transit,2025-06-10
1620,O501619,Overnight,90423746,Shipped,2025-07-01
1621,O501620,Standard,40D581ED,In Transit,2025-06-19
1622,O501621,Overnight,AF263F82,Delivered,2025-06-20
1623,O501622,Overnight,0EC507AF,Cancelled,2025-06-14
1624,O501623,Express,6130778D,Shipped,2025-06-09
1625,O501624,Standard,A8632015,Pending,2025-06-10
1626,O501625,Standard,4C6A583E,Shipped,2025-06-21
1627,O501626,Two-Day,6F393BE3,Cancelled,2025-06-17
1628,O501627,Two-Day,516D62AE,Pending,2025-06-22
1629,O501628,Two-Day,CAB3CBFB,Pending,2025-06-26
1630,O501629,Overnight,5EFC7AE2,Delivered,2025-06-22
1631,O501630,Express,115F6FCF,Cancelled,2025-07-08
1632,O501631,Overnight,6D78544F,In Transit,2025-07-06
1633,O501632,Overnight,D39DD03E,Pending,2025-06-12
1634,O501633,Overnight,BEBB19FB,In Transit,2025-06-30
1635,O501634,Two-Day,257EED75,Pending,2025-07-07
1636,O501635,Two-Day,F34AE3AA,Delivered,2025-06-26
1637,O501636,Two-Day,7229C743,Pending,2025-07-08
1638,O501637,Express,931556DF,Cancelled,2025-06-29
1639,O501638,Two-Day,F8ECD4A8,Pending,2025-07-01
1640,O501639,Express,9D2B3D17,Cancelled,2025-07-06
1641,O501640,Overnight,58555F55,Pending,2025-07-05
1642,O501641,Two-Day,F3E75FEA,Pending,2025-06-17
1643,O501642,Express,1139DBEB,Cancelled,2025-07-03
1644,O501643,Standard,E4975A97,Pending,2025-06-16
1645,O501644,Express,65390E0F,In Transit,2025-06-19
1646,O501645,Express,6979E79F,Cancelled,2025-06-22
1647,O501646,Overnight,F5FA1BAB,In Transit,2025-06-10
1648,O501647,Express,0972060F,Cancelled,2025-07-06
1649,O501648,Two-Day,E58336B2,In Transit,2025-07-06
1650,O501649,Standard,76D0F872,In Transit,2025-07-06
1651,O501650,Two-Day,1EC101A9,Cancelled,2025-06-21
1652,O501651,Standard,1A4AA4B6,Pending,2025-06-25
1653,O501652,Overnight,EE5B578F,In Transit,2025-07-08
1654,O501653,Standard,D0FF7C7A,Cancelled,2025-07-05
1655,O501654,Two-Day,5.61E+05,Cancelled,2025-07-01
1656,O501655,Express,E9678788,Cancelled,2025-06-26
1657,O501656,Express,BA3DA22D,In Transit,2025-06-10
1658,O501657,Standard,3391DFA0,Delivered,2025-07-02
1659,O501658,Two-Day,7FDA1E94,Delivered,2025-07-01
1660,O501659,Express,E4337565,Cancelled,2025-07-01
1661,O501660,Two-Day,FF3C2E36,Delivered,2025-06-09
1662,O501661,Standard,B2AB3E8D,Shipped,2025-06-26
1663,O501662,Two-Day,A3E9926F,Cancelled,2025-06-25
1664,O501663,Overnight,9DAC6006,In Transit,2025-06-22
1665,O501664,Two-Day,0E786AF0,Shipped,2025-06-17
1666,O501665,Overnight,1C9A7D40,Shipped,2025-06-24
1667,O501666,Two-Day,701BBE0A,Cancelled,2025-06-14
1668,O501667,Standard,3E820050,Shipped,2025-07-07
1669,O501668,Overnight,00F5DD06,Delivered,2025-06-15
1670,O501669,Express,D2CF66E2,In Transit,2025-06-09
1671,O501670,Two-Day,44807991,Delivered,2025-06-29
1672,O501671,Express,4BB83676,Delivered,2025-07-04
1673,O501672,Standard,32913D8A,Cancelled,2025-06-20
1674,O501673,Overnight,478A5FD3,Delivered,2025-06-29
1675,O501674,Express,958900B0,Cancelled,2025-06-18
1676,O501675,Standard,1DA9FA18,Pending,2025-07-03
1677,O501676,Express,EFCAC466,Delivered,2025-06-19
1678,O501677,Two-Day,3EDDC07F,Delivered,2025-06-29
1679,O501678,Express,40F655DB,Cancelled,2025-06-22
1680,O501679,Two-Day,60AEC576,Pending,2025-06-21
1681,O501680,Overnight,95A11D81,In Transit,2025-07-04
1682,O501681,Overnight,85667FA7,Delivered,2025-06-19
1683,O501682,Two-Day,1F1F79F4,Shipped,2025-06-23
1684,O501683,Standard,367AB23A,Delivered,2025-06-12
1685,O501684,Express,1216548E,Delivered,2025-06-17
1686,O501685,Standard,060DC63F,Pending,2025-06-26
1687,O501686,Express,7212451C,Pending,2025-06-12
1688,O501687,Overnight,D59871E8,Cancelled,2025-07-09
1689,O501688,Express,9EE11B16,Delivered,2025-07-03
1690,O501689,Express,0E0BB9A8,Cancelled,2025-07-01
1691,O501690,Overnight,184CA3E1,Delivered,2025-07-05
1692,O501691,Express,A2F8A32D,In Transit,2025-07-07
1693,O501692,Two-Day,AC1F00C0,Cancelled,2025-07-06
1694,O501693,Standard,AAAD06C3,Shipped,2025-06-20
1695,O501694,Standard,BAEC8F82,Pending,2025-06-15
1696,O501695,Express,9DD4E11A,Pending,2025-06-14
1697,O501696,Two-Day,70283693,Pending,2025-06-26
1698,O501697,Overnight,6BA6BE23,Shipped,2025-06-23
1699,O501698,Express,835E7E64,Pending,2025-06-28
1700,O501699,Two-Day,1A6622C8,Shipped,2025-06-23
1701,O501700,Overnight,C13DEA3E,Cancelled,2025-07-04
1702,O501701,Two-Day,591CAD4D,Delivered,2025-07-07
1703,O501702,Overnight,BA76772C,Shipped,2025-06-16
1704,O501703,Express,1AF54F0B,Shipped,2025-06-16
1705,O501704,Express,CAC9F83D,Pending,2025-06-22
1706,O501705,Standard,4812B992,In Transit,2025-06-26
1707,O501706,Standard,F1AD0A72,Cancelled,2025-06-24
1708,O501707,Two-Day,EF6A17FF,In Transit,2025-06-29
1709,O501708,Two-Day,0D79C1C6,Delivered,2025-07-03
1710,O501709,Two-Day,0ED3D2C7,Delivered,2025-06-11
1711,O501710,Two-Day,529DDCC1,Shipped,2025-06-17
1712,O501711,Express,9FB42674,In Transit,2025-06-15
1713,O501712,Overnight,DB4E6DD4,Pending,2025-06-17
1714,O501713,Overnight,4DC959F4,Pending,2025-07-08
1715,O501714,Two-Day,16E2463E,Shipped,2025-06-21
1716,O501715,Overnight,E14A8AEE,Delivered,2025-06-26
1717,O501716,Two-Day,DAA4AAE7,Pending,2025-06-22
1718,O501717,Standard,21422BF3,In Transit,2025-06-10
1719,O501718,Overnight,2B420FE6,Cancelled,2025-07-02
1720,O501719,Express,C59C48B8,Shipped,2025-06-21
1721,O501720,Two-Day,D2EBC7CE,Pending,2025-07-01
1722,O501721,Express,F7E62EEE,Cancelled,2025-06-21
1723,O501722,Overnight,C2DBFC21,Delivered,2025-07-08
1724,O501723,Overnight,7C07787E,In Transit,2025-07-01
1725,O501724,Two-Day,BF424DF7,Pending,2025-06-29
1726,O501725,Two-Day,ED518115,Delivered,2025-06-19
1727,O501726,Express,740A16CC,Cancelled,2025-07-07
1728,O501727,Express,249888F2,In Transit,2025-06-19
1729,O501728,Overnight,9DC0F1E3,Delivered,2025-06-18
1730,O501729,Standard,BF370D23,Pending,2025-06-17
1731,O501730,Standard,03DF4D1F,Cancelled,2025-06-14
1732,O501731,Express,BD57C886,In Transit,2025-06-20
1733,O501732,Express,A03E2A76,Pending,2025-06-17
1734,O501733,Express,874B69E4,Shipped,2025-06-25
1735,O501734,Express,4A9EBF8E,Cancelled,2025-06-22
1736,O501735,Two-Day,98E9363E,Shipped,2025-06-13
1737,O501736,Overnight,3D88DFA7,In Transit,2025-06-19
1738,O501737,Express,09650BBA,Delivered,2025-06-30
1739,O501738,Express,29150462,Delivered,2025-07-09
1740,O501739,Express,E88C7CAF,Delivered,2025-07-04
1741,O501740,Overnight,9B312579,Pending,2025-06-14
1742,O501741,Two-Day,E8B8183B,Cancelled,2025-07-07
1743,O501742,Overnight,59ED78B1,In Transit,2025-07-08
1744,O501743,Overnight,8ACC32FB,Delivered,2025-06-27
1745,O501744,Overnight,A4223D53,Cancelled,2025-06-14
1746,O501745,Two-Day,28BB8B6D,Shipped,2025-06-15
1747,O501746,Overnight,530AF371,Shipped,2025-07-09
1748,O501747,Overnight,0EA2E274,Shipped,2025-06-12
1749,O501748,Two-Day,3174CDDA,Pending,2025-07-02
1750,O501749,Express,DF82A5EC,Cancelled,2025-06-20
1751,O501750,Express,4EB0D8C9,Pending,2025-06-23
1752,O501751,Standard,25AF857B,Pending,2025-06-13
1753,O501752,Overnight,9ACE3F92,Delivered,2025-07-08
1754,O501753,Overnight,FC307DBE,Delivered,2025-06-11
1755,O501754,Two-Day,AF5CE3AF,Shipped,2025-06-26
1756,O501755,Two-Day,418B874F,Delivered,2025-06-30
1757,O501756,Standard,7FB3FEF7,Shipped,2025-06-19
1758,O501757,Standard,C26FD5C1,Delivered,2025-06-27
1759,O501758,Overnight,928B8642,Delivered,2025-06-16
1760,O501759,Standard,B4159B31,In Transit,2025-06-17
1761,O501760,Two-Day,218E1476,Pending,2025-06-19
1762,O501761,Standard,5A9C64F6,Pending,2025-07-03
1763,O501762,Express,B78C1B9E,Delivered,2025-06-27
1764,O501763,Two-Day,4FCA068A,Pending,2025-06-25
1765,O501764,Express,537E3F4D,In Transit,2025-06-13
1766,O501765,Express,373DD577,Cancelled,2025-06-21
1767,O501766,Standard,441D8CF0,Cancelled,2025-06-28
1768,O501767,Overnight,DBCC5C3F,Delivered,2025-07-08
1769,O501768,Express,9C9AAA4A,Delivered,2025-07-02
1770,O501769,Express,61AC404C,In Transit,2025-07-01
1771,O501770,Two-Day,352BE46D,Shipped,2025-07-07
1772,O501771,Two-Day,A27EA20A,Delivered,2025-06-09
1773,O501772,Overnight,48815D47,Pending,2025-07-01
1774,O501773,Standard,A3037CCD,Delivered,2025-07-09
1775,O501774,Standard,1F3C1391,Cancelled,2025-07-09
1776,O501775,Standard,C33C38A8,Shipped,2025-06-18
1777,O501776,Two-Day,E98C13C1,Pending,2025-06-14
1778,O501777,Two-Day,EFC8966F,Pending,2025-07-03
1779,O501778,Standard,DC2C5BC0,Pending,2025-06-17
1780,O501779,Standard,7.62E+81,Cancelled,2025-06-20
1781,O501780,Express,AF63E9DD,Delivered,2025-06-16
1782,O501781,Overnight,005FE445,Pending,2025-06-21
1783,O501782,Express,18DDCB92,In Transit,2025-06-13
1784,O501783,Express,56A66C46,Shipped,2025-06-22
1785,O501784,Express,D052067C,Cancelled,2025-06-10
1786,O501785,Standard,58E580B9,In Transit,2025-06-18
1787,O501786,Two-Day,305FB601,Cancelled,2025-06-24
1788,O501787,Standard,057BB657,Pending,2025-06-30
1789,O501788,Two-Day,13FC4457,Delivered,2025-06-16
1790,O501789,Express,6B940F0C,Shipped,2025-06-30
1791,O501790,Overnight,1F02645F,Pending,2025-06-13
1792,O501791,Express,D6054A84,Shipped,2025-06-22
1793,O501792,Express,34481CBC,Pending,2025-06-26
1794,O501793,Standard,2F96E974,In Transit,2025-06-29
1795,O501794,Express,9038DFC9,Delivered,2025-06-14
1796,O501795,Two-Day,16BC7467,Shipped,2025-06-27
1797,O501796,Express,F204A58F,Shipped,2025-07-07
1798,O501797,Two-Day,D494E01E,Shipped,2025-06-26
1799,O501798,Overnight,52F6D32A,Shipped,2025-06-22
1800,O501799,Two-Day,21CE8A51,Pending,2025-06-26
1801,O501800,Express,BC9F348B,In Transit,2025-06-22
1802,O501801,Standard,BAE4C51A,Pending,2025-06-24
1803,O501802,Overnight,C2F4DAE1,Shipped,2025-06-10
1804,O501803,Standard,2DE22884,Delivered,2025-06-22
1805,O501804,Standard,E2D71EEF,Shipped,2025-07-04
1806,O501805,Express,44E53262,Cancelled,2025-06-20
1807,O501806,Standard,24DE7FE3,Shipped,2025-06-27
1808,O501807,Standard,DE9211EA,Pending,2025-06-30
1809,O501808,Two-Day,268A512C,Delivered,2025-06-27
1810,O501809,Overnight,DBCA5217,Shipped,2025-06-14
1811,O501810,Standard,46045EAF,In Transit,2025-06-10
1812,O501811,Overnight,384D0E37,Shipped,2025-06-17
1813,O501812,Two-Day,1A7B4E42,In Transit,2025-06-30
1814,O501813,Overnight,29C3FBC6,In Transit,2025-06-27
1815,O501814,Express,063C8DD4,Delivered,2025-06-12
1816,O501815,Standard,9DCDC106,Shipped,2025-06-23
1817,O501816,Standard,EB9FEDD1,Shipped,2025-07-08
1818,O501817,Two-Day,A7FA758E,Cancelled,2025-07-03
1819,O501818,Express,7A516E99,Shipped,2025-06-28
1820,O501819,Express,7BD425E8,Pending,2025-06-23
1821,O501820,Two-Day,B7807C30,Shipped,2025-06-30
1822,O501821,Overnight,E6E654C6,Pending,2025-07-06
1823,O501822,Standard,753C33DF,In Transit,2025-06-11
1824,O501823,Two-Day,B8E23F53,Cancelled,2025-06-24
1825,O501824,Express,6F8CFE8F,Shipped,2025-07-03
1826,O501825,Overnight,31D50EB7,Pending,2025-06-18
1827,O501826,Two-Day,594A2E75,In Transit,2025-07-07
1828,O501827,Overnight,77C751F6,Pending,2025-06-28
1829,O501828,Two-Day,A88FF776,Pending,2025-06-29
1830,O501829,Standard,68AFED9B,Cancelled,2025-06-29
1831,O501830,Standard,A8960B36,Pending,2025-07-01
1832,O501831,Standard,7538A2C0,Delivered,2025-07-01
1833,O501832,Express,BED6C97F,In Transit,2025-07-07
1834,O501833,Standard,E6843041,In Transit,2025-06-16
1835,O501834,Standard,3C0396BA,Shipped,2025-06-14
1836,O501835,Overnight,4.87E+223,Shipped,2025-06-17
1837,O501836,Standard,B5038200,Pending,2025-07-01
1838,O501837,Express,5DB8F443,Delivered,2025-06-16
1839,O501838,Express,E6E0253F,Shipped,2025-07-07
1840,O501839,Express,3E642D1B,Pending,2025-06-18
1841,O501840,Standard,3CA2A7B3,Cancelled,2025-06-23
1842,O501841,Overnight,9C3F988A,Shipped,2025-06-12
1843,O501842,Overnight,AD4CFAC2,Shipped,2025-06-17
1844,O501843,Two-Day,AC7861E9,Pending,2025-07-02
1845,O501844,Express,29EC8FBF,Shipped,2025-07-04
1846,O501845,Standard,6C841AC8,Cancelled,2025-07-03
1847,O501846,Express,AFB4CCEB,Shipped,2025-06-16
1848,O501847,Overnight,03F8C9CB,Cancelled,2025-06-10
1849,O501848,Two-Day,F3015401,Cancelled,2025-06-14
1850,O501849,Two-Day,094D91C2,Shipped,2025-06-16
1851,O501850,Standard,0A1C57F4,Delivered,2025-06-30
1852,O501851,Express,1BFB98E2,Pending,2025-07-08
1853,O501852,Standard,81C37B98,Cancelled,2025-06-18
1854,O501853,Standard,09D11792,In Transit,2025-06-15
1855,O501854,Standard,0AA2BF2D,Cancelled,2025-06-11
1856,O501855,Overnight,DE600578,In Transit,2025-06-22
1857,O501856,Overnight,2D688F1E,Shipped,2025-07-04
1858,O501857,Standard,002388BA,In Transit,2025-07-09
1859,O501858,Standard,D02ED063,Pending,2025-06-26
1860,O501859,Express,93D71803,Shipped,2025-06-23
1861,O501860,Two-Day,BFDBBD14,Shipped,2025-06-10
1862,O501861,Standard,84C5070B,In Transit,2025-06-14
1863,O501862,Overnight,32462104,Pending,2025-07-09
1864,O501863,Express,2F2B6B68,Cancelled,2025-07-06
1865,O501864,Overnight,0032D699,Delivered,2025-06-26
1866,O501865,Express,FFA99033,Cancelled,2025-06-15
1867,O501866,Standard,1C7A7B23,Shipped,2025-06-10
1868,O501867,Two-Day,087F95D2,In Transit,2025-07-02
1869,O501868,Standard,917D5890,Cancelled,2025-06-19
1870,O501869,Express,EF779288,Delivered,2025-06-19
1871,O501870,Express,3E57E2AE,Delivered,2025-06-10
1872,O501871,Two-Day,B089C9AA,Cancelled,2025-06-18
1873,O501872,Standard,6C0E1FE5,Shipped,2025-06-10
1874,O501873,Overnight,46CCADDC,Delivered,2025-06-09
1875,O501874,Two-Day,40B64B39,Pending,2025-06-15
1876,O501875,Standard,6F171BBB,Shipped,2025-06-27
1877,O501876,Standard,E3F5469B,Delivered,2025-06-16
1878,O501877,Two-Day,1AD4836F,Pending,2025-06-17
1879,O501878,Overnight,F0DFE5E0,Cancelled,2025-06-25
1880,O501879,Express,5F1D6CD5,Pending,2025-07-06
1881,O501880,Standard,8BE4B33B,In Transit,2025-06-17
1882,O501881,Express,50B4A54D,In Transit,2025-07-05
1883,O501882,Two-Day,D8254E2B,Pending,2025-06-17
1884,O501883,Standard,A92B6D4C,Shipped,2025-06-26
1885,O501884,Express,4.66E+06,Shipped,2025-06-10
1886,O501885,Express,AFC760A9,In Transit,2025-07-08
1887,O501886,Express,6C34259A,In Transit,2025-06-23
1888,O501887,Overnight,BC307B9D,Pending,2025-06-25
1889,O501888,Two-Day,A49609D3,Delivered,2025-06-15
1890,O501889,Overnight,0B06CA16,Cancelled,2025-06-10
1891,O501890,Two-Day,73DBE3AC,In Transit,2025-06-21
1892,O501891,Standard,A2201B9B,Cancelled,2025-06-26
1893,O501892,Standard,373647AF,Delivered,2025-07-03
1894,O501893,Overnight,760A809A,Pending,2025-06-14
1895,O501894,Standard,89351ED6,Pending,2025-06-11
1896,O501895,Overnight,0712FA4E,In Transit,2025-07-06
1897,O501896,Two-Day,4E3D097B,Cancelled,2025-07-03
1898,O501897,Express,59297CEB,Delivered,2025-06-21
1899,O501898,Standard,CC242B8A,In Transit,2025-07-01
1900,O501899,Standard,F04AC2EA,Shipped,2025-07-06
1901,O501900,Standard,4E2CABFB,Delivered,2025-06-23
1902,O501901,Express,9850FAED,In Transit,2025-06-19
1903,O501902,Express,55BC5179,Cancelled,2025-06-24
1904,O501903,Standard,67DA6348,Cancelled,2025-06-19
1905,O501904,Express,35859A20,In Transit,2025-07-09
1906,O501905,Express,1EDEA742,Pending,2025-06-18
1907,O501906,Standard,F4BB1A6A,Cancelled,2025-06-16
1908,O501907,Two-Day,B8B30459,In Transit,2025-07-04
1909,O501908,Overnight,75A03DFE,Delivered,2025-07-04
1910,O501909,Two-Day,1960B590,Shipped,2025-06-09
1911,O501910,Overnight,1C155DD8,Shipped,2025-07-07
1912,O501911,Two-Day,F1001897,Shipped,2025-06-25
1913,O501912,Express,9BF1545F,In Transit,2025-06-25
1914,O501913,Overnight,5BFEB3F3,Shipped,2025-06-14
1915,O501914,Two-Day,35698CED,Delivered,2025-06-19
1916,O501915,Standard,0827F046,Cancelled,2025-07-02
1917,O501916,Two-Day,0B654974,Pending,2025-06-13
1918,O501917,Overnight,E9BFB92A,In Transit,2025-07-05
1919,O501918,Two-Day,7685E5E8,Delivered,2025-06-09
1920,O501919,Standard,8BE7C671,Shipped,2025-06-17
1921,O501920,Standard,1D1E4728,Pending,2025-06-09
1922,O501921,Overnight,F0EFC123,Cancelled,2025-07-05
1923,O501922,Express,72CED74D,Delivered,2025-06-30
1924,O501923,Overnight,D533B521,Pending,2025-06-16
1925,O501924,Two-Day,689E395F,In Transit,2025-06-28
1926,O501925,Standard,C707672F,In Transit,2025-06-11
1927,O501926,Two-Day,548E55B7,Pending,2025-06-28
1928,O501927,Two-Day,ED0B5514,Delivered,2025-06-12
1929,O501928,Express,A3469416,Delivered,2025-06-16
1930,O501929,Express,ABF51EE4,Delivered,2025-06-23
1931,O501930,Express,829A49BF,Cancelled,2025-06-17
1932,O501931,Express,A447AE8C,In Transit,2025-07-04
1933,O501932,Express,CB8282C1,Cancelled,2025-06-09
1934,O501933,Overnight,DEA0392A,Shipped,2025-06-22
1935,O501934,Overnight,52BEDA37,In Transit,2025-06-24
1936,O501935,Two-Day,C5E58BFD,Pending,2025-07-03
1937,O501936,Standard,AEC82E81,Cancelled,2025-06-11
1938,O501937,Two-Day,27EAE385,Delivered,2025-06-18
1939,O501938,Express,7D7203B2,Shipped,2025-06-24
1940,O501939,Express,8EF4A065,Shipped,2025-06-26
1941,O501940,Two-Day,E776891C,Pending,2025-06-17
1942,O501941,Standard,D0C52067,Cancelled,2025-06-18
1943,O501942,Two-Day,5F6E4D24,Delivered,2025-06-23
1944,O501943,Express,6B30615C,Shipped,2025-07-02
1945,O501944,Express,A459396E,Delivered,2025-07-06
1946,O501945,Overnight,3E423D2F,Pending,2025-06-30
1947,O501946,Two-Day,5F7C80DD,Cancelled,2025-06-19
1948,O501947,Two-Day,1399F223,Delivered,2025-07-02
1949,O501948,Two-Day,9062A706,Shipped,2025-06-18
1950,O501949,Overnight,8BE560AB,In Transit,2025-06-29
1951,O501950,Express,788F1F00,Cancelled,2025-06-24
1952,O501951,Standard,BE8BEB3E,Pending,2025-06-21
1953,O501952,Overnight,A4C7BE8E,Delivered,2025-07-06
1954,O501953,Two-Day,16E3D5F8,Pending,2025-07-09
1955,O501954,Two-Day,4864788B,Delivered,2025-07-03
1956,O501955,Overnight,7FE62895,Cancelled,2025-06-18
1957,O501956,Express,63A7E961,In Transit,2025-06-28
1958,O501957,Two-Day,E759F17B,Delivered,2025-06-17
1959,O501958,Overnight,45186C2D,Shipped,2025-07-04
1960,O501959,Standard,A5FF45D8,Shipped,2025-07-08
1961,O501960,Express,A1FE08D0,In Transit,2025-07-04
1962,O501961,Overnight,AC925B23,Pending,2025-06-26
1963,O501962,Two-Day,866644D9,In Transit,2025-06-15
1964,O501963,Two-Day,914E66AB,In Transit,2025-07-06
1965,O501964,Standard,C13F661F,Delivered,2025-06-29
1966,O501965,Two-Day,5380E3D7,Shipped,2025-06-20
1967,O501966,Express,52737D8D,Delivered,2025-06-20
1968,O501967,Express,B5F0AFE2,Pending,2025-06-28
1969,O501968,Overnight,609C49F3,Delivered,2025-07-09
1970,O501969,Two-Day,2690F5AC,Cancelled,2025-06-16
1971,O501970,Express,2EC18E26,Shipped,2025-07-03
1972,O501971,Two-Day,BB160EF8,Delivered,2025-06-14
1973,O501972,Two-Day,5C2067CF,Cancelled,2025-07-04
1974,O501973,Two-Day,77C3F4BD,Shipped,2025-07-03
1975,O501974,Overnight,60311C8A,Shipped,2025-06-17
1976,O501975,Express,AA9704A6,Delivered,2025-06-23
1977,O501976,Express,7EDB4A6E,Delivered,2025-06-28
1978,O501977,Standard,455528DD,In Transit,2025-06-11
1979,O501978,Standard,1CF4AEF8,Pending,2025-07-03
1980,O501979,Standard,35F1ECAA,Shipped,2025-06-30
1981,O501980,Express,00DB4E54,Pending,2025-07-01
1982,O501981,Two-Day,45311B03,Pending,2025-06-14
1983,O501982,Express,19910F91,Cancelled,2025-06-20
1984,O501983,Overnight,8892824,Shipped,2025-06-15
1985,O501984,Overnight,85704AB1,Cancelled,2025-06-25
1986,O501985,Standard,5EFC332E,Delivered,2025-06-12
1987,O501986,Two-Day,FD7A4032,Shipped,2025-06-18
1988,O501987,Overnight,4EAA1AAB,In Transit,2025-06-22
1989,O501988,Two-Day,8D4B53B1,Delivered,2025-07-05
1990,O501989,Standard,BD4B9C89,Cancelled,2025-06-21
1991,O501990,Express,49BAEB71,In Transit,2025-07-07
1992,O501991,Standard,C0E5CD0E,Pending,2025-07-08
1993,O501992,Express,F113AF5A,Pending,2025-06-20
1994,O501993,Two-Day,50006B08,Shipped,2025-06-15
1995,O501994,Two-Day,B3D5F8ED,In Transit,2025-07-09
1996,O501995,Two-Day,4D6E2DFD,Cancelled,2025-06-21
1997,O501996,Express,89A8F53E,Cancelled,2025-06-19
1998,O501997,Overnight,9C8ABF9F,Delivered,2025-07-01
1999,O501998,Standard,6E245F51,Pending,2025-06-30
2000,O501999,Overnight,3D7A4788,Delivered,2025-06-15
